АБСОЛЮТИЗИРОВАТЬ	106710-V	ОПРЕДЕЛИТЬ, ВЫЯСНИТЬ
АБСОЛЮТИЗИРОВАТЬ	115033-V	ОЦЕНИТЬ, ДАТЬ ОЦЕНКУ
АБСОЛЮТИЗИРОВАТЬ	106884-V	СЧИТАТЬ, ПРИЗНАВАТЬ КЕМ-ЛИБО
АБСОЛЮТИЗИРОВАТЬ	149806-V	УТВЕРЖДАТЬ, ДЕЛАТЬ УТВЕРЖДЕНИЕ
АБСОЛЮТИЗИРОВАТЬ	111944-V	НАЗНАЧИТЬ, УСТАНОВИТЬ, ОПРЕДЕЛИТЬ
АБСОЛЮТИЗИРОВАТЬ	118698-V	ДЕЙСТВИЕ, ЦЕЛЕНАПРАВЛЕННОЕ ДЕЙСТВИЕ
АБСОЛЮТИЗИРОВАТЬ	111588-V	РАЗЛИЧИТЬ, УСТАНОВИТЬ РАЗЛИЧИЕ
АБСОЛЮТИЗИРОВАТЬ	106877-V	ВЫСКАЗАТЬ МНЕНИЕ
АБСОЛЮТИЗИРОВАТЬ	107410-V	ДЕЛИТЬ, РАЗДЕЛЯТЬ НА ЧАСТИ
АБСОЛЮТИЗИРОВАТЬ	106876-V	ВЫСКАЗАТЬ
АКТИВИРОВАТЬ	107417-V	ОТДЕЛИТЬ ЧАСТЬ ОТ ЦЕЛОГО
АКТИВИРОВАТЬ	111842-V	ВЫКЛЮЧИТЬ (ПРЕКРАТИТЬ)
АКТИВИРОВАТЬ	121460-V	ОТКРЫТЬ ДОСТУП
АКТИВИРОВАТЬ	106473-V	ОБУСЛАВЛИВАТЬ, СПОСОБСТВОВАТЬ
АКТИВИРОВАТЬ	106704-V	МЕШАТЬ, СОЗДАВАТЬ ПРЕПЯТСТВИЕ
АКТИВИРОВАТЬ	120503-V	СТОПОРИТЬ (ОСТАНОВИТЬ ДВИЖЕНИЕ)
АКТИВИРОВАТЬ	115394-V	ЗАКРЕПИТЬ (ПРИДЕЛАТЬ)
АКТИВИРОВАТЬ	106531-V	ПРЕКРАТИТЬ, ПОЛОЖИТЬ КОНЕЦ
АКТИВИРОВАТЬ	153231-V	СНЯТИЕ ЗАПРЕТА
АКТИВИРОВАТЬ	111667-V	ПРИСОЕДИНИТЬСЯ
АМЕРИКАНИЗИРОВАТЬ	106501-V	ЗАНЯТИЕ, ДЕЯТЕЛЬНОСТЬ
АМЕРИКАНИЗИРОВАТЬ	106631-V	ИЗМЕНИТЬ, СДЕЛАТЬ ИНЫМ
АМЕРИКАНИЗИРОВАТЬ	7237-V	УПРАВЛЕНЧЕСКАЯ ДЕЯТЕЛЬНОСТЬ
АМЕРИКАНИЗИРОВАТЬ	106629-V	ИЗМЕНИТЬСЯ, ИЗМЕНЕНИЕ
АМЕРИКАНИЗИРОВАТЬ	7936-V	РЕФОРМА
АМЕРИКАНИЗИРОВАТЬ	106785-V	ПРЕОБРАЗОВАТЬ, ПЕРЕДЕЛАТЬ
АМЕРИКАНИЗИРОВАТЬ	106607-V	УПРАВЛЯТЬ, РУКОВОДИТЬ
АМЕРИКАНИЗИРОВАТЬ	116726-V	ВЫНУДИТЬ (ЗАСТАВИТЬ, ПРИНУДИТЬ)
АМЕРИКАНИЗИРОВАТЬ	116390-V	ИСКАЗИТЬ, ПРЕДСТАВИТЬ В ЛОЖНОМ СВЕТЕ
АМЕРИКАНИЗИРОВАТЬ	119125-V	РАСПРОСТРАНИТЬСЯ, ПОЛУЧИТЬ РАСПРОСТРАНЕНИЕ
АНОДИРОВАТЬ	146751-V	ОБРАБОТКА ПОВЕРХНОСТИ
АНОДИРОВАТЬ	107325-V	ПОКРЫТЬ ПОВЕРХНОСТЬ
АНОДИРОВАТЬ	107326-V	КЛАСТЬ НА ПОВЕРХНОСТЬ
АНОДИРОВАТЬ	106534-V	ОБРАБАТЫВАТЬ, ПОДВЕРГАТЬ ОБРАБОТКЕ
АНОДИРОВАТЬ	106631-V	ИЗМЕНИТЬ, СДЕЛАТЬ ИНЫМ
АНОДИРОВАТЬ	111881-V	НАНЕСЕНИЕ НА ПОВЕРХНОСТЬ
АНОДИРОВАТЬ	106501-V	ЗАНЯТИЕ, ДЕЯТЕЛЬНОСТЬ
АНОДИРОВАТЬ	111191-V	ВСТАВИТЬ ВНУТРЬ
АНОДИРОВАТЬ	106495-V	ИЗГОТОВИТЬ, ВЫРАБОТАТЬ
АНОДИРОВАТЬ	106950-V	ПРЕВРАТИТЬ (ПРИДАТЬ ИНОЙ ВИД, КАЧЕСТВО)
БИНТОВАТЬ	111427-V	НАЛОЖИТЬ СВЕРХУ
БИНТОВАТЬ	107325-V	ПОКРЫТЬ ПОВЕРХНОСТЬ
БИНТОВАТЬ	107326-V	КЛАСТЬ НА ПОВЕРХНОСТЬ
БИНТОВАТЬ	106557-V	СОЕДИНИТЬ В ОДНО ЦЕЛОЕ
БИНТОВАТЬ	116334-V	ОБВЯЗАТЬ (ОБМОТАТЬ И ЗАВЯЗАТЬ)
БИНТОВАТЬ	111467-V	ВЯЗАНИЕ (РУКОДЕЛИЕ)
БИНТОВАТЬ	120969-V	ПЕРЕДЕЛАТЬ, СДЕЛАТЬ ЗАНОВО
БИНТОВАТЬ	113291-V	СШИВАТЬ
БИНТОВАТЬ	116230-V	ПРОЙТИ (ПРЕКРАТИТЬСЯ О ВРЕМЕНИ, ДЛЯЩЕМСЯ)
БИНТОВАТЬ	111568-V	ЗАДЕЛАТЬ ОТВЕРСТИЕ
БОДРИТЬСЯ	118574-V	ВНУШИТЬ МЫСЛЬ, ЧУВСТВО
БОДРИТЬСЯ	116921-V	ПЕРЕЖИТЬ, ИСПЫТАТЬ
БОДРИТЬСЯ	120955-V	ИЗМЕНЕНИЕ СОСТОЯНИЯ
БОДРИТЬСЯ	115900-V	ПРИТВОРИТЬСЯ, ПРИКИНУТЬСЯ
БОДРИТЬСЯ	106565-V	САМОЧУВСТВИЕ
БОДРИТЬСЯ	113119-V	ОБМАНУТЬ, ВВЕСТИ В ЗАБЛУЖДЕНИЕ
БОДРИТЬСЯ	111614-V	БОЛЕТЬ, БЫТЬ БОЛЬНЫМ
БОДРИТЬСЯ	149898-V	ВЫЗВАТЬ МЫСЛЬ, ЧУВСТВО
БОДРИТЬСЯ	114652-V	РАЗВЛЕЧЬ (ДОСТАВИТЬ УДОВОЛЬСТВИЕ)
БОДРИТЬСЯ	107253-V	ВООДУШЕВЛЕНИЕ, ПОДЪЕМ ДУХА
БУРЕТЬ	106629-V	ИЗМЕНИТЬСЯ, ИЗМЕНЕНИЕ
БУРЕТЬ	110416-V	ИЗМЕНЯТЬСЯ В ЦВЕТЕ
БУРЕТЬ	111001-V	ВИДНЕТЬСЯ
БУРЕТЬ	106646-V	ОТНОШЕНИЕ МЕЖДУ СУЩНОСТЯМИ
БУРЕТЬ	113780-V	ПОКРЫТЬСЯ НА ПОВЕРХНОСТИ
БУРЕТЬ	106633-V	УХУДШЕНИЕ
БУРЕТЬ	130453-V	ГИБЕЛЬ (ПРЕКРАЩЕНИЕ СУЩЕСТВОВАНИЯ)
БУРЕТЬ	107447-V	ПАДАТЬ (ДВИГАТЬСЯ ВНИЗ)
БУРЕТЬ	112155-V	ИСЧЕЗНУТЬ (ПЕРЕСТАТЬ СУЩЕСТВОВАТЬ)
БУРЕТЬ	111979-V	ПОРТИТЬСЯ (УХУДШАТЬСЯ)
ВБУХИВАТЬ	106715-V	ИСТРАТИТЬ, ИЗРАСХОДОВАТЬ
ВБУХИВАТЬ	106501-V	ЗАНЯТИЕ, ДЕЯТЕЛЬНОСТЬ
ВБУХИВАТЬ	106811-V	ОТДАТЬ, ДАТЬ, ПРЕДОСТАВИТЬ
ВБУХИВАТЬ	106497-V	ИСПОЛЬЗОВАТЬ, УПОТРЕБЛЯТЬ
ВБУХИВАТЬ	118698-V	ДЕЙСТВИЕ, ЦЕЛЕНАПРАВЛЕННОЕ ДЕЙСТВИЕ
ВБУХИВАТЬ	116654-V	ВСЫПАТЬ ВНУТРЬ
ВБУХИВАТЬ	110720-V	НАЛИТЬ, ВЛИТЬ ВНУТРЬ
ВБУХИВАТЬ	150883-V	ВЛОЖЕНИЕ ФИНАНСОВЫХ СРЕДСТВ
ВБУХИВАТЬ	112026-V	ВОЗМЕСТИТЬ
ВБУХИВАТЬ	110751-V	НАПОЛНИТЬ
ВЕРЕЩАТЬ	107093-V	ИЗДАТЬ ЗВУК
ВЕРЕЩАТЬ	107094-V	ПРОИЗНЕСТИ, ВЫГОВОРИТЬ, ПРОГОВОРИТЬ
ВЕРЕЩАТЬ	114103-V	ИЗДАВАТЬ, ИСПУСКАТЬ
ВЕРЕЩАТЬ	107104-V	КРИЧАТЬ, ИЗДАВАТЬ КРИК
ВЕРЕЩАТЬ	107196-V	ПЛАКАТЬ, ПРОЛИВАТЬ СЛЕЗЫ
ВЕРЕЩАТЬ	106876-V	ВЫСКАЗАТЬ
ВЕРЕЩАТЬ	107252-V	ВЫТЬ
ВЕРЕЩАТЬ	107366-V	ВИЗЖАТЬ
ВЕРЕЩАТЬ	118140-V	БОЛТАТЬ, ЧЕСАТЬ ЯЗЫКОМ
ВЕРЕЩАТЬ	110719-V	ЛИТЬ ЖИДКОСТЬ
ВЗЪЕРОШИТЬ	111865-V	ПРОВЕСТИ ПО ПОВЕРХНОСТИ
ВЗЪЕРОШИТЬ	106501-V	ЗАНЯТИЕ, ДЕЯТЕЛЬНОСТЬ
ВЗЪЕРОШИТЬ	111963-V	КАСАТЬСЯ, ДОТРАГИВАТЬСЯ
ВЗЪЕРОШИТЬ	7064-V	ПРЕДОСТАВЛЕНИЕ УСЛУГ
ВЗЪЕРОШИТЬ	106558-V	ПРИДАВАТЬ ФОРМУ, ФОРМИРОВАТЬ
ВЗЪЕРОШИТЬ	106938-V	ПЕРЕМЕСТИТЬ
ВЗЪЕРОШИТЬ	111466-V	ПЛЕСТИ ИЗ ПОЛОС, НИТЕЙ
ВЗЪЕРОШИТЬ	118191-V	РАЗРОВНЯТЬ
ВЗЪЕРОШИТЬ	111370-V	ПОВРЕДИТЬ
ВЗЪЕРОШИТЬ	107692-V	ДАТЬ ВОЗМОЖНОСТЬ, ПОЗВОЛИТЬ
ВКРУТИТЬ	110790-V	ПРИКРЕПИТЬ, ПРИДЕЛАТЬ
ВКРУТИТЬ	110910-V	ВЫНУТЬ
ВКРУТИТЬ	111668-V	ПРИСОЕДИНИТЬ
ВКРУТИТЬ	111853-V	ПРОДЕЛАТЬ ОТВЕРСТИЕ
ВКРУТИТЬ	137195-V	ОТКРУТИТЬ (КРУТЯ, ОТДЕЛИТЬ)
ВКРУТИТЬ	107417-V	ОТДЕЛИТЬ ЧАСТЬ ОТ ЦЕЛОГО
ВКРУТИТЬ	115727-V	КРУТИТЬ (ВЕРТЕТЬ КРУГООБРАЗНО)
ВКРУТИТЬ	112074-V	РАЗОБРАТЬ НА ЧАСТИ
ВКРУТИТЬ	106493-V	СОЗДАТЬ (СДЕЛАТЬ СУЩЕСТВУЮЩИМ)
ВКРУТИТЬ	110908-V	УДАЛИТЬ НАРУЖУ
ВПАЯТЬ	106646-V	ОТНОШЕНИЕ МЕЖДУ СУЩНОСТЯМИ
ВПАЯТЬ	149104-V	НАЛОЖИТЬ ВЗЫСКАНИЕ
ВПАЯТЬ	116488-V	ВЗЫСКАНИЕ ДЕНЕЖНЫХ СРЕДСТВ
ВПАЯТЬ	106494-V	ВЫПОЛНИТЬ, ИСПОЛНИТЬ, ОСУЩЕСТВИТЬ
ВПАЯТЬ	128395-V	ЗАВИСИМОСТЬ (ОТНОШЕНИЕ)
ВПАЯТЬ	111944-V	НАЗНАЧИТЬ, УСТАНОВИТЬ, ОПРЕДЕЛИТЬ
ВПАЯТЬ	112935-V	НАКАЗАТЬ (ВОЗДЕЙСТВОВАТЬ)
ВПАЯТЬ	106817-V	ПРИНУДИТЬ, ЗАСТАВИТЬ
ВПАЯТЬ	116821-V	ОБЛОЖИТЬ, ОБЯЗАТЬ К ОПЛАТЕ
ВПАЯТЬ	115982-V	ОТБЫТЬ (ПРОБЫТЬ СРОК ДЛЯ ИСПОЛНЕНИЯ)
ВПРАВИТЬ	106472-V	ПОМОЩЬ, ПОДДЕРЖКА
ВПРАВИТЬ	106529-V	ОБСЛУЖИТЬ (УДОВЛЕТВОРИТЬ НУЖДЫ)
ВПРАВИТЬ	106557-V	СОЕДИНИТЬ В ОДНО ЦЕЛОЕ
ВПРАВИТЬ	114805-V	ВОТКНУТЬ (ЗАСТАВИТЬ ВОЙТИ)
ВПРАВИТЬ	111370-V	ПОВРЕДИТЬ
ВПРАВИТЬ	107123-V	СОВЕТОВАТЬ
ВПРАВИТЬ	145757-V	НАПРАВИТЬ ДЕЯТЕЛЬНОСТЬ
ВПРАВИТЬ	111954-V	ВОССТАНОВИТЬ ПРЕЖНЕЕ СОСТОЯНИЕ
ВПРАВИТЬ	115840-V	ОТКЛОНИТЬ, СМЕСТИТЬ В СТОРОНУ
ВПРАВИТЬ	112905-V	СОДЕЙСТВИЕ
ВРЫТЬ	111791-V	КОПАТЬ ЯМУ
ВРЫТЬ	106772-V	УГЛУБИТЬ, УВЕЛИЧИТЬ ГЛУБИНУ (РАССТОЯНИЕ)
ВРЫТЬ	112004-V	РАЗБРОСАТЬ, РАСШВЫРЯТЬ
ВРЫТЬ	106501-V	ЗАНЯТИЕ, ДЕЯТЕЛЬНОСТЬ
ВРЫТЬ	110916-V	ИЗВЛЕЧЬ, ДОСТАТЬ
ВРЫТЬ	107325-V	ПОКРЫТЬ ПОВЕРХНОСТЬ
ВРЫТЬ	107404-V	УДАРИТЬ, НАНЕСТИ УДАР
ВРЫТЬ	106698-V	ПОМЕСТИТЬ, НАЙТИ МЕСТО
ВРЫТЬ	132784-V	НАРЫТЬ (ИЗВЛЕЧЬ)
ВРЫТЬ	111983-V	ДОБАВИТЬ
ВСКРУЖИТЬ	118594-V	ПРИВЛЕЧЬ ИНТЕРЕС, ВНИМАНИЕ
ВСКРУЖИТЬ	116921-V	ПЕРЕЖИТЬ, ИСПЫТАТЬ
ВСКРУЖИТЬ	149898-V	ВЫЗВАТЬ МЫСЛЬ, ЧУВСТВО
ВСКРУЖИТЬ	123937-V	ПОКОРИТЬ СЕРДЦА
ВСКРУЖИТЬ	117103-V	УВЛЕЧЬСЯ (СИЛЬНО ЗАИНТЕРЕСОВАТЬСЯ)
ВСКРУЖИТЬ	120667-V	ОТДАТЬСЯ, ПОСВЯТИТЬ СЕБЯ
ВСКРУЖИТЬ	117104-V	ЗАИНТЕРЕСОВАТЬСЯ
ВСКРУЖИТЬ	119187-V	ГОРЕТЬ ЧУВСТВОМ
ВСКРУЖИТЬ	117722-V	ЛЮБИТЬ, ИСПЫТЫВАТЬ ЛЮБОВЬ
ВСКРУЖИТЬ	129264-V	ТЕРЯТЬ САМООБЛАДАНИЕ
ВСХЛИПЫВАТЬ	107196-V	ПЛАКАТЬ, ПРОЛИВАТЬ СЛЕЗЫ
ВСХЛИПЫВАТЬ	107093-V	ИЗДАТЬ ЗВУК
ВСХЛИПЫВАТЬ	110719-V	ЛИТЬ ЖИДКОСТЬ
ВСХЛИПЫВАТЬ	120904-V	ВЫСТУПИТЬ НАРУЖУ
ВСХЛИПЫВАТЬ	107094-V	ПРОИЗНЕСТИ, ВЫГОВОРИТЬ, ПРОГОВОРИТЬ
ВСХЛИПЫВАТЬ	107104-V	КРИЧАТЬ, ИЗДАВАТЬ КРИК
ВСХЛИПЫВАТЬ	106876-V	ВЫСКАЗАТЬ
ВСХЛИПЫВАТЬ	116102-V	НАДОЕСТЬ
ВСХЛИПЫВАТЬ	115752-V	ЖАЛОВАТЬСЯ (ВЫСКАЗЫВАТЬ НЕУДОВОЛЬСТВИЕ)
ВСХЛИПЫВАТЬ	114103-V	ИЗДАВАТЬ, ИСПУСКАТЬ
ВШИВАТЬ	106557-V	СОЕДИНИТЬ В ОДНО ЦЕЛОЕ
ВШИВАТЬ	106495-V	ИЗГОТОВИТЬ, ВЫРАБОТАТЬ
ВШИВАТЬ	107410-V	ДЕЛИТЬ, РАЗДЕЛЯТЬ НА ЧАСТИ
ВШИВАТЬ	106493-V	СОЗДАТЬ (СДЕЛАТЬ СУЩЕСТВУЮЩИМ)
ВШИВАТЬ	113291-V	СШИВАТЬ
ВШИВАТЬ	110790-V	ПРИКРЕПИТЬ, ПРИДЕЛАТЬ
ВШИВАТЬ	110795-V	ПРИШИТЬ (ПРИКРЕПИТЬ)
ВШИВАТЬ	116817-V	ПЕРЕШИТЬ
ВШИВАТЬ	106719-V	УДЛИНИТЬ, УВЕЛИЧИТЬ В ДЛИНУ
ВШИВАТЬ	111668-V	ПРИСОЕДИНИТЬ
ВЫКЛЕВАТЬ	115102-V	МУЧИТЬ
ВЫКЛЕВАТЬ	106934-V	ЕСТЬ, ПРИНИМАТЬ ПИЩУ
ВЫКЛЕВАТЬ	112339-V	ПРИДРАТЬСЯ
ВЫКЛЕВАТЬ	115593-V	ХВАТАТЬ, СХВАТИТЬ
ВЫКЛЕВАТЬ	107410-V	ДЕЛИТЬ, РАЗДЕЛЯТЬ НА ЧАСТИ
ВЫКЛЕВАТЬ	107404-V	УДАРИТЬ, НАНЕСТИ УДАР
ВЫКЛЕВАТЬ	124267-V	УКУСИТЬ, ПОКУСАТЬ
ВЫКЛЕВАТЬ	110479-V	ПРИЧИНИТЬ
ВЫКЛЕВАТЬ	106933-V	ГЛОТАТЬ ВНУТРЬ СЕБЯ
ВЫКЛЕВАТЬ	107416-V	РВАТЬ, РАЗОРВАТЬ НА ЧАСТИ
ВЫПЛАКАТЬ	110719-V	ЛИТЬ ЖИДКОСТЬ
ВЫПЛАКАТЬ	120904-V	ВЫСТУПИТЬ НАРУЖУ
ВЫПЛАКАТЬ	107196-V	ПЛАКАТЬ, ПРОЛИВАТЬ СЛЕЗЫ
ВЫПЛАКАТЬ	116921-V	ПЕРЕЖИТЬ, ИСПЫТАТЬ
ВЫПЛАКАТЬ	106938-V	ПЕРЕМЕСТИТЬ
ВЫПЛАКАТЬ	120905-V	ВЫЙТИ (ПОКАЗАТЬСЯ, ПОЯВИТЬСЯ)
ВЫПЛАКАТЬ	111329-V	ПОЯВИТЬСЯ, ПОКАЗАТЬСЯ
ВЫПЛАКАТЬ	106876-V	ВЫСКАЗАТЬ
ВЫПЛАКАТЬ	150230-V	ПРЕБЫВАТЬ В СОСТОЯНИИ
ВЫПЛАКАТЬ	148998-V	ПРОЯВЛЕНИЕ ЧУВСТВ
ВЫСПРАШИВАТЬ	106709-V	УЗНАТЬ, ПОЛУЧИТЬ СВЕДЕНИЯ
ВЫСПРАШИВАТЬ	106876-V	ВЫСКАЗАТЬ
ВЫСПРАШИВАТЬ	116303-V	ПОЛУЧИТЬ В РАСПОРЯЖЕНИЕ
ВЫСПРАШИВАТЬ	116816-V	ОБРАТИТЬСЯ СО СЛОВАМИ
ВЫСПРАШИВАТЬ	106542-V	СООБЩИТЬ, УВЕДОМИТЬ
ВЫСПРАШИВАТЬ	107256-V	СПРОСИТЬ, ЗАДАТЬ ВОПРОС
ВЫСПРАШИВАТЬ	150471-V	ЗАКИДАТЬ (ОБРАТИТЬСЯ)
ВЫСПРАШИВАТЬ	118698-V	ДЕЙСТВИЕ, ЦЕЛЕНАПРАВЛЕННОЕ ДЕЙСТВИЕ
ВЫСПРАШИВАТЬ	106887-V	РАССКАЗАТЬ
ВЫСПРАШИВАТЬ	106886-V	ИЗЛОЖИТЬ
ВЫТАПТЫВАТЬ	106501-V	ЗАНЯТИЕ, ДЕЯТЕЛЬНОСТЬ
ВЫТАПТЫВАТЬ	112737-V	ЗАНЯТЬ ВСЕ ПРОСТРАНСТВО
ВЫТАПТЫВАТЬ	151674-V	ОБРАБОТКА ПОЧВЫ
ВЫТАПТЫВАТЬ	106483-V	УНИЧТОЖИТЬ, ПРЕКРАТИТЬ СУЩЕСТВОВАНИЕ
ВЫТАПТЫВАТЬ	112813-V	ПОСАДКА РАСТЕНИЙ
ВЫТАПТЫВАТЬ	137227-V	ВЫРВАТЬ С КОРНЯМИ
ВЫТАПТЫВАТЬ	115776-V	ВЫРЫТЬ, ОТРЫТЬ
ВЫТАПТЫВАТЬ	106631-V	ИЗМЕНИТЬ, СДЕЛАТЬ ИНЫМ
ВЫТАПТЫВАТЬ	106698-V	ПОМЕСТИТЬ, НАЙТИ МЕСТО
ВЫТАПТЫВАТЬ	106497-V	ИСПОЛЬЗОВАТЬ, УПОТРЕБЛЯТЬ
ВЫЧЕРПЫВАТЬ	111596-V	ДВИГАТЬ (ПЕРЕМЕЩАТЬ)
ВЫЧЕРПЫВАТЬ	106587-V	ДВИЖЕНИЕ, ПЕРЕМЕЩЕНИЕ
ВЫЧЕРПЫВАТЬ	111767-V	ПОГРУЗИТЬСЯ В ЖИДКОСТЬ
ВЫЧЕРПЫВАТЬ	106938-V	ПЕРЕМЕСТИТЬ
ВЫЧЕРПЫВАТЬ	110908-V	УДАЛИТЬ НАРУЖУ
ВЫЧЕРПЫВАТЬ	110916-V	ИЗВЛЕЧЬ, ДОСТАТЬ
ВЫЧЕРПЫВАТЬ	110719-V	ЛИТЬ ЖИДКОСТЬ
ВЫЧЕРПЫВАТЬ	111766-V	ПОГРУЗИТЬ (ОПУСТИТЬ)
ВЫЧЕРПЫВАТЬ	111085-V	ОПУСТИТЬСЯ ВНИЗ
ВЫЧЕРПЫВАТЬ	111093-V	ПЛЫТЬ (ПЕРЕДВИГАТЬСЯ ПО ВОДЕ)
ВЯЛИТЬ	109109-V	ПРИГОТОВЛЕНИЕ ПИЩИ
ВЯЛИТЬ	111554-V	ЗАПАСТИ, ЗАГОТОВИТЬ
ВЯЛИТЬ	106534-V	ОБРАБАТЫВАТЬ, ПОДВЕРГАТЬ ОБРАБОТКЕ
ВЯЛИТЬ	106493-V	СОЗДАТЬ (СДЕЛАТЬ СУЩЕСТВУЮЩИМ)
ВЯЛИТЬ	116549-V	КОПИТЬ, НАКАПЛИВАТЬ
ВЯЛИТЬ	106626-V	БЕРЕЧЬ, СОДЕРЖАТЬ В ЦЕЛОСТИ
ВЯЛИТЬ	111436-V	ПРОПИТАТЬ (НАСЫТИТЬ)
ВЯЛИТЬ	5731-V	КОНСЕРВИРОВАНИЕ ПИЩЕВЫХ ПРОДУКТОВ
ВЯЛИТЬ	111658-V	ПОСЫПАТЬ (ПОКРЫТЬ СЫПУЧИМ)
ВЯЛИТЬ	111540-V	КЛАСТЬ ВНУТРЬ
ГАТИТЬ	106501-V	ЗАНЯТИЕ, ДЕЯТЕЛЬНОСТЬ
ГАТИТЬ	106772-V	УГЛУБИТЬ, УВЕЛИЧИТЬ ГЛУБИНУ (РАССТОЯНИЕ)
ГАТИТЬ	112004-V	РАЗБРОСАТЬ, РАСШВЫРЯТЬ
ГАТИТЬ	115182-V	РЫХЛЕНИЕ ПОЧВЫ
ГАТИТЬ	115184-V	ВСКОПАТЬ
ГАТИТЬ	106938-V	ПЕРЕМЕСТИТЬ
ГАТИТЬ	111791-V	КОПАТЬ ЯМУ
ГАТИТЬ	137227-V	ВЫРВАТЬ С КОРНЯМИ
ГАТИТЬ	115776-V	ВЫРЫТЬ, ОТРЫТЬ
ГАТИТЬ	107325-V	ПОКРЫТЬ ПОВЕРХНОСТЬ
ГИПЕРТРОФИРОВАТЬ	141697-V	ПРЕДСТАВИТЬ В ВИДЕ
ГИПЕРТРОФИРОВАТЬ	116390-V	ИСКАЗИТЬ, ПРЕДСТАВИТЬ В ЛОЖНОМ СВЕТЕ
ГИПЕРТРОФИРОВАТЬ	106629-V	ИЗМЕНИТЬСЯ, ИЗМЕНЕНИЕ
ГИПЕРТРОФИРОВАТЬ	106886-V	ИЗЛОЖИТЬ
ГИПЕРТРОФИРОВАТЬ	106710-V	ОПРЕДЕЛИТЬ, ВЫЯСНИТЬ
ГИПЕРТРОФИРОВАТЬ	117765-V	УКЛОНИТЬСЯ (ОТКАЗАТЬСЯ)
ГИПЕРТРОФИРОВАТЬ	114457-V	ОПИСАТЬ СЛОВАМИ
ГИПЕРТРОФИРОВАТЬ	107417-V	ОТДЕЛИТЬ ЧАСТЬ ОТ ЦЕЛОГО
ГИПЕРТРОФИРОВАТЬ	115880-V	ВЫДЕЛИТЬ, ОТЛИЧИТЬ ОТ ОСТАЛЬНЫХ
ГИПЕРТРОФИРОВАТЬ	106631-V	ИЗМЕНИТЬ, СДЕЛАТЬ ИНЫМ
ГРУБЕТЬ	106629-V	ИЗМЕНИТЬСЯ, ИЗМЕНЕНИЕ
ГРУБЕТЬ	111994-V	ДЕЛИТЬСЯ НА ЧАСТИ
ГРУБЕТЬ	106637-V	УМЕНЬШИТЬСЯ
ГРУБЕТЬ	116440-V	ТРЕСНУТЬ, ДАТЬ ТРЕЩИНУ
ГРУБЕТЬ	106633-V	УХУДШЕНИЕ
ГРУБЕТЬ	111109-V	ТВЕРДЕТЬ, ЗАТВЕРДЕТЬ
ГРУБЕТЬ	106639-V	УВЕЛИЧИТЬСЯ
ГРУБЕТЬ	119625-V	СЛАБЕТЬ, ТЕРЯТЬ СИЛУ
ГРУБЕТЬ	106665-V	НАРУШИТЬ СОСТОЯНИЕ, ХОД
ГРУБЕТЬ	110416-V	ИЗМЕНЯТЬСЯ В ЦВЕТЕ
ДИРЕКТОРСТВОВАТЬ	106501-V	ЗАНЯТИЕ, ДЕЯТЕЛЬНОСТЬ
ДИРЕКТОРСТВОВАТЬ	148420-V	ОТНОШЕНИЯ МЕЖДУ ЛЮДЬМИ
ДИРЕКТОРСТВОВАТЬ	106485-V	ПЕРЕСТАТЬ, ПРЕКРАТИТЬ (ЧТО-ТО ДЕЛАТЬ)
ДИРЕКТОРСТВОВАТЬ	840-V	ТРУД
ДИРЕКТОРСТВОВАТЬ	118698-V	ДЕЙСТВИЕ, ЦЕЛЕНАПРАВЛЕННОЕ ДЕЙСТВИЕ
ДИРЕКТОРСТВОВАТЬ	112145-V	КОНЧИТЬ, ЗАВЕРШИТЬ ДО КОНЦА
ДИРЕКТОРСТВОВАТЬ	106534-V	ОБРАБАТЫВАТЬ, ПОДВЕРГАТЬ ОБРАБОТКЕ
ДИРЕКТОРСТВОВАТЬ	1604-V	ОБУЧЕНИЕ, УЧЕБНАЯ ДЕЯТЕЛЬНОСТЬ
ДИРЕКТОРСТВОВАТЬ	144027-V	СОВМЕСТНАЯ ДЕЯТЕЛЬНОСТЬ
ДИРЕКТОРСТВОВАТЬ	106809-V	УПРЕКАТЬ, УКОРЯТЬ
ДОКИНУТЬ	111022-V	БРОСИТЬ (ПЕРЕМЕСТИТЬ)
ДОКИНУТЬ	106938-V	ПЕРЕМЕСТИТЬ
ДОКИНУТЬ	107404-V	УДАРИТЬ, НАНЕСТИ УДАР
ДОКИНУТЬ	147948-V	ПРИМЕНЕНИЕ ОРУЖИЯ
ДОКИНУТЬ	115751-V	ОШИБИТЬСЯ
ДОКИНУТЬ	106646-V	ОТНОШЕНИЕ МЕЖДУ СУЩНОСТЯМИ
ДОКИНУТЬ	110808-V	ПРИБИТЬ, ПРИКОЛОТИТЬ
ДОКИНУТЬ	106587-V	ДВИЖЕНИЕ, ПЕРЕМЕЩЕНИЕ
ДОКИНУТЬ	111963-V	КАСАТЬСЯ, ДОТРАГИВАТЬСЯ
ДОКИНУТЬ	107325-V	ПОКРЫТЬ ПОВЕРХНОСТЬ
ДОРАБОТАТЬСЯ	106629-V	ИЗМЕНИТЬСЯ, ИЗМЕНЕНИЕ
ДОРАБОТАТЬСЯ	106876-V	ВЫСКАЗАТЬ
ДОРАБОТАТЬСЯ	120955-V	ИЗМЕНЕНИЕ СОСТОЯНИЯ
ДОРАБОТАТЬСЯ	106494-V	ВЫПОЛНИТЬ, ИСПОЛНИТЬ, ОСУЩЕСТВИТЬ
ДОРАБОТАТЬСЯ	118698-V	ДЕЙСТВИЕ, ЦЕЛЕНАПРАВЛЕННОЕ ДЕЙСТВИЕ
ДОРАБОТАТЬСЯ	106542-V	СООБЩИТЬ, УВЕДОМИТЬ
ДОРАБОТАТЬСЯ	106485-V	ПЕРЕСТАТЬ, ПРЕКРАТИТЬ (ЧТО-ТО ДЕЛАТЬ)
ДОРАБОТАТЬСЯ	106646-V	ОТНОШЕНИЕ МЕЖДУ СУЩНОСТЯМИ
ДОРАБОТАТЬСЯ	106631-V	ИЗМЕНИТЬ, СДЕЛАТЬ ИНЫМ
ДОРАБОТАТЬСЯ	130940-V	ДОСТИЧЬ СТЕПЕНИ, УРОВНЯ
ДОТЕЧЬ	116921-V	ПЕРЕЖИТЬ, ИСПЫТАТЬ
ДОТЕЧЬ	117320-V	УТОМИТЬСЯ, УСТАТЬ
ДОТЕЧЬ	106501-V	ЗАНЯТИЕ, ДЕЯТЕЛЬНОСТЬ
ДОТЕЧЬ	116929-V	СТРАДАТЬ, ИСПЫТЫВАТЬ СТРАДАНИЯ
ДОТЕЧЬ	107470-V	ИДТИ НОГАМИ
ДОТЕЧЬ	115522-V	ДОБРАТЬСЯ ДО МЕСТА
ДОТЕЧЬ	115958-V	БРЕСТИ С ТРУДОМ
ДОТЕЧЬ	126274-V	ПРИЙТИ К МЕСТУ
ДОТЕЧЬ	106629-V	ИЗМЕНИТЬСЯ, ИЗМЕНЕНИЕ
ДОТЕЧЬ	107325-V	ПОКРЫТЬ ПОВЕРХНОСТЬ
ДРЯХЛЕТЬ	106629-V	ИЗМЕНИТЬСЯ, ИЗМЕНЕНИЕ
ДРЯХЛЕТЬ	119625-V	СЛАБЕТЬ, ТЕРЯТЬ СИЛУ
ДРЯХЛЕТЬ	155114-V	РАСПРОСТРАНЕНИЕ В ОБЩЕСТВЕ
ДРЯХЛЕТЬ	133542-V	ОХВАТИТЬ (ВКЛЮЧИТЬ, ВВЕСТИ В КРУГ)
ДРЯХЛЕТЬ	106633-V	УХУДШЕНИЕ
ДРЯХЛЕТЬ	106637-V	УМЕНЬШИТЬСЯ
ДРЯХЛЕТЬ	106630-V	УЛУЧШЕНИЕ
ДРЯХЛЕТЬ	120955-V	ИЗМЕНЕНИЕ СОСТОЯНИЯ
ДРЯХЛЕТЬ	118993-V	ИСХУДАТЬ
ДРЯХЛЕТЬ	135622-V	ХИЛЕТЬ, ХИРЕТЬ
ЗАВЕШАТЬ	111572-V	ЗАКРЫТЬ ОТВЕРСТИЕ, ПРОХОД
ЗАВЕШАТЬ	107325-V	ПОКРЫТЬ ПОВЕРХНОСТЬ
ЗАВЕШАТЬ	108830-V	НАКРЫТЬ, ПОКРЫТЬ СВЕРХУ
ЗАВЕШАТЬ	113352-V	ВЕШАТЬ (ПОМЕСТИТЬ)
ЗАВЕШАТЬ	118698-V	ДЕЙСТВИЕ, ЦЕЛЕНАПРАВЛЕННОЕ ДЕЙСТВИЕ
ЗАВЕШАТЬ	106501-V	ЗАНЯТИЕ, ДЕЯТЕЛЬНОСТЬ
ЗАВЕШАТЬ	106698-V	ПОМЕСТИТЬ, НАЙТИ МЕСТО
ЗАВЕШАТЬ	146751-V	ОБРАБОТКА ПОВЕРХНОСТИ
ЗАВЕШАТЬ	106631-V	ИЗМЕНИТЬ, СДЕЛАТЬ ИНЫМ
ЗАВЕШАТЬ	106699-V	УСТАНОВИТЬ, ПОСТАВИТЬ
ЗАГОВОРИТЬСЯ	116921-V	ПЕРЕЖИТЬ, ИСПЫТАТЬ
ЗАГОВОРИТЬСЯ	106504-V	ПОСТУПОК ЧЕЛОВЕКА
ЗАГОВОРИТЬСЯ	106714-V	ПЫТАТЬСЯ, СТАРАТЬСЯ
ЗАГОВОРИТЬСЯ	118698-V	ДЕЙСТВИЕ, ЦЕЛЕНАПРАВЛЕННОЕ ДЕЙСТВИЕ
ЗАГОВОРИТЬСЯ	106876-V	ВЫСКАЗАТЬ
ЗАГОВОРИТЬСЯ	119594-V	БАЛОВАТЬСЯ (ШАЛИТЬ, ЗАБАВЛЯТЬСЯ)
ЗАГОВОРИТЬСЯ	107094-V	ПРОИЗНЕСТИ, ВЫГОВОРИТЬ, ПРОГОВОРИТЬ
ЗАГОВОРИТЬСЯ	107328-V	КОНФЛИКТ
ЗАГОВОРИТЬСЯ	150230-V	ПРЕБЫВАТЬ В СОСТОЯНИИ
ЗАГОВОРИТЬСЯ	106809-V	УПРЕКАТЬ, УКОРЯТЬ
ЗАДАРИТЬ	106535-V	СКЛОНИТЬ, ПОБУДИТЬ
ЗАДАРИТЬ	107140-V	ЛЬСТИТЬ, ХВАЛИТЬ ИЗ ЛЕСТИ
ЗАДАРИТЬ	115441-V	РАСПОЛОЖИТЬ В СВОЮ ПОЛЬЗУ
ЗАДАРИТЬ	149898-V	ВЫЗВАТЬ МЫСЛЬ, ЧУВСТВО
ЗАДАРИТЬ	111611-V	ВЛИЯТЬ, ВОЗДЕЙСТВОВАТЬ
ЗАДАРИТЬ	106817-V	ПРИНУДИТЬ, ЗАСТАВИТЬ
ЗАДАРИТЬ	107125-V	ХВАЛИТЬ
ЗАДАРИТЬ	116751-V	ПРИУКРАСИТЬ, ВЫГОДНО ПРЕДСТАВИТЬ
ЗАДАРИТЬ	107180-V	ЛГАТЬ, ГОВОРИТЬ НЕПРАВДУ
ЗАДАРИТЬ	112280-V	ПЛАТИТЬ (ОТДАВАТЬ ДЕНЬГИ)
ЗАЛИЗАТЬ	116230-V	ПРОЙТИ (ПРЕКРАТИТЬСЯ О ВРЕМЕНИ, ДЛЯЩЕМСЯ)
ЗАЛИЗАТЬ	106548-V	ПРИЧИНЕНИЕ ВРЕДА
ЗАЛИЗАТЬ	1489-V	ОТДЫХ
ЗАЛИЗАТЬ	1061-V	ЛЕЧЕНИЕ
ЗАЛИЗАТЬ	142562-V	ИЗЛЕЧИТЬ (ИЗБАВИТЬ ОТ НЕЖЕЛАТЕЛЬНОГО)
ЗАЛИЗАТЬ	111954-V	ВОССТАНОВИТЬ ПРЕЖНЕЕ СОСТОЯНИЕ
ЗАЛИЗАТЬ	115153-V	ПРОБЫТЬ, ПРОВЕСТИ ВРЕМЯ
ЗАЛИЗАТЬ	106484-V	КОНЧИТЬСЯ, ПРЕКРАТИТЬСЯ
ЗАЛИЗАТЬ	106472-V	ПОМОЩЬ, ПОДДЕРЖКА
ЗАЛИЗАТЬ	106529-V	ОБСЛУЖИТЬ (УДОВЛЕТВОРИТЬ НУЖДЫ)
ЗАМАЛИВАТЬ	106501-V	ЗАНЯТИЕ, ДЕЯТЕЛЬНОСТЬ
ЗАМАЛИВАТЬ	115598-V	ПРИЗНАТЬСЯ, СОЗНАТЬСЯ
ЗАМАЛИВАТЬ	120154-V	ПРИЗНАТЬ СВОЮ ВИНУ
ЗАМАЛИВАТЬ	115963-V	КАЯТЬСЯ (ПРИЗНАТЬСЯ)
ЗАМАЛИВАТЬ	111260-V	ПЛОХОЙ ПОСТУПОК
ЗАМАЛИВАТЬ	106504-V	ПОСТУПОК ЧЕЛОВЕКА
ЗАМАЛИВАТЬ	107592-V	НАРУШЕНИЕ ПРАВИЛ
ЗАМАЛИВАТЬ	116333-V	ПРОСТИТЬ, ИЗВИНИТЬ
ЗАМАЛИВАТЬ	106540-V	ОБЪЯВИТЬ, ОГЛАСИТЬ
ЗАМАЛИВАТЬ	122242-V	НАРУШИТЬ, ПРЕСТУПИТЬ
ЗАМОЛИТЬ	115598-V	ПРИЗНАТЬСЯ, СОЗНАТЬСЯ
ЗАМОЛИТЬ	120154-V	ПРИЗНАТЬ СВОЮ ВИНУ
ЗАМОЛИТЬ	115963-V	КАЯТЬСЯ (ПРИЗНАТЬСЯ)
ЗАМОЛИТЬ	111260-V	ПЛОХОЙ ПОСТУПОК
ЗАМОЛИТЬ	106504-V	ПОСТУПОК ЧЕЛОВЕКА
ЗАМОЛИТЬ	107592-V	НАРУШЕНИЕ ПРАВИЛ
ЗАМОЛИТЬ	129340-V	ЗАСЛУЖИТЬ (СВОИМИ ДЕЙСТВИЯМИ СТАТЬ ДОСТОЙНЫМ, ДОБИТЬСЯ)
ЗАМОЛИТЬ	106501-V	ЗАНЯТИЕ, ДЕЯТЕЛЬНОСТЬ
ЗАМОЛИТЬ	116333-V	ПРОСТИТЬ, ИЗВИНИТЬ
ЗАМОЛИТЬ	106540-V	ОБЪЯВИТЬ, ОГЛАСИТЬ
ЗАПРОКИДЫВАТЬ	106587-V	ДВИЖЕНИЕ, ПЕРЕМЕЩЕНИЕ
ЗАПРОКИДЫВАТЬ	111086-V	ГНУТЬСЯ, СОГНУТЬСЯ
ЗАПРОКИДЫВАТЬ	108824-V	ОПУСТИТЬ ВНИЗ
ЗАПРОКИДЫВАТЬ	106938-V	ПЕРЕМЕСТИТЬ
ЗАПРОКИДЫВАТЬ	111050-V	ГНУТЬ, ИЗОГНУТЬ
ЗАПРОКИДЫВАТЬ	111085-V	ОПУСТИТЬСЯ ВНИЗ
ЗАПРОКИДЫВАТЬ	115840-V	ОТКЛОНИТЬ, СМЕСТИТЬ В СТОРОНУ
ЗАПРОКИДЫВАТЬ	106558-V	ПРИДАВАТЬ ФОРМУ, ФОРМИРОВАТЬ
ЗАПРОКИДЫВАТЬ	108821-V	ПОДНЯТЬ, ПЕРЕМЕСТИТЬ ВВЕРХ
ЗАПРОКИДЫВАТЬ	132760-V	ПОДВИНУТЬ, СДВИНУТЬ
ЗАРАБОТАТЬСЯ	113796-V	ПРИОБРЕСТИ, СТАТЬ ВЛАДЕЛЬЦЕМ
ЗАРАБОТАТЬСЯ	106715-V	ИСТРАТИТЬ, ИЗРАСХОДОВАТЬ
ЗАРАБОТАТЬСЯ	116303-V	ПОЛУЧИТЬ В РАСПОРЯЖЕНИЕ
ЗАРАБОТАТЬСЯ	148420-V	ОТНОШЕНИЯ МЕЖДУ ЛЮДЬМИ
ЗАРАБОТАТЬСЯ	118698-V	ДЕЙСТВИЕ, ЦЕЛЕНАПРАВЛЕННОЕ ДЕЙСТВИЕ
ЗАРАБОТАТЬСЯ	106811-V	ОТДАТЬ, ДАТЬ, ПРЕДОСТАВИТЬ
ЗАРАБОТАТЬСЯ	116538-V	ЗАРАБОТАТЬ (ПРИОБРЕСТИ РАБОТОЙ, ТРУДОМ)
ЗАРАБОТАТЬСЯ	147852-V	РАСХОДОВАНИЕ ДЕНЕЖНЫХ СРЕДСТВ
ЗАРАБОТАТЬСЯ	112280-V	ПЛАТИТЬ (ОТДАВАТЬ ДЕНЬГИ)
ЗАРАБОТАТЬСЯ	147768-V	ФИНАНСОВЫЕ РАСЧЕТЫ
ЗАРЕШЕТИТЬ	118698-V	ДЕЙСТВИЕ, ЦЕЛЕНАПРАВЛЕННОЕ ДЕЙСТВИЕ
ЗАРЕШЕТИТЬ	106698-V	ПОМЕСТИТЬ, НАЙТИ МЕСТО
ЗАРЕШЕТИТЬ	111845-V	ПРОНИКНУТЬ ВНУТРЬ
ЗАРЕШЕТИТЬ	113944-V	САЖАТЬ (ПОМЕЩАТЬ НА ДЛИТЕЛЬНОЕ ВРЕМЯ)
ЗАРЕШЕТИТЬ	111572-V	ЗАКРЫТЬ ОТВЕРСТИЕ, ПРОХОД
ЗАРЕШЕТИТЬ	116677-V	ЗАКЛЮЧИТЬ (ПОМЕСТИТЬ)
ЗАРЕШЕТИТЬ	106501-V	ЗАНЯТИЕ, ДЕЯТЕЛЬНОСТЬ
ЗАРЕШЕТИТЬ	111191-V	ВСТАВИТЬ ВНУТРЬ
ЗАРЕШЕТИТЬ	106701-V	ДОСТИЧЬ, ДОБИТЬСЯ
ЗАРЕШЕТИТЬ	111846-V	ПОПАСТЬ (ОКАЗАТЬСЯ, ОЧУТИТЬСЯ)
ЗАСТУДИТЬ	106629-V	ИЗМЕНИТЬСЯ, ИЗМЕНЕНИЕ
ЗАСТУДИТЬ	111109-V	ТВЕРДЕТЬ, ЗАТВЕРДЕТЬ
ЗАСТУДИТЬ	116555-V	ЗАВЕРНУТЬ, ОБЕРНУТЬ
ЗАСТУДИТЬ	109445-V	УКРЫТЬ (НАКРЫТЬ)
ЗАСТУДИТЬ	116929-V	СТРАДАТЬ, ИСПЫТЫВАТЬ СТРАДАНИЯ
ЗАСТУДИТЬ	107325-V	ПОКРЫТЬ ПОВЕРХНОСТЬ
ЗАСТУДИТЬ	106631-V	ИЗМЕНИТЬ, СДЕЛАТЬ ИНЫМ
ЗАСТУДИТЬ	110474-V	ВЫЗВАТЬ, ПОРОДИТЬ
ЗАСТУДИТЬ	111370-V	ПОВРЕДИТЬ
ЗАСТУДИТЬ	111615-V	ЗАБОЛЕТЬ БОЛЕЗНЬЮ
ЗАЧИТАТЬСЯ	114267-V	ЧТЕНИЕ ТЕКСТА
ЗАЧИТАТЬСЯ	106915-V	ОЩУЩАТЬ, ВОСПРИНИМАТЬ
ЗАЧИТАТЬСЯ	110447-V	ВОСПРОИЗВЕСТИ (ВОССОЗДАТЬ, ПОВТОРИТЬ В КОПИИ)
ЗАЧИТАТЬСЯ	107094-V	ПРОИЗНЕСТИ, ВЫГОВОРИТЬ, ПРОГОВОРИТЬ
ЗАЧИТАТЬСЯ	111037-V	ПЕРЕВЕРНУТЬ ПРОТИВОПОЛОЖНОЙ СТОРОНОЙ
ЗАЧИТАТЬСЯ	120040-V	ПЕРЕБРАТЬ (ПЕРЕСМОТРЕТЬ, РАЗОБРАТЬ)
ЗАЧИТАТЬСЯ	116921-V	ПЕРЕЖИТЬ, ИСПЫТАТЬ
ЗАЧИТАТЬСЯ	118667-V	УДОВЛЕТВОРИТЬСЯ
ЗАЧИТАТЬСЯ	110440-V	ИСПОЛНИТЬ (ВОСПРОИЗВЕСТИ)
ЗАЧИТАТЬСЯ	107602-V	ПОВТОРИТЬ, СДЕЛАТЬ ЕЩЕ РАЗ
ЗЛОБСТВОВАТЬ	116921-V	ПЕРЕЖИТЬ, ИСПЫТАТЬ
ЗЛОБСТВОВАТЬ	106877-V	ВЫСКАЗАТЬ МНЕНИЕ
ЗЛОБСТВОВАТЬ	106876-V	ВЫСКАЗАТЬ
ЗЛОБСТВОВАТЬ	106809-V	УПРЕКАТЬ, УКОРЯТЬ
ЗЛОБСТВОВАТЬ	112963-V	ОСУДИТЬ, ВЫРАЗИТЬ НЕОДОБРЕНИЕ
ЗЛОБСТВОВАТЬ	150230-V	ПРЕБЫВАТЬ В СОСТОЯНИИ
ЗЛОБСТВОВАТЬ	107094-V	ПРОИЗНЕСТИ, ВЫГОВОРИТЬ, ПРОГОВОРИТЬ
ЗЛОБСТВОВАТЬ	115752-V	ЖАЛОВАТЬСЯ (ВЫСКАЗЫВАТЬ НЕУДОВОЛЬСТВИЕ)
ЗЛОБСТВОВАТЬ	107190-V	РУГАТЬ
ЗЛОБСТВОВАТЬ	114762-V	ДОСАДИТЬ
ИЗВЕДАТЬ	116921-V	ПЕРЕЖИТЬ, ИСПЫТАТЬ
ИЗВЕДАТЬ	150230-V	ПРЕБЫВАТЬ В СОСТОЯНИИ
ИЗВЕДАТЬ	106646-V	ОТНОШЕНИЕ МЕЖДУ СУЩНОСТЯМИ
ИЗВЕДАТЬ	116929-V	СТРАДАТЬ, ИСПЫТЫВАТЬ СТРАДАНИЯ
ИЗВЕДАТЬ	118698-V	ДЕЙСТВИЕ, ЦЕЛЕНАПРАВЛЕННОЕ ДЕЙСТВИЕ
ИЗВЕДАТЬ	106467-V	МЫСЛИТЕЛЬНЫЙ ПРОЦЕСС
ИЗВЕДАТЬ	116684-V	НРАВИТЬСЯ
ИЗВЕДАТЬ	134095-V	ПРИЙТИСЬ (ОКАЗАТЬСЯ СООТВЕТСТВУЮЩИМ, ПОДХОДЯЩИМ)
ИЗВЕДАТЬ	117141-V	ГРУСТИТЬ
ИЗВЕДАТЬ	118574-V	ВНУШИТЬ МЫСЛЬ, ЧУВСТВО
ИНКОРПОРИРОВАТЬ	106501-V	ЗАНЯТИЕ, ДЕЯТЕЛЬНОСТЬ
ИНКОРПОРИРОВАТЬ	106629-V	ИЗМЕНИТЬСЯ, ИЗМЕНЕНИЕ
ИНКОРПОРИРОВАТЬ	7237-V	УПРАВЛЕНЧЕСКАЯ ДЕЯТЕЛЬНОСТЬ
ИНКОРПОРИРОВАТЬ	106557-V	СОЕДИНИТЬ В ОДНО ЦЕЛОЕ
ИНКОРПОРИРОВАТЬ	111489-V	ПРИОБРЕСТИ СВОЙСТВО
ИНКОРПОРИРОВАТЬ	107410-V	ДЕЛИТЬ, РАЗДЕЛЯТЬ НА ЧАСТИ
ИНКОРПОРИРОВАТЬ	111944-V	НАЗНАЧИТЬ, УСТАНОВИТЬ, ОПРЕДЕЛИТЬ
ИНКОРПОРИРОВАТЬ	7936-V	РЕФОРМА
ИНКОРПОРИРОВАТЬ	118698-V	ДЕЙСТВИЕ, ЦЕЛЕНАПРАВЛЕННОЕ ДЕЙСТВИЕ
ИНКОРПОРИРОВАТЬ	138362-V	УПОРЯДОЧИТЬ (ПРИВЕСТИ В ПОРЯДОК)
ИСПОЛОСОВАТЬ	107410-V	ДЕЛИТЬ, РАЗДЕЛЯТЬ НА ЧАСТИ
ИСПОЛОСОВАТЬ	107412-V	РЕЗАТЬ, ПОРЕЗАТЬ
ИСПОЛОСОВАТЬ	111963-V	КАСАТЬСЯ, ДОТРАГИВАТЬСЯ
ИСПОЛОСОВАТЬ	107404-V	УДАРИТЬ, НАНЕСТИ УДАР
ИСПОЛОСОВАТЬ	114805-V	ВОТКНУТЬ (ЗАСТАВИТЬ ВОЙТИ)
ИСПОЛОСОВАТЬ	107416-V	РВАТЬ, РАЗОРВАТЬ НА ЧАСТИ
ИСПОЛОСОВАТЬ	111853-V	ПРОДЕЛАТЬ ОТВЕРСТИЕ
ИСПОЛОСОВАТЬ	111370-V	ПОВРЕДИТЬ
ИСПОЛОСОВАТЬ	111865-V	ПРОВЕСТИ ПО ПОВЕРХНОСТИ
ИСПОЛОСОВАТЬ	106548-V	ПРИЧИНЕНИЕ ВРЕДА
ИСЦАРАПАТЬ	111865-V	ПРОВЕСТИ ПО ПОВЕРХНОСТИ
ИСЦАРАПАТЬ	107410-V	ДЕЛИТЬ, РАЗДЕЛЯТЬ НА ЧАСТИ
ИСЦАРАПАТЬ	111963-V	КАСАТЬСЯ, ДОТРАГИВАТЬСЯ
ИСЦАРАПАТЬ	110908-V	УДАЛИТЬ НАРУЖУ
ИСЦАРАПАТЬ	110911-V	ВЫРВАТЬ, ВЫДРАТЬ
ИСЦАРАПАТЬ	118570-V	ПРИЧИНИТЬ БОЛЬ
ИСЦАРАПАТЬ	106938-V	ПЕРЕМЕСТИТЬ
ИСЦАРАПАТЬ	107416-V	РВАТЬ, РАЗОРВАТЬ НА ЧАСТИ
ИСЦАРАПАТЬ	115593-V	ХВАТАТЬ, СХВАТИТЬ
ИСЦАРАПАТЬ	115102-V	МУЧИТЬ
КАРКАТЬ	107093-V	ИЗДАТЬ ЗВУК
КАРКАТЬ	107094-V	ПРОИЗНЕСТИ, ВЫГОВОРИТЬ, ПРОГОВОРИТЬ
КАРКАТЬ	107196-V	ПЛАКАТЬ, ПРОЛИВАТЬ СЛЕЗЫ
КАРКАТЬ	107104-V	КРИЧАТЬ, ИЗДАВАТЬ КРИК
КАРКАТЬ	114103-V	ИЗДАВАТЬ, ИСПУСКАТЬ
КАРКАТЬ	106876-V	ВЫСКАЗАТЬ
КАРКАТЬ	110719-V	ЛИТЬ ЖИДКОСТЬ
КАРКАТЬ	120904-V	ВЫСТУПИТЬ НАРУЖУ
КАРКАТЬ	107404-V	УДАРИТЬ, НАНЕСТИ УДАР
КАРКАТЬ	115704-V	ПЕНИЕ ПТИЦЫ
КАТАЛОГИЗИРОВАТЬ	111902-V	НАВОДИТЬ ПОРЯДОК
КАТАЛОГИЗИРОВАТЬ	112077-V	СОБРАТЬ В ОДНОМ МЕСТЕ
КАТАЛОГИЗИРОВАТЬ	138362-V	УПОРЯДОЧИТЬ (ПРИВЕСТИ В ПОРЯДОК)
КАТАЛОГИЗИРОВАТЬ	112070-V	РАЗОБРАТЬ (НАВЕСТИ ПОРЯДОК)
КАТАЛОГИЗИРОВАТЬ	106709-V	УЗНАТЬ, ПОЛУЧИТЬ СВЕДЕНИЯ
КАТАЛОГИЗИРОВАТЬ	111592-V	РАСПРЕДЕЛИТЬ ПО ДОЛЯМ
КАТАЛОГИЗИРОВАТЬ	106557-V	СОЕДИНИТЬ В ОДНО ЦЕЛОЕ
КАТАЛОГИЗИРОВАТЬ	106489-V	РЕГУЛИРОВАТЬ, УПОРЯДОЧИВАТЬ
КАТАЛОГИЗИРОВАТЬ	107410-V	ДЕЛИТЬ, РАЗДЕЛЯТЬ НА ЧАСТИ
КАТАЛОГИЗИРОВАТЬ	106501-V	ЗАНЯТИЕ, ДЕЯТЕЛЬНОСТЬ
КНЯЖИТЬ	106501-V	ЗАНЯТИЕ, ДЕЯТЕЛЬНОСТЬ
КНЯЖИТЬ	124799-V	ПОСВЯТИТЬ В ЗВАНИЕ, В САН
КНЯЖИТЬ	129735-V	ВЕНЧАТЬ (ВОЗВОДИТЬ В ЗВАНИЕ)
КНЯЖИТЬ	106595-V	ОБЕРЕГАТЬ, ЗАЩИЩАТЬ
КНЯЖИТЬ	123566-V	ПРАВИТЬ (РУКОВОДИТЬ)
КНЯЖИТЬ	147141-V	ПРИНЯТЬ ВЕРУ
КНЯЖИТЬ	106587-V	ДВИЖЕНИЕ, ПЕРЕМЕЩЕНИЕ
КНЯЖИТЬ	125423-V	КРЕСТИТЬ, ОСЕНИТЬ КРЕСТОМ
КНЯЖИТЬ	106607-V	УПРАВЛЯТЬ, РУКОВОДИТЬ
КНЯЖИТЬ	114045-V	УДОСТОИТЬ
КОМПОСТИРОВАТЬ	106504-V	ПОСТУПОК ЧЕЛОВЕКА
КОМПОСТИРОВАТЬ	107094-V	ПРОИЗНЕСТИ, ВЫГОВОРИТЬ, ПРОГОВОРИТЬ
КОМПОСТИРОВАТЬ	106698-V	ПОМЕСТИТЬ, НАЙТИ МЕСТО
КОМПОСТИРОВАТЬ	107013-V	ГРЯЗНИТЬ, ПАЧКАТЬ
КОМПОСТИРОВАТЬ	118698-V	ДЕЙСТВИЕ, ЦЕЛЕНАПРАВЛЕННОЕ ДЕЙСТВИЕ
КОМПОСТИРОВАТЬ	131616-V	ЗАТЯНУТЬ ПО ВРЕМЕНИ
КОМПОСТИРОВАТЬ	118683-V	МЕДЛИТЬ
КОМПОСТИРОВАТЬ	106876-V	ВЫСКАЗАТЬ
КОМПОСТИРОВАТЬ	120151-V	РУГАТЬСЯ, ВЫРУГАТЬСЯ
КОМПОСТИРОВАТЬ	131342-V	ЗАМЕДЛИТЬ
КООПЕРИРОВАТЬСЯ	106501-V	ЗАНЯТИЕ, ДЕЯТЕЛЬНОСТЬ
КООПЕРИРОВАТЬСЯ	144027-V	СОВМЕСТНАЯ ДЕЯТЕЛЬНОСТЬ
КООПЕРИРОВАТЬСЯ	148420-V	ОТНОШЕНИЯ МЕЖДУ ЛЮДЬМИ
КООПЕРИРОВАТЬСЯ	106856-V	УЧАСТИЕ, УЧАСТВОВАТЬ
КООПЕРИРОВАТЬСЯ	131954-V	БОРОТЬСЯ С СОПЕРНИКОМ
КООПЕРИРОВАТЬСЯ	107614-V	СОТРУДНИЧЕСТВО
КООПЕРИРОВАТЬСЯ	106646-V	ОТНОШЕНИЕ МЕЖДУ СУЩНОСТЯМИ
КООПЕРИРОВАТЬСЯ	106714-V	ПЫТАТЬСЯ, СТАРАТЬСЯ
КООПЕРИРОВАТЬСЯ	106961-V	СОРЕВНОВАНИЕ, СОСТЯЗАНИЕ
КООПЕРИРОВАТЬСЯ	123479-V	ВЗАИМОДЕЙСТВИЕ (ВЗАИМНАЯ ПОДДЕРЖКА)
КРИВИТЬ	107180-V	ЛГАТЬ, ГОВОРИТЬ НЕПРАВДУ
КРИВИТЬ	113119-V	ОБМАНУТЬ, ВВЕСТИ В ЗАБЛУЖДЕНИЕ
КРИВИТЬ	106876-V	ВЫСКАЗАТЬ
КРИВИТЬ	111260-V	ПЛОХОЙ ПОСТУПОК
КРИВИТЬ	126522-V	ГРИМАСНИЧАТЬ, ДЕЛАТЬ ГРИМАСЫ
КРИВИТЬ	106504-V	ПОСТУПОК ЧЕЛОВЕКА
КРИВИТЬ	117094-V	ШЕВЕЛИТЬ ЧАСТЬЮ ТЕЛА
КРИВИТЬ	115900-V	ПРИТВОРИТЬСЯ, ПРИКИНУТЬСЯ
КРИВИТЬ	107318-V	ХИТРОСТЬ (ПОСТУПОК)
КРИВИТЬ	116921-V	ПЕРЕЖИТЬ, ИСПЫТАТЬ
КРОНИРОВАТЬ	115978-V	ОТСРОЧИТЬ, ОТОДВИНУТЬ СРОК
КРОНИРОВАТЬ	107094-V	ПРОИЗНЕСТИ, ВЫГОВОРИТЬ, ПРОГОВОРИТЬ
КРОНИРОВАТЬ	106629-V	ИЗМЕНИТЬСЯ, ИЗМЕНЕНИЕ
КРОНИРОВАТЬ	106501-V	ЗАНЯТИЕ, ДЕЯТЕЛЬНОСТЬ
КРОНИРОВАТЬ	106876-V	ВЫСКАЗАТЬ
КРОНИРОВАТЬ	106484-V	КОНЧИТЬСЯ, ПРЕКРАТИТЬСЯ
КРОНИРОВАТЬ	118698-V	ДЕЙСТВИЕ, ЦЕЛЕНАПРАВЛЕННОЕ ДЕЙСТВИЕ
КРОНИРОВАТЬ	106638-V	УМЕНЬШИТЬ
КРОНИРОВАТЬ	106631-V	ИЗМЕНИТЬ, СДЕЛАТЬ ИНЫМ
КРОНИРОВАТЬ	110910-V	ВЫНУТЬ
КУДАХТАТЬ	107093-V	ИЗДАТЬ ЗВУК
КУДАХТАТЬ	107094-V	ПРОИЗНЕСТИ, ВЫГОВОРИТЬ, ПРОГОВОРИТЬ
КУДАХТАТЬ	106876-V	ВЫСКАЗАТЬ
КУДАХТАТЬ	107196-V	ПЛАКАТЬ, ПРОЛИВАТЬ СЛЕЗЫ
КУДАХТАТЬ	107104-V	КРИЧАТЬ, ИЗДАВАТЬ КРИК
КУДАХТАТЬ	114103-V	ИЗДАВАТЬ, ИСПУСКАТЬ
КУДАХТАТЬ	108868-V	БОРМОТАТЬ
КУДАХТАТЬ	110719-V	ЛИТЬ ЖИДКОСТЬ
КУДАХТАТЬ	120904-V	ВЫСТУПИТЬ НАРУЖУ
КУДАХТАТЬ	114089-V	СМЕЯТЬСЯ (ИЗДАВАТЬ СМЕХ)
ЛАЙКНУТЬ	124385-V	УХАЖИВАТЬ ЗА ЖЕНЩИНОЙ
ЛАЙКНУТЬ	110795-V	ПРИШИТЬ (ПРИКРЕПИТЬ)
ЛАЙКНУТЬ	111931-V	ВЫРОВНЯТЬ, СДЕЛАТЬ РОВНЫМ
ЛАЙКНУТЬ	111865-V	ПРОВЕСТИ ПО ПОВЕРХНОСТИ
ЛАЙКНУТЬ	115006-V	ОБШИТЬ ПО КРАЮ
ЛАЙКНУТЬ	148420-V	ОТНОШЕНИЯ МЕЖДУ ЛЮДЬМИ
ЛАЙКНУТЬ	107325-V	ПОКРЫТЬ ПОВЕРХНОСТЬ
ЛАЙКНУТЬ	106501-V	ЗАНЯТИЕ, ДЕЯТЕЛЬНОСТЬ
ЛАЙКНУТЬ	108869-V	РАЗДЕТЬ, СНЯТЬ ОДЕЖДУ
ЛАЙКНУТЬ	113291-V	СШИВАТЬ
ЛЕГИРОВАТЬ	106631-V	ИЗМЕНИТЬ, СДЕЛАТЬ ИНЫМ
ЛЕГИРОВАТЬ	106534-V	ОБРАБАТЫВАТЬ, ПОДВЕРГАТЬ ОБРАБОТКЕ
ЛЕГИРОВАТЬ	106950-V	ПРЕВРАТИТЬ (ПРИДАТЬ ИНОЙ ВИД, КАЧЕСТВО)
ЛЕГИРОВАТЬ	106495-V	ИЗГОТОВИТЬ, ВЫРАБОТАТЬ
ЛЕГИРОВАТЬ	146751-V	ОБРАБОТКА ПОВЕРХНОСТИ
ЛЕГИРОВАТЬ	106501-V	ЗАНЯТИЕ, ДЕЯТЕЛЬНОСТЬ
ЛЕГИРОВАТЬ	137819-V	ТЕРМИЧЕСКАЯ ОБРАБОТКА
ЛЕГИРОВАТЬ	106785-V	ПРЕОБРАЗОВАТЬ, ПЕРЕДЕЛАТЬ
ЛЕГИРОВАТЬ	106632-V	УЛУЧШИТЬ
ЛЕГИРОВАТЬ	117035-V	ПРИГОТОВИТЬ, СДЕЛАТЬ ГОДНЫМ
ЛОСНИТЬСЯ	106639-V	УВЕЛИЧИТЬСЯ
ЛОСНИТЬСЯ	106629-V	ИЗМЕНИТЬСЯ, ИЗМЕНЕНИЕ
ЛОСНИТЬСЯ	115547-V	ОТВАЛИТЬСЯ, ОТПАСТЬ
ЛОСНИТЬСЯ	120653-V	СОЙТИ С ПОВЕРХНОСТИ
ЛОСНИТЬСЯ	133516-V	ТЯЖЕЛЕТЬ, ПРИБАВЛЯТЬ В ВЕСЕ
ЛОСНИТЬСЯ	111495-V	ТОЛСТЕТЬ (УВЕЛИЧИВАТЬСЯ В ОБЪЕМЕ)
ЛОСНИТЬСЯ	120185-V	ЗУДЕТЬ (ИСПЫТЫВАТЬ ЗУД)
ЛОСНИТЬСЯ	110416-V	ИЗМЕНЯТЬСЯ В ЦВЕТЕ
ЛОСНИТЬСЯ	107447-V	ПАДАТЬ (ДВИГАТЬСЯ ВНИЗ)
ЛОСНИТЬСЯ	115548-V	ОТДЕЛИТЬСЯ ОТ ЦЕЛОГО
ЛЬГОТИРОВАТЬ	112280-V	ПЛАТИТЬ (ОТДАВАТЬ ДЕНЬГИ)
ЛЬГОТИРОВАТЬ	106811-V	ОТДАТЬ, ДАТЬ, ПРЕДОСТАВИТЬ
ЛЬГОТИРОВАТЬ	106501-V	ЗАНЯТИЕ, ДЕЯТЕЛЬНОСТЬ
ЛЬГОТИРОВАТЬ	107696-V	ПРАВО (ВОЗМОЖНОСТЬ)
ЛЬГОТИРОВАТЬ	118698-V	ДЕЙСТВИЕ, ЦЕЛЕНАПРАВЛЕННОЕ ДЕЙСТВИЕ
ЛЬГОТИРОВАТЬ	118193-V	ВЫДЕЛИТЬ (ПРЕДОСТАВИТЬ)
ЛЬГОТИРОВАТЬ	147650-V	ОСВОБОЖДЕНИЕ ОТ УПЛАТЫ
ЛЬГОТИРОВАТЬ	116294-V	ОДОЛЖИТЬ, ДАТЬ В ДОЛГ
ЛЬГОТИРОВАТЬ	116821-V	ОБЛОЖИТЬ, ОБЯЗАТЬ К ОПЛАТЕ
ЛЬГОТИРОВАТЬ	106885-V	СЧИТАТЬ, ОПРЕДЕЛЯТЬ КОЛИЧЕСТВО
ЛЯЗГАТЬ	107093-V	ИЗДАТЬ ЗВУК
ЛЯЗГАТЬ	114103-V	ИЗДАВАТЬ, ИСПУСКАТЬ
ЛЯЗГАТЬ	107513-V	КОЛЕБАТЕЛЬНОЕ ДВИЖЕНИЕ
ЛЯЗГАТЬ	107094-V	ПРОИЗНЕСТИ, ВЫГОВОРИТЬ, ПРОГОВОРИТЬ
ЛЯЗГАТЬ	107404-V	УДАРИТЬ, НАНЕСТИ УДАР
ЛЯЗГАТЬ	106587-V	ДВИЖЕНИЕ, ПЕРЕМЕЩЕНИЕ
ЛЯЗГАТЬ	111795-V	ЗВЕНЕТЬ
ЛЯЗГАТЬ	116921-V	ПЕРЕЖИТЬ, ИСПЫТАТЬ
ЛЯЗГАТЬ	107252-V	ВЫТЬ
ЛЯЗГАТЬ	107366-V	ВИЗЖАТЬ
МАНКИРОВАТЬ	106504-V	ПОСТУПОК ЧЕЛОВЕКА
МАНКИРОВАТЬ	118698-V	ДЕЙСТВИЕ, ЦЕЛЕНАПРАВЛЕННОЕ ДЕЙСТВИЕ
МАНКИРОВАТЬ	137783-V	БЕСПОКОИТЬ, ПРИЧИНЯТЬ БЕСПОКОЙСТВО
МАНКИРОВАТЬ	117765-V	УКЛОНИТЬСЯ (ОТКАЗАТЬСЯ)
МАНКИРОВАТЬ	123920-V	ИГНОРИРОВАТЬ, ОТНЕСТИСЬ БЕЗ ВНИМАНИЯ
МАНКИРОВАТЬ	106501-V	ЗАНЯТИЕ, ДЕЯТЕЛЬНОСТЬ
МАНКИРОВАТЬ	118200-V	ОБРЕМЕНИТЬ
МАНКИРОВАТЬ	116921-V	ПЕРЕЖИТЬ, ИСПЫТАТЬ
МАНКИРОВАТЬ	106607-V	УПРАВЛЯТЬ, РУКОВОДИТЬ
МАНКИРОВАТЬ	111045-V	УДАЛИТЬСЯ НА НЕКОТОРОЕ РАССТОЯНИЕ
МИКШИРОВАТЬ	110447-V	ВОСПРОИЗВЕСТИ (ВОССОЗДАТЬ, ПОВТОРИТЬ В КОПИИ)
МИКШИРОВАТЬ	106493-V	СОЗДАТЬ (СДЕЛАТЬ СУЩЕСТВУЮЩИМ)
МИКШИРОВАТЬ	106490-V	НАЛАДИТЬ (ПРИВЕСТИ В РАБОЧЕЕ СОСТОЯНИЕ)
МИКШИРОВАТЬ	132848-V	НАСТРОИТЬ (ОТРЕГУЛИРОВАТЬ)
МИКШИРОВАТЬ	115814-V	ПЕРЕЛОЖИТЬ (ПРЕДСТАВИТЬ В ДРУГОЙ ФОРМЕ)
МИКШИРОВАТЬ	152808-V	ФИКСИРОВАТЬ НА БУМАГЕ, ИЗОБРАЖЕНИИ
МИКШИРОВАТЬ	111881-V	НАНЕСЕНИЕ НА ПОВЕРХНОСТЬ
МИКШИРОВАТЬ	112044-V	ПОДРАЖАТЬ
МИКШИРОВАТЬ	110440-V	ИСПОЛНИТЬ (ВОСПРОИЗВЕСТИ)
МИКШИРОВАТЬ	111619-V	КОПИРОВАНИЕ, СНЯТИЕ КОПИИ
МОЛОДИТЬ	106629-V	ИЗМЕНИТЬСЯ, ИЗМЕНЕНИЕ
МОЛОДИТЬ	106631-V	ИЗМЕНИТЬ, СДЕЛАТЬ ИНЫМ
МОЛОДИТЬ	106633-V	УХУДШЕНИЕ
МОЛОДИТЬ	107458-V	КРАСИТЬ, ПОКРЫВАТЬ КРАСКОЙ
МОЛОДИТЬ	111769-V	ПРИДАВАТЬ ВИД
МОЛОДИТЬ	107325-V	ПОКРЫТЬ ПОВЕРХНОСТЬ
МОЛОДИТЬ	151402-V	УТРАТИТЬ СВОЮ ЧАСТЬ
МОЛОДИТЬ	155114-V	РАСПРОСТРАНЕНИЕ В ОБЩЕСТВЕ
МОЛОДИТЬ	133542-V	ОХВАТИТЬ (ВКЛЮЧИТЬ, ВВЕСТИ В КРУГ)
МОЛОДИТЬ	106639-V	УВЕЛИЧИТЬСЯ
МОТОРИЗОВАТЬ	1664-V	ВОЕННЫЕ ДЕЙСТВИЯ
МОТОРИЗОВАТЬ	4547-V	БОЕВЫЕ ДЕЙСТВИЯ
МОТОРИЗОВАТЬ	106585-V	РАСПОЛОЖИТЬ, РАЗМЕСТИТЬ
МОТОРИЗОВАТЬ	118698-V	ДЕЙСТВИЕ, ЦЕЛЕНАПРАВЛЕННОЕ ДЕЙСТВИЕ
МОТОРИЗОВАТЬ	118452-V	ОТОЙТИ (УДАЛИТЬСЯ)
МОТОРИЗОВАТЬ	106938-V	ПЕРЕМЕСТИТЬ
МОТОРИЗОВАТЬ	130850-V	ДИСЛОКАЦИЯ ВОЙСК
МОТОРИЗОВАТЬ	154251-V	ПЕРЕВЕСТИ В ДРУГОЕ МЕСТО
МОТОРИЗОВАТЬ	113853-V	ИЗОЛИРОВАТЬ ОТ ДРУГИХ
МОТОРИЗОВАТЬ	144939-V	РАСПОЛОЖИТЬСЯ ВОКРУГ
МУЛЬЧИРОВАТЬ	151674-V	ОБРАБОТКА ПОЧВЫ
МУЛЬЧИРОВАТЬ	106501-V	ЗАНЯТИЕ, ДЕЯТЕЛЬНОСТЬ
МУЛЬЧИРОВАТЬ	106534-V	ОБРАБАТЫВАТЬ, ПОДВЕРГАТЬ ОБРАБОТКЕ
МУЛЬЧИРОВАТЬ	115184-V	ВСКОПАТЬ
МУЛЬЧИРОВАТЬ	106631-V	ИЗМЕНИТЬ, СДЕЛАТЬ ИНЫМ
МУЛЬЧИРОВАТЬ	112813-V	ПОСАДКА РАСТЕНИЙ
МУЛЬЧИРОВАТЬ	111983-V	ДОБАВИТЬ
МУЛЬЧИРОВАТЬ	106698-V	ПОМЕСТИТЬ, НАЙТИ МЕСТО
МУЛЬЧИРОВАТЬ	115570-V	ОБОГАЩЕНИЕ МАТЕРИАЛА, ПРОДУКТА
МУЛЬЧИРОВАТЬ	118860-V	ПИТАТЬ (СНАБЖАТЬ)
МУШТРОВАТЬ	106542-V	СООБЩИТЬ, УВЕДОМИТЬ
МУШТРОВАТЬ	118370-V	УЧИТЬ, ОБУЧАТЬ
МУШТРОВАТЬ	106817-V	ПРИНУДИТЬ, ЗАСТАВИТЬ
МУШТРОВАТЬ	114819-V	ПРИУЧИТЬ
МУШТРОВАТЬ	111885-V	ЗАПОМНИТЬ, СОХРАНИТЬ В ПАМЯТИ
МУШТРОВАТЬ	130167-V	УСВОИТЬ ИНФОРМАЦИЮ
МУШТРОВАТЬ	1604-V	ОБУЧЕНИЕ, УЧЕБНАЯ ДЕЯТЕЛЬНОСТЬ
МУШТРОВАТЬ	106876-V	ВЫСКАЗАТЬ
МУШТРОВАТЬ	139083-V	НЕДОСТОЙНОЕ ПОВЕДЕНИЕ
МУШТРОВАТЬ	145757-V	НАПРАВИТЬ ДЕЯТЕЛЬНОСТЬ
НАБЕГАТЬСЯ	116921-V	ПЕРЕЖИТЬ, ИСПЫТАТЬ
НАБЕГАТЬСЯ	1489-V	ОТДЫХ
НАБЕГАТЬСЯ	118667-V	УДОВЛЕТВОРИТЬСЯ
НАБЕГАТЬСЯ	120076-V	ВЕСЕЛИТЬСЯ
НАБЕГАТЬСЯ	106501-V	ЗАНЯТИЕ, ДЕЯТЕЛЬНОСТЬ
НАБЕГАТЬСЯ	115153-V	ПРОБЫТЬ, ПРОВЕСТИ ВРЕМЯ
НАБЕГАТЬСЯ	152910-V	ДВИГАТЬСЯ НА НОГАХ
НАБЕГАТЬСЯ	107470-V	ИДТИ НОГАМИ
НАБЕГАТЬСЯ	126588-V	КУТИТЬ, ГУЛЯТЬ
НАБЕГАТЬСЯ	152320-V	ПЕШАЯ ПРОГУЛКА
НАГУЛЯТЬ	106934-V	ЕСТЬ, ПРИНИМАТЬ ПИЩУ
НАГУЛЯТЬ	106933-V	ГЛОТАТЬ ВНУТРЬ СЕБЯ
НАГУЛЯТЬ	118667-V	УДОВЛЕТВОРИТЬСЯ
НАГУЛЯТЬ	116921-V	ПЕРЕЖИТЬ, ИСПЫТАТЬ
НАГУЛЯТЬ	133516-V	ТЯЖЕЛЕТЬ, ПРИБАВЛЯТЬ В ВЕСЕ
НАГУЛЯТЬ	111495-V	ТОЛСТЕТЬ (УВЕЛИЧИВАТЬСЯ В ОБЪЕМЕ)
НАГУЛЯТЬ	106639-V	УВЕЛИЧИТЬСЯ
НАГУЛЯТЬ	111862-V	КОРМИТЬ, ДАВАТЬ ЕДУ
НАГУЛЯТЬ	120076-V	ВЕСЕЛИТЬСЯ
НАГУЛЯТЬ	106501-V	ЗАНЯТИЕ, ДЕЯТЕЛЬНОСТЬ
НАЕЗДИТЬСЯ	120372-V	ПРОЕХАТЬ ПУТЬ
НАЕЗДИТЬСЯ	115580-V	ПРЕОДОЛЕТЬ
НАЕЗДИТЬСЯ	115579-V	ПОКРЫТЬ РАССТОЯНИЕ
НАЕЗДИТЬСЯ	111095-V	ЕХАТЬ, ДВИГАТЬСЯ О СРЕДСТВАХ ПЕРЕДВИЖЕНИЯ
НАЕЗДИТЬСЯ	106587-V	ДВИЖЕНИЕ, ПЕРЕМЕЩЕНИЕ
НАЕЗДИТЬСЯ	115203-V	МИНОВАТЬ (ПРОЙТИ, ПРОЕЗЖАТЬ МИМО)
НАЕЗДИТЬСЯ	111094-V	ЕХАТЬ, ДВИГАТЬСЯ ПРИ ПОМОЩИ СРЕДСТВ ПЕРЕДВИЖЕНИЯ
НАЕЗДИТЬСЯ	106501-V	ЗАНЯТИЕ, ДЕЯТЕЛЬНОСТЬ
НАЕЗДИТЬСЯ	118191-V	РАЗРОВНЯТЬ
НАЕЗДИТЬСЯ	647-V	ПРАВОНАРУШЕНИЕ
НАКЛИКАТЬ	110474-V	ВЫЗВАТЬ, ПОРОДИТЬ
НАКЛИКАТЬ	106473-V	ОБУСЛАВЛИВАТЬ, СПОСОБСТВОВАТЬ
НАКЛИКАТЬ	116195-V	ПРЕДВЕЩАТЬ
НАКЛИКАТЬ	111437-V	ПРЕДОХРАНИТЬ (ЗАРАНЕЕ ОХРАНИТЬ, ОБЕРЕЧЬ)
НАКЛИКАТЬ	116198-V	УКАЗАТЬ (ДАТЬ ЗНАТЬ)
НАКЛИКАТЬ	115820-V	СЕРДИТЬ
НАКЛИКАТЬ	106858-V	ПРЕДСКАЗАТЬ
НАКЛИКАТЬ	106548-V	ПРИЧИНЕНИЕ ВРЕДА
НАКЛИКАТЬ	135345-V	ТАИТЬ В СЕБЕ
НАКЛИКАТЬ	106707-V	ПРЕДУПРЕДИТЬ, ЗАРАНЕЕ ИЗВЕСТИТЬ
НАКРЕНИТЬ	111040-V	ПЕРЕВЕРНУТЬСЯ (ПОВЕРНУТЬСЯ)
НАКРЕНИТЬ	106587-V	ДВИЖЕНИЕ, ПЕРЕМЕЩЕНИЕ
НАКРЕНИТЬ	111038-V	ПОВЕРНУТЬСЯ (ИЗМЕНИТЬ ПОЛОЖЕНИЕ)
НАКРЕНИТЬ	111066-V	НАКЛОНИТЬСЯ, СКЛОНИТЬСЯ
НАКРЕНИТЬ	111031-V	ВАЛИТЬСЯ
НАКРЕНИТЬ	115702-V	ТОНУТЬ, ИДТИ КО ДНУ
НАКРЕНИТЬ	154643-V	КРУШЕНИЕ (АВАРИЯ)
НАКРЕНИТЬ	110824-V	ОТВИНТИТЬ
НАКРЕНИТЬ	106888-V	ПОВЕРНУТЬ, ИЗМЕНИТЬ ПОЛОЖЕНИЕ
НАКРЕНИТЬ	106938-V	ПЕРЕМЕСТИТЬ
НАЛОВЧИТЬСЯ	106494-V	ВЫПОЛНИТЬ, ИСПОЛНИТЬ, ОСУЩЕСТВИТЬ
НАЛОВЧИТЬСЯ	123789-V	МОЧЬ, ИМЕТЬ ВОЗМОЖНОСТЬ
НАЛОВЧИТЬСЯ	118370-V	УЧИТЬ, ОБУЧАТЬ
НАЛОВЧИТЬСЯ	107412-V	РЕЗАТЬ, ПОРЕЗАТЬ
НАЛОВЧИТЬСЯ	106495-V	ИЗГОТОВИТЬ, ВЫРАБОТАТЬ
НАЛОВЧИТЬСЯ	106839-V	СОВЕРШЕНСТВОВАТЬ
НАЛОВЧИТЬСЯ	118369-V	ТРЕНИРОВАТЬ (ОБУЧАЯ УПРАЖНЯТЬ)
НАЛОВЧИТЬСЯ	1604-V	ОБУЧЕНИЕ, УЧЕБНАЯ ДЕЯТЕЛЬНОСТЬ
НАЛОВЧИТЬСЯ	106534-V	ОБРАБАТЫВАТЬ, ПОДВЕРГАТЬ ОБРАБОТКЕ
НАЛОВЧИТЬСЯ	114046-V	УДОВЛЕТВОРИТЬ, ОТВЕЧАТЬ ТРЕБОВАНИЯМ
НАНЮХАТЬСЯ	115824-V	ВДОХНУТЬ, СДЕЛАТЬ ВДОХ
НАНЮХАТЬСЯ	115221-V	ВОБРАТЬ В СЕБЯ
НАНЮХАТЬСЯ	155113-V	УХУДШЕНИЕ САМОЧУВСТВИЯ
НАНЮХАТЬСЯ	115826-V	ВЫДОХНУТЬ
НАНЮХАТЬСЯ	3406-V	ПОВРЕЖДЕНИЕ ЗДОРОВЬЯ
НАНЮХАТЬСЯ	108856-V	ОДЕТЬ, ПОКРЫТЬ ОДЕЖДОЙ, ПОКРЫВАЛОМ
НАНЮХАТЬСЯ	111436-V	ПРОПИТАТЬ (НАСЫТИТЬ)
НАНЮХАТЬСЯ	117709-V	ПИТЬ СПИРТНОЕ
НАНЮХАТЬСЯ	107325-V	ПОКРЫТЬ ПОВЕРХНОСТЬ
НАНЮХАТЬСЯ	4780-V	ОТРАВЛЕНИЕ ЯДОВИТЫМ ВЕЩЕСТВОМ
НАСИЖИВАТЬ	115010-V	РОДИТЬСЯ НА СВЕТ
НАСИЖИВАТЬ	107417-V	ОТДЕЛИТЬ ЧАСТЬ ОТ ЦЕЛОГО
НАСИЖИВАТЬ	123622-V	ПЕРЕСАДКА РАСТЕНИЙ
НАСИЖИВАТЬ	127089-V	РАЗМНОЖИТЬСЯ, РАСПЛОДИТЬСЯ
НАСИЖИВАТЬ	106477-V	ПОЯВИТЬСЯ, ВОЗНИКНУТЬ, НАЧАТЬСЯ
НАСИЖИВАТЬ	142948-V	ВОДИТЬСЯ (ОБИТАТЬ)
НАСИЖИВАТЬ	112813-V	ПОСАДКА РАСТЕНИЙ
НАСИЖИВАТЬ	106934-V	ЕСТЬ, ПРИНИМАТЬ ПИЩУ
НАСИЖИВАТЬ	108870-V	УДАЛИТЬ, ОТДАЛИТЬ НА РАССТОЯНИЕ
НАСИЖИВАТЬ	120166-V	САЖАТЬ, УСАЖИВАТЬ
НЕВОЛИТЬ	106876-V	ВЫСКАЗАТЬ
НЕВОЛИТЬ	107344-V	ПРОСИТЬ, ОБРАЩАТЬСЯ С ПРОСЬБОЙ
НЕВОЛИТЬ	148420-V	ОТНОШЕНИЯ МЕЖДУ ЛЮДЬМИ
НЕВОЛИТЬ	116921-V	ПЕРЕЖИТЬ, ИСПЫТАТЬ
НЕВОЛИТЬ	116816-V	ОБРАТИТЬСЯ СО СЛОВАМИ
НЕВОЛИТЬ	118698-V	ДЕЙСТВИЕ, ЦЕЛЕНАПРАВЛЕННОЕ ДЕЙСТВИЕ
НЕВОЛИТЬ	106877-V	ВЫСКАЗАТЬ МНЕНИЕ
НЕВОЛИТЬ	106504-V	ПОСТУПОК ЧЕЛОВЕКА
НЕВОЛИТЬ	114426-V	СОПРОТИВЛЯТЬСЯ
НЕВОЛИТЬ	119293-V	УПОРСТВОВАТЬ
ОБАГРИТЬ	106483-V	УНИЧТОЖИТЬ, ПРЕКРАТИТЬ СУЩЕСТВОВАНИЕ
ОБАГРИТЬ	111386-V	УБИТЬ, ЛИШИТЬ ЖИЗНИ
ОБАГРИТЬ	112933-V	ОТВЕТИТЬ, ПОСТУПИТЬ В ОТВЕТ
ОБАГРИТЬ	106548-V	ПРИЧИНЕНИЕ ВРЕДА
ОБАГРИТЬ	106504-V	ПОСТУПОК ЧЕЛОВЕКА
ОБАГРИТЬ	115208-V	ОСКОРБИТЬ
ОБАГРИТЬ	112935-V	НАКАЗАТЬ (ВОЗДЕЙСТВОВАТЬ)
ОБАГРИТЬ	133925-V	ПОРТИТЬ РЕПУТАЦИЮ
ОБАГРИТЬ	111611-V	ВЛИЯТЬ, ВОЗДЕЙСТВОВАТЬ
ОБАГРИТЬ	118036-V	ОСТАВИТЬ В ПРЕЖНЕМ СОСТОЯНИИ
ОБЕЗЖЕЛЕЗИТЬ	109109-V	ПРИГОТОВЛЕНИЕ ПИЩИ
ОБЕЗЖЕЛЕЗИТЬ	106534-V	ОБРАБАТЫВАТЬ, ПОДВЕРГАТЬ ОБРАБОТКЕ
ОБЕЗЖЕЛЕЗИТЬ	115570-V	ОБОГАЩЕНИЕ МАТЕРИАЛА, ПРОДУКТА
ОБЕЗЖЕЛЕЗИТЬ	111983-V	ДОБАВИТЬ
ОБЕЗЖЕЛЕЗИТЬ	106629-V	ИЗМЕНИТЬСЯ, ИЗМЕНЕНИЕ
ОБЕЗЖЕЛЕЗИТЬ	107325-V	ПОКРЫТЬ ПОВЕРХНОСТЬ
ОБЕЗЖЕЛЕЗИТЬ	111554-V	ЗАПАСТИ, ЗАГОТОВИТЬ
ОБЕЗЖЕЛЕЗИТЬ	114041-V	ПРОФИЛАКТИКА
ОБЕЗЖЕЛЕЗИТЬ	106631-V	ИЗМЕНИТЬ, СДЕЛАТЬ ИНЫМ
ОБЕЗЖЕЛЕЗИТЬ	139819-V	НАСЫТИТЬ (УВЕЛИЧИТЬ КОНЦЕНТРАЦИЮ)
ОБЕЗЬЯННИЧАТЬ	112044-V	ПОДРАЖАТЬ
ОБЕЗЬЯННИЧАТЬ	110447-V	ВОСПРОИЗВЕСТИ (ВОССОЗДАТЬ, ПОВТОРИТЬ В КОПИИ)
ОБЕЗЬЯННИЧАТЬ	113119-V	ОБМАНУТЬ, ВВЕСТИ В ЗАБЛУЖДЕНИЕ
ОБЕЗЬЯННИЧАТЬ	106876-V	ВЫСКАЗАТЬ
ОБЕЗЬЯННИЧАТЬ	117335-V	ДРАЗНИТЬ (ЗЛИТЬ)
ОБЕЗЬЯННИЧАТЬ	107094-V	ПРОИЗНЕСТИ, ВЫГОВОРИТЬ, ПРОГОВОРИТЬ
ОБЕЗЬЯННИЧАТЬ	117126-V	ПЕРЕДРАЗНИТЬ
ОБЕЗЬЯННИЧАТЬ	117970-V	ВАЖНИЧАТЬ
ОБЕЗЬЯННИЧАТЬ	117968-V	ВОЗОМНИТЬ СЕБЯ
ОБЕЗЬЯННИЧАТЬ	118698-V	ДЕЙСТВИЕ, ЦЕЛЕНАПРАВЛЕННОЕ ДЕЙСТВИЕ
ОБКОЛОТЬ	106631-V	ИЗМЕНИТЬ, СДЕЛАТЬ ИНЫМ
ОБКОЛОТЬ	106534-V	ОБРАБАТЫВАТЬ, ПОДВЕРГАТЬ ОБРАБОТКЕ
ОБКОЛОТЬ	106501-V	ЗАНЯТИЕ, ДЕЯТЕЛЬНОСТЬ
ОБКОЛОТЬ	111853-V	ПРОДЕЛАТЬ ОТВЕРСТИЕ
ОБКОЛОТЬ	106557-V	СОЕДИНИТЬ В ОДНО ЦЕЛОЕ
ОБКОЛОТЬ	107325-V	ПОКРЫТЬ ПОВЕРХНОСТЬ
ОБКОЛОТЬ	106472-V	ПОМОЩЬ, ПОДДЕРЖКА
ОБКОЛОТЬ	106529-V	ОБСЛУЖИТЬ (УДОВЛЕТВОРИТЬ НУЖДЫ)
ОБКОЛОТЬ	123744-V	ПРОПАГАНДА ИДЕЙ, ЗНАНИЙ
ОБКОЛОТЬ	115912-V	ПЕРЕУБЕДИТЬ
ОБОЖЕСТВИТЬ	106501-V	ЗАНЯТИЕ, ДЕЯТЕЛЬНОСТЬ
ОБОЖЕСТВИТЬ	113462-V	ПОЧТЕНИЕ
ОБОЖЕСТВИТЬ	117722-V	ЛЮБИТЬ, ИСПЫТЫВАТЬ ЛЮБОВЬ
ОБОЖЕСТВИТЬ	118494-V	ПРЕКЛОНЯТЬСЯ
ОБОЖЕСТВИТЬ	107125-V	ХВАЛИТЬ
ОБОЖЕСТВИТЬ	153522-V	СМЕНА ВЛАСТИ
ОБОЖЕСТВИТЬ	106784-V	ПЕРЕЛОМ, ПЕРЕЛОМНЫЙ ЭТАП
ОБОЖЕСТВИТЬ	118798-V	ВОСТОРГАТЬСЯ, ВОСХИЩАТЬСЯ
ОБОЖЕСТВИТЬ	141697-V	ПРЕДСТАВИТЬ В ВИДЕ
ОБОЖЕСТВИТЬ	118698-V	ДЕЙСТВИЕ, ЦЕЛЕНАПРАВЛЕННОЕ ДЕЙСТВИЕ
ОБСАДИТЬ	106501-V	ЗАНЯТИЕ, ДЕЯТЕЛЬНОСТЬ
ОБСАДИТЬ	115193-V	ОКРУЖИТЬ, ЗАКЛЮЧИТЬ В КРУГ
ОБСАДИТЬ	112737-V	ЗАНЯТЬ ВСЕ ПРОСТРАНСТВО
ОБСАДИТЬ	116248-V	ПЕРЕГОРОДИТЬ
ОБСАДИТЬ	112813-V	ПОСАДКА РАСТЕНИЙ
ОБСАДИТЬ	4661-V	ОЗДОРОВЛЕНИЕ ПРИРОДЫ
ОБСАДИТЬ	115184-V	ВСКОПАТЬ
ОБСАДИТЬ	116677-V	ЗАКЛЮЧИТЬ (ПОМЕСТИТЬ)
ОБСАДИТЬ	107325-V	ПОКРЫТЬ ПОВЕРХНОСТЬ
ОБСАДИТЬ	106631-V	ИЗМЕНИТЬ, СДЕЛАТЬ ИНЫМ
ОБУГЛИТЬ	111370-V	ПОВРЕДИТЬ
ОБУГЛИТЬ	146751-V	ОБРАБОТКА ПОВЕРХНОСТИ
ОБУГЛИТЬ	108948-V	НАГРЕТЬ, ПОВЫСИТЬ ТЕМПЕРАТУРУ
ОБУГЛИТЬ	115279-V	ОБЖЕЧЬ СО ВСЕХ СТОРОН
ОБУГЛИТЬ	137819-V	ТЕРМИЧЕСКАЯ ОБРАБОТКА
ОБУГЛИТЬ	106629-V	ИЗМЕНИТЬСЯ, ИЗМЕНЕНИЕ
ОБУГЛИТЬ	113413-V	ГОРЕТЬ, СГОРАТЬ
ОБУГЛИТЬ	133750-V	ПОДВЕРГНУТЬ ВОЗДЕЙСТВИЮ
ОБУГЛИТЬ	106534-V	ОБРАБАТЫВАТЬ, ПОДВЕРГАТЬ ОБРАБОТКЕ
ОБУГЛИТЬ	114419-V	ОБЖЕЧЬ, ПОВРЕДИТЬ ОГНЕМ
ОГРУБЕТЬ	106629-V	ИЗМЕНИТЬСЯ, ИЗМЕНЕНИЕ
ОГРУБЕТЬ	111109-V	ТВЕРДЕТЬ, ЗАТВЕРДЕТЬ
ОГРУБЕТЬ	106630-V	УЛУЧШЕНИЕ
ОГРУБЕТЬ	131345-V	КРЕПНУТЬ (СТАНОВИТЬСЯ БОЛЕЕ СТОЙКИМ)
ОГРУБЕТЬ	131344-V	КРЕПНУТЬ (СТАТЬ БОЛЕЕ СИЛЬНЫМ, ФИЗИЧЕСКИ ЗДОРОВЫМ)
ОГРУБЕТЬ	110416-V	ИЗМЕНЯТЬСЯ В ЦВЕТЕ
ОГРУБЕТЬ	118530-V	ЗАМЕРЕТЬ, ЗАСТЫТЬ
ОГРУБЕТЬ	130825-V	НЕМЕТЬ, ЗАНЕМЕТЬ
ОГРУБЕТЬ	118992-V	ХУДЕТЬ, ПОХУДЕТЬ
ОГРУБЕТЬ	113780-V	ПОКРЫТЬСЯ НА ПОВЕРХНОСТИ
ОДУХОТВОРИТЬ	106631-V	ИЗМЕНИТЬ, СДЕЛАТЬ ИНЫМ
ОДУХОТВОРИТЬ	106473-V	ОБУСЛАВЛИВАТЬ, СПОСОБСТВОВАТЬ
ОДУХОТВОРИТЬ	106632-V	УЛУЧШИТЬ
ОДУХОТВОРИТЬ	106785-V	ПРЕОБРАЗОВАТЬ, ПЕРЕДЕЛАТЬ
ОДУХОТВОРИТЬ	141697-V	ПРЕДСТАВИТЬ В ВИДЕ
ОДУХОТВОРИТЬ	111983-V	ДОБАВИТЬ
ОДУХОТВОРИТЬ	106629-V	ИЗМЕНИТЬСЯ, ИЗМЕНЕНИЕ
ОДУХОТВОРИТЬ	106479-V	ИСПОЛНИТЬСЯ, ОСУЩЕСТВИТЬСЯ, ПРЕТВОРИТЬСЯ
ОДУХОТВОРИТЬ	118698-V	ДЕЙСТВИЕ, ЦЕЛЕНАПРАВЛЕННОЕ ДЕЙСТВИЕ
ОДУХОТВОРИТЬ	115104-V	ВОЗБУДИТЬ (ПРИВЕСТИ В ВОЗБУЖДЕННОЕ СОСТОЯНИЕ)
ОКАТЬ	107094-V	ПРОИЗНЕСТИ, ВЫГОВОРИТЬ, ПРОГОВОРИТЬ
ОКАТЬ	106876-V	ВЫСКАЗАТЬ
ОКАТЬ	106504-V	ПОСТУПОК ЧЕЛОВЕКА
ОКАТЬ	120515-V	НАГОВОРИТЬ ЛИШНЕГО
ОКАТЬ	118698-V	ДЕЙСТВИЕ, ЦЕЛЕНАПРАВЛЕННОЕ ДЕЙСТВИЕ
ОКАТЬ	116921-V	ПЕРЕЖИТЬ, ИСПЫТАТЬ
ОКАТЬ	111369-V	ПОРТИТЬ, ДЕЛАТЬ ПЛОХИМ
ОКАТЬ	115256-V	ШУТИТЬ, ОТПУСКАТЬ ШУТКИ
ОКАТЬ	107190-V	РУГАТЬ
ОКАТЬ	115900-V	ПРИТВОРИТЬСЯ, ПРИКИНУТЬСЯ
ОКРОВАВИТЬ	107410-V	ДЕЛИТЬ, РАЗДЕЛЯТЬ НА ЧАСТИ
ОКРОВАВИТЬ	107412-V	РЕЗАТЬ, ПОРЕЗАТЬ
ОКРОВАВИТЬ	111386-V	УБИТЬ, ЛИШИТЬ ЖИЗНИ
ОКРОВАВИТЬ	107404-V	УДАРИТЬ, НАНЕСТИ УДАР
ОКРОВАВИТЬ	106483-V	УНИЧТОЖИТЬ, ПРЕКРАТИТЬ СУЩЕСТВОВАНИЕ
ОКРОВАВИТЬ	106548-V	ПРИЧИНЕНИЕ ВРЕДА
ОКРОВАВИТЬ	3406-V	ПОВРЕЖДЕНИЕ ЗДОРОВЬЯ
ОКРОВАВИТЬ	111963-V	КАСАТЬСЯ, ДОТРАГИВАТЬСЯ
ОКРОВАВИТЬ	114805-V	ВОТКНУТЬ (ЗАСТАВИТЬ ВОЙТИ)
ОКРОВАВИТЬ	107416-V	РВАТЬ, РАЗОРВАТЬ НА ЧАСТИ
ОПЛАВИТЬСЯ	106629-V	ИЗМЕНИТЬСЯ, ИЗМЕНЕНИЕ
ОПЛАВИТЬСЯ	107325-V	ПОКРЫТЬ ПОВЕРХНОСТЬ
ОПЛАВИТЬСЯ	146751-V	ОБРАБОТКА ПОВЕРХНОСТИ
ОПЛАВИТЬСЯ	107326-V	КЛАСТЬ НА ПОВЕРХНОСТЬ
ОПЛАВИТЬСЯ	111097-V	ИЗМЕНЕНИЕ АГРЕГАТНОГО СОСТОЯНИЯ
ОПЛАВИТЬСЯ	113413-V	ГОРЕТЬ, СГОРАТЬ
ОПЛАВИТЬСЯ	137819-V	ТЕРМИЧЕСКАЯ ОБРАБОТКА
ОПЛАВИТЬСЯ	127475-V	ПЕРЕБОРЩИТЬ, ПЕРЕХВАТИТЬ
ОПЛАВИТЬСЯ	116440-V	ТРЕСНУТЬ, ДАТЬ ТРЕЩИНУ
ОПЛАВИТЬСЯ	117084-V	ЗАГОРЕТЬСЯ, НАЧАТЬ ГОРЕТЬ
ОПОХМЕЛИТЬСЯ	117709-V	ПИТЬ СПИРТНОЕ
ОПОХМЕЛИТЬСЯ	106932-V	ПИТЬ, ГЛОТАТЬ ЖИДКОСТЬ
ОПОХМЕЛИТЬСЯ	106933-V	ГЛОТАТЬ ВНУТРЬ СЕБЯ
ОПОХМЕЛИТЬСЯ	128299-V	ПРИЙТИ В ЧУВСТВО
ОПОХМЕЛИТЬСЯ	119990-V	ПРОТРЕЗВИТЬСЯ
ОПОХМЕЛИТЬСЯ	106934-V	ЕСТЬ, ПРИНИМАТЬ ПИЩУ
ОПОХМЕЛИТЬСЯ	118667-V	УДОВЛЕТВОРИТЬСЯ
ОПОХМЕЛИТЬСЯ	128286-V	ПРИВЕСТИ В ЧУВСТВО
ОПОХМЕЛИТЬСЯ	116921-V	ПЕРЕЖИТЬ, ИСПЫТАТЬ
ОПОХМЕЛИТЬСЯ	120076-V	ВЕСЕЛИТЬСЯ
ОРОГОВЕТЬ	106631-V	ИЗМЕНИТЬ, СДЕЛАТЬ ИНЫМ
ОРОГОВЕТЬ	106629-V	ИЗМЕНИТЬСЯ, ИЗМЕНЕНИЕ
ОРОГОВЕТЬ	111994-V	ДЕЛИТЬСЯ НА ЧАСТИ
ОРОГОВЕТЬ	106665-V	НАРУШИТЬ СОСТОЯНИЕ, ХОД
ОРОГОВЕТЬ	146751-V	ОБРАБОТКА ПОВЕРХНОСТИ
ОРОГОВЕТЬ	107325-V	ПОКРЫТЬ ПОВЕРХНОСТЬ
ОРОГОВЕТЬ	107324-V	МАЗАТЬ, НАМАЗАТЬ
ОРОГОВЕТЬ	106534-V	ОБРАБАТЫВАТЬ, ПОДВЕРГАТЬ ОБРАБОТКЕ
ОРОГОВЕТЬ	3406-V	ПОВРЕЖДЕНИЕ ЗДОРОВЬЯ
ОРОГОВЕТЬ	106565-V	САМОЧУВСТВИЕ
ОСЛЫШАТЬСЯ	106876-V	ВЫСКАЗАТЬ
ОСЛЫШАТЬСЯ	107094-V	ПРОИЗНЕСТИ, ВЫГОВОРИТЬ, ПРОГОВОРИТЬ
ОСЛЫШАТЬСЯ	106504-V	ПОСТУПОК ЧЕЛОВЕКА
ОСЛЫШАТЬСЯ	118698-V	ДЕЙСТВИЕ, ЦЕЛЕНАПРАВЛЕННОЕ ДЕЙСТВИЕ
ОСЛЫШАТЬСЯ	115751-V	ОШИБИТЬСЯ
ОСЛЫШАТЬСЯ	119664-V	МЕРЕЩИТЬСЯ
ОСЛЫШАТЬСЯ	142877-V	КАЗАТЬСЯ (ПРЕДСТАВЛЯТЬСЯ)
ОСЛЫШАТЬСЯ	115853-V	ЗВАТЬ, ПОЗВАТЬ
ОСЛЫШАТЬСЯ	107105-V	КРИЧАТЬ, ГОВОРИТЬ ГРОМКО
ОСЛЫШАТЬСЯ	111260-V	ПЛОХОЙ ПОСТУПОК
ОТГРЫЗТЬ	111888-V	КУСАТЬ ЗУБАМИ
ОТГРЫЗТЬ	125754-V	ВОНЗИТЬ (ВОТКНУТЬ ОСТРИЕМ)
ОТГРЫЗТЬ	107410-V	ДЕЛИТЬ, РАЗДЕЛЯТЬ НА ЧАСТИ
ОТГРЫЗТЬ	107417-V	ОТДЕЛИТЬ ЧАСТЬ ОТ ЦЕЛОГО
ОТГРЫЗТЬ	115593-V	ХВАТАТЬ, СХВАТИТЬ
ОТГРЫЗТЬ	118570-V	ПРИЧИНИТЬ БОЛЬ
ОТГРЫЗТЬ	108870-V	УДАЛИТЬ, ОТДАЛИТЬ НА РАССТОЯНИЕ
ОТГРЫЗТЬ	107409-V	РАЗЪЕДИНИТЬ, ПРЕРВАТЬ СОЕДИНЕНИЕ
ОТГРЫЗТЬ	113619-V	ПЕРЕКУСИТЬ, РАСКУСИТЬ
ОТГРЫЗТЬ	106933-V	ГЛОТАТЬ ВНУТРЬ СЕБЯ
ОТКАШЛЯТЬСЯ	107093-V	ИЗДАТЬ ЗВУК
ОТКАШЛЯТЬСЯ	115826-V	ВЫДОХНУТЬ
ОТКАШЛЯТЬСЯ	116668-V	КАШЕЛЬ
ОТКАШЛЯТЬСЯ	106876-V	ВЫСКАЗАТЬ
ОТКАШЛЯТЬСЯ	114519-V	ВЫПУСТИТЬ (ДАТЬ ВЫЙТИ)
ОТКАШЛЯТЬСЯ	115221-V	ВОБРАТЬ В СЕБЯ
ОТКАШЛЯТЬСЯ	114103-V	ИЗДАВАТЬ, ИСПУСКАТЬ
ОТКАШЛЯТЬСЯ	116921-V	ПЕРЕЖИТЬ, ИСПЫТАТЬ
ОТКАШЛЯТЬСЯ	106938-V	ПЕРЕМЕСТИТЬ
ОТКАШЛЯТЬСЯ	111954-V	ВОССТАНОВИТЬ ПРЕЖНЕЕ СОСТОЯНИЕ
ОТПОЛЗТИ	111045-V	УДАЛИТЬСЯ НА НЕКОТОРОЕ РАССТОЯНИЕ
ОТПОЛЗТИ	106587-V	ДВИЖЕНИЕ, ПЕРЕМЕЩЕНИЕ
ОТПОЛЗТИ	116473-V	ОТОДВИНУТЬСЯ (ОТДАЛИТЬСЯ)
ОТПОЛЗТИ	111038-V	ПОВЕРНУТЬСЯ (ИЗМЕНИТЬ ПОЛОЖЕНИЕ)
ОТПОЛЗТИ	111597-V	ОТОДВИНУТЬ НА РАССТОЯНИЕ
ОТПОЛЗТИ	115980-V	УЛЕТЕТЬ (УДАЛИТЬСЯ)
ОТПОЛЗТИ	115803-V	УДАРИТЬСЯ, СТУКНУТЬСЯ
ОТПОЛЗТИ	111040-V	ПЕРЕВЕРНУТЬСЯ (ПОВЕРНУТЬСЯ)
ОТПОЛЗТИ	1664-V	ВОЕННЫЕ ДЕЙСТВИЯ
ОТПОЛЗТИ	118452-V	ОТОЙТИ (УДАЛИТЬСЯ)
ОТРЕКОНСТРУИРОВАТЬ	117793-V	НАЗВАТЬ (ПРОИЗНЕСТИ)
ОТРЕКОНСТРУИРОВАТЬ	148420-V	ОТНОШЕНИЯ МЕЖДУ ЛЮДЬМИ
ОТРЕКОНСТРУИРОВАТЬ	149014-V	ПОЯВЛЕНИЕ МЫСЛЕЙ, ЧУВСТВ
ОТРЕКОНСТРУИРОВАТЬ	115033-V	ОЦЕНИТЬ, ДАТЬ ОЦЕНКУ
ОТРЕКОНСТРУИРОВАТЬ	107094-V	ПРОИЗНЕСТИ, ВЫГОВОРИТЬ, ПРОГОВОРИТЬ
ОТРЕКОНСТРУИРОВАТЬ	116042-V	НАЗВАТЬ, ДАТЬ НАЗВАНИЕ
ОТРЕКОНСТРУИРОВАТЬ	106710-V	ОПРЕДЕЛИТЬ, ВЫЯСНИТЬ
ОТРЕКОНСТРУИРОВАТЬ	106877-V	ВЫСКАЗАТЬ МНЕНИЕ
ОТРЕКОНСТРУИРОВАТЬ	106477-V	ПОЯВИТЬСЯ, ВОЗНИКНУТЬ, НАЧАТЬСЯ
ОТРЕКОНСТРУИРОВАТЬ	116816-V	ОБРАТИТЬСЯ СО СЛОВАМИ
ОТСЫРЕТЬ	106629-V	ИЗМЕНИТЬСЯ, ИЗМЕНЕНИЕ
ОТСЫРЕТЬ	111979-V	ПОРТИТЬСЯ (УХУДШАТЬСЯ)
ОТСЫРЕТЬ	110908-V	УДАЛИТЬ НАРУЖУ
ОТСЫРЕТЬ	121439-V	РАЗМЯГЧИТЬСЯ (СТАТЬ МЯГКИМ, МЯГЧЕ)
ОТСЫРЕТЬ	111109-V	ТВЕРДЕТЬ, ЗАТВЕРДЕТЬ
ОТСЫРЕТЬ	106633-V	УХУДШЕНИЕ
ОТСЫРЕТЬ	132813-V	МЯКНУТЬ (ДЕЛАТЬСЯ МЯГКИМ, ПОДАТЛИВЫМ)
ОТСЫРЕТЬ	113413-V	ГОРЕТЬ, СГОРАТЬ
ОТСЫРЕТЬ	111370-V	ПОВРЕДИТЬ
ОТСЫРЕТЬ	116929-V	СТРАДАТЬ, ИСПЫТЫВАТЬ СТРАДАНИЯ
ОТЦВЕСТИ	106629-V	ИЗМЕНИТЬСЯ, ИЗМЕНЕНИЕ
ОТЦВЕСТИ	113780-V	ПОКРЫТЬСЯ НА ПОВЕРХНОСТИ
ОТЦВЕСТИ	106633-V	УХУДШЕНИЕ
ОТЦВЕСТИ	130453-V	ГИБЕЛЬ (ПРЕКРАЩЕНИЕ СУЩЕСТВОВАНИЯ)
ОТЦВЕСТИ	115161-V	РАСПУСКАНИЕ ПОЧЕК
ОТЦВЕСТИ	110416-V	ИЗМЕНЯТЬСЯ В ЦВЕТЕ
ОТЦВЕСТИ	115162-V	РАСКРЫТЬСЯ, ОТКРЫТЬСЯ
ОТЦВЕСТИ	112155-V	ИСЧЕЗНУТЬ (ПЕРЕСТАТЬ СУЩЕСТВОВАТЬ)
ОТЦВЕСТИ	110483-V	ЗЕЛЕНЕТЬ, СТАНОВИТЬСЯ ЗЕЛЕНЫМ
ОТЦВЕСТИ	111001-V	ВИДНЕТЬСЯ
ОТЯГЧАТЬ	137783-V	БЕСПОКОИТЬ, ПРИЧИНЯТЬ БЕСПОКОЙСТВО
ОТЯГЧАТЬ	115963-V	КАЯТЬСЯ (ПРИЗНАТЬСЯ)
ОТЯГЧАТЬ	144154-V	ВЫНЕСТИ ПРИГОВОР
ОТЯГЧАТЬ	110479-V	ПРИЧИНИТЬ
ОТЯГЧАТЬ	117384-V	СОЖАЛЕТЬ О ПРОШЛОМ
ОТЯГЧАТЬ	106884-V	СЧИТАТЬ, ПРИЗНАВАТЬ КЕМ-ЛИБО
ОТЯГЧАТЬ	117141-V	ГРУСТИТЬ
ОТЯГЧАТЬ	115208-V	ОСКОРБИТЬ
ОТЯГЧАТЬ	106877-V	ВЫСКАЗАТЬ МНЕНИЕ
ОТЯГЧАТЬ	110478-V	ОГОРЧИТЬ, РАССТРОИТЬ
ОЧЕЛОВЕЧИВАТЬ	106631-V	ИЗМЕНИТЬ, СДЕЛАТЬ ИНЫМ
ОЧЕЛОВЕЧИВАТЬ	141697-V	ПРЕДСТАВИТЬ В ВИДЕ
ОЧЕЛОВЕЧИВАТЬ	106473-V	ОБУСЛАВЛИВАТЬ, СПОСОБСТВОВАТЬ
ОЧЕЛОВЕЧИВАТЬ	114819-V	ПРИУЧИТЬ
ОЧЕЛОВЕЧИВАТЬ	118698-V	ДЕЙСТВИЕ, ЦЕЛЕНАПРАВЛЕННОЕ ДЕЙСТВИЕ
ОЧЕЛОВЕЧИВАТЬ	116390-V	ИСКАЗИТЬ, ПРЕДСТАВИТЬ В ЛОЖНОМ СВЕТЕ
ОЧЕЛОВЕЧИВАТЬ	106548-V	ПРИЧИНЕНИЕ ВРЕДА
ОЧЕЛОВЕЧИВАТЬ	106493-V	СОЗДАТЬ (СДЕЛАТЬ СУЩЕСТВУЮЩИМ)
ОЧЕЛОВЕЧИВАТЬ	117722-V	ЛЮБИТЬ, ИСПЫТЫВАТЬ ЛЮБОВЬ
ОЧЕЛОВЕЧИВАТЬ	118494-V	ПРЕКЛОНЯТЬСЯ
ОЩЕНИТЬСЯ	127089-V	РАЗМНОЖИТЬСЯ, РАСПЛОДИТЬСЯ
ОЩЕНИТЬСЯ	129188-V	РАЗВЕСТИ, РАСПЛОДИТЬ
ОЩЕНИТЬСЯ	106493-V	СОЗДАТЬ (СДЕЛАТЬ СУЩЕСТВУЮЩИМ)
ОЩЕНИТЬСЯ	111862-V	КОРМИТЬ, ДАВАТЬ ЕДУ
ОЩЕНИТЬСЯ	115102-V	МУЧИТЬ
ОЩЕНИТЬСЯ	114187-V	РАСТИТЬ, ВЫРАЩИВАТЬ
ОЩЕНИТЬСЯ	106501-V	ЗАНЯТИЕ, ДЕЯТЕЛЬНОСТЬ
ОЩЕНИТЬСЯ	118570-V	ПРИЧИНИТЬ БОЛЬ
ОЩЕНИТЬСЯ	111386-V	УБИТЬ, ЛИШИТЬ ЖИЗНИ
ОЩЕНИТЬСЯ	114541-V	РОЖДАТЬ ДЕТЕНЫША
ПАНИРОВАТЬ	109109-V	ПРИГОТОВЛЕНИЕ ПИЩИ
ПАНИРОВАТЬ	111101-V	НАГРЕТЬСЯ
ПАНИРОВАТЬ	106534-V	ОБРАБАТЫВАТЬ, ПОДВЕРГАТЬ ОБРАБОТКЕ
ПАНИРОВАТЬ	107325-V	ПОКРЫТЬ ПОВЕРХНОСТЬ
ПАНИРОВАТЬ	106629-V	ИЗМЕНИТЬСЯ, ИЗМЕНЕНИЕ
ПАНИРОВАТЬ	109115-V	ЖАРКА ПИЩИ
ПАНИРОВАТЬ	107410-V	ДЕЛИТЬ, РАЗДЕЛЯТЬ НА ЧАСТИ
ПАНИРОВАТЬ	112820-V	МЯТЬ, РАЗМЯТЬ
ПАНИРОВАТЬ	106495-V	ИЗГОТОВИТЬ, ВЫРАБОТАТЬ
ПАНИРОВАТЬ	111682-V	ПЕРЕМЕШАТЬ
ПЕЛЕНАТЬ	118621-V	ЗАБОТИТЬСЯ, ОКРУЖИТЬ ЗАБОТОЙ
ПЕЛЕНАТЬ	107325-V	ПОКРЫТЬ ПОВЕРХНОСТЬ
ПЕЛЕНАТЬ	111862-V	КОРМИТЬ, ДАВАТЬ ЕДУ
ПЕЛЕНАТЬ	125836-V	ВЫКОРМИТЬ (ВЫРАСТИТЬ)
ПЕЛЕНАТЬ	1592-V	ВОСПИТАНИЕ
ПЕЛЕНАТЬ	145895-V	КОРМЛЕНИЕ МЛАДЕНЦА
ПЕЛЕНАТЬ	108856-V	ОДЕТЬ, ПОКРЫТЬ ОДЕЖДОЙ, ПОКРЫВАЛОМ
ПЕЛЕНАТЬ	106557-V	СОЕДИНИТЬ В ОДНО ЦЕЛОЕ
ПЕЛЕНАТЬ	116555-V	ЗАВЕРНУТЬ, ОБЕРНУТЬ
ПЕЛЕНАТЬ	109445-V	УКРЫТЬ (НАКРЫТЬ)
ПЕРЕДАВИТЬ	111386-V	УБИТЬ, ЛИШИТЬ ЖИЗНИ
ПЕРЕДАВИТЬ	106483-V	УНИЧТОЖИТЬ, ПРЕКРАТИТЬ СУЩЕСТВОВАНИЕ
ПЕРЕДАВИТЬ	127172-V	СБИТЬ ВНИЗ
ПЕРЕДАВИТЬ	113695-V	КАЛЕЧИТЬ, УВЕЧИТЬ
ПЕРЕДАВИТЬ	106548-V	ПРИЧИНЕНИЕ ВРЕДА
ПЕРЕДАВИТЬ	113769-V	СБРОСИТЬ ВНИЗ
ПЕРЕДАВИТЬ	111370-V	ПОВРЕДИТЬ
ПЕРЕДАВИТЬ	117284-V	ПОДСТРЕКАТЬ, ПРОВОЦИРОВАТЬ
ПЕРЕДАВИТЬ	148983-V	ПОРТИТЬ ОТНОШЕНИЯ
ПЕРЕДАВИТЬ	106531-V	ПРЕКРАТИТЬ, ПОЛОЖИТЬ КОНЕЦ
ПЕРЕЖИМАТЬ	106817-V	ПРИНУДИТЬ, ЗАСТАВИТЬ
ПЕРЕЖИМАТЬ	111192-V	ДАВИТЬ, ЖАТЬ
ПЕРЕЖИМАТЬ	111047-V	ВЕРТЕТЬ, ВРАЩАТЬ
ПЕРЕЖИМАТЬ	106557-V	СОЕДИНИТЬ В ОДНО ЦЕЛОЕ
ПЕРЕЖИМАТЬ	115089-V	СДАВИТЬ
ПЕРЕЖИМАТЬ	116506-V	ПРИТЕСНИТЬ
ПЕРЕЖИМАТЬ	116164-V	ОТЖАТЬ, ВЫЖАТЬ
ПЕРЕЖИМАТЬ	110910-V	ВЫНУТЬ
ПЕРЕЖИМАТЬ	111370-V	ПОВРЕДИТЬ
ПЕРЕЖИМАТЬ	106631-V	ИЗМЕНИТЬ, СДЕЛАТЬ ИНЫМ
ПЕРЕКОВАТЬ	106495-V	ИЗГОТОВИТЬ, ВЫРАБОТАТЬ
ПЕРЕКОВАТЬ	106534-V	ОБРАБАТЫВАТЬ, ПОДВЕРГАТЬ ОБРАБОТКЕ
ПЕРЕКОВАТЬ	106558-V	ПРИДАВАТЬ ФОРМУ, ФОРМИРОВАТЬ
ПЕРЕКОВАТЬ	111844-V	КОВКА
ПЕРЕКОВАТЬ	106493-V	СОЗДАТЬ (СДЕЛАТЬ СУЩЕСТВУЮЩИМ)
ПЕРЕКОВАТЬ	126461-V	НАБИТЬ (НАСАДИТЬ)
ПЕРЕКОВАТЬ	118370-V	УЧИТЬ, ОБУЧАТЬ
ПЕРЕКОВАТЬ	106631-V	ИЗМЕНИТЬ, СДЕЛАТЬ ИНЫМ
ПЕРЕКОВАТЬ	110790-V	ПРИКРЕПИТЬ, ПРИДЕЛАТЬ
ПЕРЕКОВАТЬ	118110-V	НАСАДИТЬ (НАДЕТЬ, УКРЕПИВ)
ПЕРЕЛИЦЕВАТЬ	106495-V	ИЗГОТОВИТЬ, ВЫРАБОТАТЬ
ПЕРЕЛИЦЕВАТЬ	108856-V	ОДЕТЬ, ПОКРЫТЬ ОДЕЖДОЙ, ПОКРЫВАЛОМ
ПЕРЕЛИЦЕВАТЬ	110801-V	ШИТЬЕ, ПОШИВ
ПЕРЕЛИЦЕВАТЬ	107325-V	ПОКРЫТЬ ПОВЕРХНОСТЬ
ПЕРЕЛИЦЕВАТЬ	106631-V	ИЗМЕНИТЬ, СДЕЛАТЬ ИНЫМ
ПЕРЕЛИЦЕВАТЬ	112144-V	ОБЕСПЕЧИТЬ, СНАБДИТЬ
ПЕРЕЛИЦЕВАТЬ	107412-V	РЕЗАТЬ, ПОРЕЗАТЬ
ПЕРЕЛИЦЕВАТЬ	106493-V	СОЗДАТЬ (СДЕЛАТЬ СУЩЕСТВУЮЩИМ)
ПЕРЕЛИЦЕВАТЬ	111861-V	РАСКРОЙ ТКАНИ
ПЕРЕЛИЦЕВАТЬ	106557-V	СОЕДИНИТЬ В ОДНО ЦЕЛОЕ
ПЕРЕПОСТИТЬ	106501-V	ЗАНЯТИЕ, ДЕЯТЕЛЬНОСТЬ
ПЕРЕПОСТИТЬ	107325-V	ПОКРЫТЬ ПОВЕРХНОСТЬ
ПЕРЕПОСТИТЬ	106504-V	ПОСТУПОК ЧЕЛОВЕКА
ПЕРЕПОСТИТЬ	128611-V	РАЗВИТЬ (УСИЛИТЬ, ДАТЬ ОКРЕПНУТЬ)
ПЕРЕПОСТИТЬ	118698-V	ДЕЙСТВИЕ, ЦЕЛЕНАПРАВЛЕННОЕ ДЕЙСТВИЕ
ПЕРЕПОСТИТЬ	107692-V	ДАТЬ ВОЗМОЖНОСТЬ, ПОЗВОЛИТЬ
ПЕРЕПОСТИТЬ	106629-V	ИЗМЕНИТЬСЯ, ИЗМЕНЕНИЕ
ПЕРЕПОСТИТЬ	5731-V	КОНСЕРВИРОВАНИЕ ПИЩЕВЫХ ПРОДУКТОВ
ПЕРЕПОСТИТЬ	106631-V	ИЗМЕНИТЬ, СДЕЛАТЬ ИНЫМ
ПЕРЕПОСТИТЬ	121100-V	ОСВОБОДИТЬ (УДАЛИТЬ)
ПЕРЕСПОРИТЬ	111611-V	ВЛИЯТЬ, ВОЗДЕЙСТВОВАТЬ
ПЕРЕСПОРИТЬ	106535-V	СКЛОНИТЬ, ПОБУДИТЬ
ПЕРЕСПОРИТЬ	120095-V	УБЕДИТЬ, ЗАСТАВИТЬ ПОВЕРИТЬ
ПЕРЕСПОРИТЬ	106877-V	ВЫСКАЗАТЬ МНЕНИЕ
ПЕРЕСПОРИТЬ	106977-V	ОТВЕТИТЬ, ДАТЬ ОТВЕТ
ПЕРЕСПОРИТЬ	107137-V	ОТКАЗАТЬ, ОТВЕТИТЬ ОТРИЦАТЕЛЬНО
ПЕРЕСПОРИТЬ	116244-V	УБЕДИТЬ, УГОВОРИТЬ
ПЕРЕСПОРИТЬ	106646-V	ОТНОШЕНИЕ МЕЖДУ СУЩНОСТЯМИ
ПЕРЕСПОРИТЬ	106876-V	ВЫСКАЗАТЬ
ПЕРЕСПОРИТЬ	106710-V	ОПРЕДЕЛИТЬ, ВЫЯСНИТЬ
ПЕРЕУСТРАИВАТЬ	106631-V	ИЗМЕНИТЬ, СДЕЛАТЬ ИНЫМ
ПЕРЕУСТРАИВАТЬ	106785-V	ПРЕОБРАЗОВАТЬ, ПЕРЕДЕЛАТЬ
ПЕРЕУСТРАИВАТЬ	106473-V	ОБУСЛАВЛИВАТЬ, СПОСОБСТВОВАТЬ
ПЕРЕУСТРАИВАТЬ	106493-V	СОЗДАТЬ (СДЕЛАТЬ СУЩЕСТВУЮЩИМ)
ПЕРЕУСТРАИВАТЬ	107602-V	ПОВТОРИТЬ, СДЕЛАТЬ ЕЩЕ РАЗ
ПЕРЕУСТРАИВАТЬ	106483-V	УНИЧТОЖИТЬ, ПРЕКРАТИТЬ СУЩЕСТВОВАНИЕ
ПЕРЕУСТРАИВАТЬ	106504-V	ПОСТУПОК ЧЕЛОВЕКА
ПЕРЕУСТРАИВАТЬ	106501-V	ЗАНЯТИЕ, ДЕЯТЕЛЬНОСТЬ
ПЕРЕУСТРАИВАТЬ	112696-V	СТАВИТЬ НА ОПРЕДЕЛЕННОЕ МЕСТО
ПЕРЕУСТРАИВАТЬ	647-V	ПРАВОНАРУШЕНИЕ
ПИКАТЬ	107093-V	ИЗДАТЬ ЗВУК
ПИКАТЬ	107094-V	ПРОИЗНЕСТИ, ВЫГОВОРИТЬ, ПРОГОВОРИТЬ
ПИКАТЬ	114103-V	ИЗДАВАТЬ, ИСПУСКАТЬ
ПИКАТЬ	106876-V	ВЫСКАЗАТЬ
ПИКАТЬ	115535-V	НАДАВИТЬ, НАЖАТЬ
ПИКАТЬ	111963-V	КАСАТЬСЯ, ДОТРАГИВАТЬСЯ
ПИКАТЬ	111192-V	ДАВИТЬ, ЖАТЬ
ПИКАТЬ	106817-V	ПРИНУДИТЬ, ЗАСТАВИТЬ
ПИКАТЬ	118140-V	БОЛТАТЬ, ЧЕСАТЬ ЯЗЫКОМ
ПИКАТЬ	107104-V	КРИЧАТЬ, ИЗДАВАТЬ КРИК
ПОДГОРАТЬ	109109-V	ПРИГОТОВЛЕНИЕ ПИЩИ
ПОДГОРАТЬ	111101-V	НАГРЕТЬСЯ
ПОДГОРАТЬ	106534-V	ОБРАБАТЫВАТЬ, ПОДВЕРГАТЬ ОБРАБОТКЕ
ПОДГОРАТЬ	106629-V	ИЗМЕНИТЬСЯ, ИЗМЕНЕНИЕ
ПОДГОРАТЬ	107325-V	ПОКРЫТЬ ПОВЕРХНОСТЬ
ПОДГОРАТЬ	109115-V	ЖАРКА ПИЩИ
ПОДГОРАТЬ	106495-V	ИЗГОТОВИТЬ, ВЫРАБОТАТЬ
ПОДГОРАТЬ	137819-V	ТЕРМИЧЕСКАЯ ОБРАБОТКА
ПОДГОРАТЬ	106557-V	СОЕДИНИТЬ В ОДНО ЦЕЛОЕ
ПОДГОРАТЬ	111110-V	ИСПАРЕНИЕ ЖИДКОСТИ
ПОДЛЕЗТЬ	111845-V	ПРОНИКНУТЬ ВНУТРЬ
ПОДЛЕЗТЬ	106587-V	ДВИЖЕНИЕ, ПЕРЕМЕЩЕНИЕ
ПОДЛЕЗТЬ	107454-V	ПОДНЯТЬСЯ (ПЕРЕМЕСТИТЬСЯ ВВЕРХ)
ПОДЛЕЗТЬ	106701-V	ДОСТИЧЬ, ДОБИТЬСЯ
ПОДЛЕЗТЬ	114874-V	КАРАБКАТЬСЯ (ЛЕЗТЬ ВВЕРХ)
ПОДЛЕЗТЬ	111599-V	ПОЛЗТИ, ПЕРЕДВИГАТЬСЯ ПОЛЗКОМ
ПОДЛЕЗТЬ	111846-V	ПОПАСТЬ (ОКАЗАТЬСЯ, ОЧУТИТЬСЯ)
ПОДЛЕЗТЬ	111791-V	КОПАТЬ ЯМУ
ПОДЛЕЗТЬ	114875-V	ВЗОБРАТЬСЯ
ПОДЛЕЗТЬ	114877-V	ЛЕЗТЬ (КАРАБКАЯСЬ ПОДНИМАТЬСЯ, ПРОНИКАТЬ КУДА-Л)
ПОДНЫРНУТЬ	106587-V	ДВИЖЕНИЕ, ПЕРЕМЕЩЕНИЕ
ПОДНЫРНУТЬ	111045-V	УДАЛИТЬСЯ НА НЕКОТОРОЕ РАССТОЯНИЕ
ПОДНЫРНУТЬ	115803-V	УДАРИТЬСЯ, СТУКНУТЬСЯ
ПОДНЫРНУТЬ	111038-V	ПОВЕРНУТЬСЯ (ИЗМЕНИТЬ ПОЛОЖЕНИЕ)
ПОДНЫРНУТЬ	115980-V	УЛЕТЕТЬ (УДАЛИТЬСЯ)
ПОДНЫРНУТЬ	111963-V	КАСАТЬСЯ, ДОТРАГИВАТЬСЯ
ПОДНЫРНУТЬ	113962-V	ВОЙТИ ВНУТРЬ
ПОДНЫРНУТЬ	111040-V	ПЕРЕВЕРНУТЬСЯ (ПОВЕРНУТЬСЯ)
ПОДНЫРНУТЬ	115993-V	ВЗМАХНУТЬ (МАХНУТЬ ВВЕРХ)
ПОДНЫРНУТЬ	121004-V	ОТВЕСТИ В ДРУГОЕ НАПРАВЛЕНИЕ
ПОДРАЗДЕЛЯТЬСЯ	107410-V	ДЕЛИТЬ, РАЗДЕЛЯТЬ НА ЧАСТИ
ПОДРАЗДЕЛЯТЬСЯ	111588-V	РАЗЛИЧИТЬ, УСТАНОВИТЬ РАЗЛИЧИЕ
ПОДРАЗДЕЛЯТЬСЯ	107409-V	РАЗЪЕДИНИТЬ, ПРЕРВАТЬ СОЕДИНЕНИЕ
ПОДРАЗДЕЛЯТЬСЯ	118698-V	ДЕЙСТВИЕ, ЦЕЛЕНАПРАВЛЕННОЕ ДЕЙСТВИЕ
ПОДРАЗДЕЛЯТЬСЯ	106646-V	ОТНОШЕНИЕ МЕЖДУ СУЩНОСТЯМИ
ПОДРАЗДЕЛЯТЬСЯ	106710-V	ОПРЕДЕЛИТЬ, ВЫЯСНИТЬ
ПОДРАЗДЕЛЯТЬСЯ	107417-V	ОТДЕЛИТЬ ЧАСТЬ ОТ ЦЕЛОГО
ПОДРАЗДЕЛЯТЬСЯ	111944-V	НАЗНАЧИТЬ, УСТАНОВИТЬ, ОПРЕДЕЛИТЬ
ПОДРАЗДЕЛЯТЬСЯ	108870-V	УДАЛИТЬ, ОТДАЛИТЬ НА РАССТОЯНИЕ
ПОДРАЗДЕЛЯТЬСЯ	107533-V	ОБЪЕДИНИТЬ В ЕДИНОЕ ЦЕЛОЕ
ПОДСЕКАТЬ	9794-V	ЛЮБИТЕЛЬСКОЕ РЫБОЛОВСТВО
ПОДСЕКАТЬ	115593-V	ХВАТАТЬ, СХВАТИТЬ
ПОДСЕКАТЬ	114364-V	ЛОВЛЯ ДОБЫЧИ
ПОДСЕКАТЬ	115072-V	ЗАХВАТИТЬ, ЗАВЛАДЕТЬ
ПОДСЕКАТЬ	501-V	РЫБОЛОВСТВО
ПОДСЕКАТЬ	106501-V	ЗАНЯТИЕ, ДЕЯТЕЛЬНОСТЬ
ПОДСЕКАТЬ	1489-V	ОТДЫХ
ПОДСЕКАТЬ	106803-V	СПАСТИСЬ
ПОДСЕКАТЬ	115594-V	БРАТЬ РУКОЙ, ЗУБАМИ, ОРУДИЕМ
ПОДСЕКАТЬ	106497-V	ИСПОЛЬЗОВАТЬ, УПОТРЕБЛЯТЬ
ПОДУЧИТЬСЯ	130167-V	УСВОИТЬ ИНФОРМАЦИЮ
ПОДУЧИТЬСЯ	111885-V	ЗАПОМНИТЬ, СОХРАНИТЬ В ПАМЯТИ
ПОДУЧИТЬСЯ	106709-V	УЗНАТЬ, ПОЛУЧИТЬ СВЕДЕНИЯ
ПОДУЧИТЬСЯ	106678-V	ПОНЯТЬ
ПОДУЧИТЬСЯ	133979-V	ПОЗНАТЬ, ПРИОБРЕСТИ ЗНАНИЕ
ПОДУЧИТЬСЯ	1604-V	ОБУЧЕНИЕ, УЧЕБНАЯ ДЕЯТЕЛЬНОСТЬ
ПОДУЧИТЬСЯ	106542-V	СООБЩИТЬ, УВЕДОМИТЬ
ПОДУЧИТЬСЯ	106485-V	ПЕРЕСТАТЬ, ПРЕКРАТИТЬ (ЧТО-ТО ДЕЛАТЬ)
ПОДУЧИТЬСЯ	106501-V	ЗАНЯТИЕ, ДЕЯТЕЛЬНОСТЬ
ПОДУЧИТЬСЯ	112145-V	КОНЧИТЬ, ЗАВЕРШИТЬ ДО КОНЦА
ПОЛУЛЕЖАТЬ	115786-V	НАХОДИТЬСЯ, ПРЕБЫВАТЬ
ПОЛУЛЕЖАТЬ	128309-V	ПРИНЯТЬ ПОЛОЖЕНИЕ, ПОЗУ
ПОЛУЛЕЖАТЬ	114560-V	СЕСТЬ, ПРИНЯТЬ СИДЯЧЕЕ ПОЛОЖЕНИЕ
ПОЛУЛЕЖАТЬ	111085-V	ОПУСТИТЬСЯ ВНИЗ
ПОЛУЛЕЖАТЬ	106646-V	ОТНОШЕНИЕ МЕЖДУ СУЩНОСТЯМИ
ПОЛУЛЕЖАТЬ	106587-V	ДВИЖЕНИЕ, ПЕРЕМЕЩЕНИЕ
ПОЛУЛЕЖАТЬ	106618-V	РАЗМЕСТИТЬСЯ
ПОЛУЛЕЖАТЬ	115153-V	ПРОБЫТЬ, ПРОВЕСТИ ВРЕМЯ
ПОЛУЛЕЖАТЬ	119502-V	ШЕВЕЛИТЬСЯ, ИЗМЕНЯТЬ ПОЛОЖЕНИЕ ТЕЛА
ПОЛУЛЕЖАТЬ	119132-V	НАПРЯЧЬСЯ, ПРИЛОЖИТЬ УСИЛИЕ
ПОХМЕЛИТЬСЯ	117709-V	ПИТЬ СПИРТНОЕ
ПОХМЕЛИТЬСЯ	106932-V	ПИТЬ, ГЛОТАТЬ ЖИДКОСТЬ
ПОХМЕЛИТЬСЯ	106933-V	ГЛОТАТЬ ВНУТРЬ СЕБЯ
ПОХМЕЛИТЬСЯ	128299-V	ПРИЙТИ В ЧУВСТВО
ПОХМЕЛИТЬСЯ	119990-V	ПРОТРЕЗВИТЬСЯ
ПОХМЕЛИТЬСЯ	118667-V	УДОВЛЕТВОРИТЬСЯ
ПОХМЕЛИТЬСЯ	128286-V	ПРИВЕСТИ В ЧУВСТВО
ПОХМЕЛИТЬСЯ	107093-V	ИЗДАТЬ ЗВУК
ПОХМЕЛИТЬСЯ	117948-V	УДАРИТЬ (РАЗДАТЬСЯ О РЕЗКОМ ЗВУКЕ)
ПОХМЕЛИТЬСЯ	117855-V	ВОССТАНОВЛЕНИЕ ПРЕЖНЕГО СОСТОЯНИЯ
ПРИВОДНИТЬСЯ	106587-V	ДВИЖЕНИЕ, ПЕРЕМЕЩЕНИЕ
ПРИВОДНИТЬСЯ	111085-V	ОПУСТИТЬСЯ ВНИЗ
ПРИВОДНИТЬСЯ	107454-V	ПОДНЯТЬСЯ (ПЕРЕМЕСТИТЬСЯ ВВЕРХ)
ПРИВОДНИТЬСЯ	107445-V	ЛЕТЕТЬ (ПЕРЕДВИГАТЬСЯ)
ПРИВОДНИТЬСЯ	154643-V	КРУШЕНИЕ (АВАРИЯ)
ПРИВОДНИТЬСЯ	111767-V	ПОГРУЗИТЬСЯ В ЖИДКОСТЬ
ПРИВОДНИТЬСЯ	120701-V	КАТАПУЛЬТИРОВАТЬ
ПРИВОДНИТЬСЯ	117148-V	ВЫБРОСИТЬСЯ
ПРИВОДНИТЬСЯ	114452-V	СПУСТИТЬСЯ ВНИЗ
ПРИВОДНИТЬСЯ	115702-V	ТОНУТЬ, ИДТИ КО ДНУ
ПРИГНУТЬ	106587-V	ДВИЖЕНИЕ, ПЕРЕМЕЩЕНИЕ
ПРИГНУТЬ	111085-V	ОПУСТИТЬСЯ ВНИЗ
ПРИГНУТЬ	108824-V	ОПУСТИТЬ ВНИЗ
ПРИГНУТЬ	111086-V	ГНУТЬСЯ, СОГНУТЬСЯ
ПРИГНУТЬ	111050-V	ГНУТЬ, ИЗОГНУТЬ
ПРИГНУТЬ	106938-V	ПЕРЕМЕСТИТЬ
ПРИГНУТЬ	115840-V	ОТКЛОНИТЬ, СМЕСТИТЬ В СТОРОНУ
ПРИГНУТЬ	106629-V	ИЗМЕНИТЬСЯ, ИЗМЕНЕНИЕ
ПРИГНУТЬ	121004-V	ОТВЕСТИ В ДРУГОЕ НАПРАВЛЕНИЕ
ПРИГНУТЬ	116160-V	ВЫРОВНЯТЬСЯ (СТАТЬ РОВНЫМ)
ПРИДУРИВАТЬСЯ	107094-V	ПРОИЗНЕСТИ, ВЫГОВОРИТЬ, ПРОГОВОРИТЬ
ПРИДУРИВАТЬСЯ	115256-V	ШУТИТЬ, ОТПУСКАТЬ ШУТКИ
ПРИДУРИВАТЬСЯ	106504-V	ПОСТУПОК ЧЕЛОВЕКА
ПРИДУРИВАТЬСЯ	119594-V	БАЛОВАТЬСЯ (ШАЛИТЬ, ЗАБАВЛЯТЬСЯ)
ПРИДУРИВАТЬСЯ	106876-V	ВЫСКАЗАТЬ
ПРИДУРИВАТЬСЯ	113119-V	ОБМАНУТЬ, ВВЕСТИ В ЗАБЛУЖДЕНИЕ
ПРИДУРИВАТЬСЯ	117094-V	ШЕВЕЛИТЬ ЧАСТЬЮ ТЕЛА
ПРИДУРИВАТЬСЯ	116283-V	ИЗДЕВАТЬСЯ
ПРИДУРИВАТЬСЯ	116284-V	ВЫСМЕЯТЬ, ОСМЕЯТЬ
ПРИДУРИВАТЬСЯ	126589-V	РАЗВЛЕЧЬСЯ, ПРОВЕСТИ ПРИЯТНО ВРЕМЯ
ПРИКОРНУТЬ	115786-V	НАХОДИТЬСЯ, ПРЕБЫВАТЬ
ПРИКОРНУТЬ	120956-V	ВПАСТЬ В СОСТОЯНИЕ
ПРИКОРНУТЬ	115153-V	ПРОБЫТЬ, ПРОВЕСТИ ВРЕМЯ
ПРИКОРНУТЬ	1489-V	ОТДЫХ
ПРИКОРНУТЬ	106646-V	ОТНОШЕНИЕ МЕЖДУ СУЩНОСТЯМИ
ПРИКОРНУТЬ	111085-V	ОПУСТИТЬСЯ ВНИЗ
ПРИКОРНУТЬ	106565-V	САМОЧУВСТВИЕ
ПРИКОРНУТЬ	106618-V	РАЗМЕСТИТЬСЯ
ПРИКОРНУТЬ	115625-V	УМЕСТИТЬСЯ
ПРИКОРНУТЬ	118866-V	ПРОПУСТИТЬ ВОЗМОЖНОСТЬ
ПРИМОСТИТЬСЯ	114560-V	СЕСТЬ, ПРИНЯТЬ СИДЯЧЕЕ ПОЛОЖЕНИЕ
ПРИМОСТИТЬСЯ	106618-V	РАЗМЕСТИТЬСЯ
ПРИМОСТИТЬСЯ	128309-V	ПРИНЯТЬ ПОЛОЖЕНИЕ, ПОЗУ
ПРИМОСТИТЬСЯ	106587-V	ДВИЖЕНИЕ, ПЕРЕМЕЩЕНИЕ
ПРИМОСТИТЬСЯ	111085-V	ОПУСТИТЬСЯ ВНИЗ
ПРИМОСТИТЬСЯ	115625-V	УМЕСТИТЬСЯ
ПРИМОСТИТЬСЯ	119132-V	НАПРЯЧЬСЯ, ПРИЛОЖИТЬ УСИЛИЕ
ПРИМОСТИТЬСЯ	107441-V	НАЧАТЬ, ПРИСТУПИТЬ, ПРИНЯТЬСЯ
ПРИМОСТИТЬСЯ	106637-V	УМЕНЬШИТЬСЯ
ПРИМОСТИТЬСЯ	128336-V	ПРИСТРОИТЬСЯ (ПОМЕСТИТЬСЯ, РАСПОЛОЖИТЬСЯ, ОКОЛО ЧЕГО-Н.)
ПРИПЛЮСНУТЬ	107325-V	ПОКРЫТЬ ПОВЕРХНОСТЬ
ПРИПЛЮСНУТЬ	107324-V	МАЗАТЬ, НАМАЗАТЬ
ПРИПЛЮСНУТЬ	107410-V	ДЕЛИТЬ, РАЗДЕЛЯТЬ НА ЧАСТИ
ПРИПЛЮСНУТЬ	107412-V	РЕЗАТЬ, ПОРЕЗАТЬ
ПРИПЛЮСНУТЬ	112820-V	МЯТЬ, РАЗМЯТЬ
ПРИПЛЮСНУТЬ	109109-V	ПРИГОТОВЛЕНИЕ ПИЩИ
ПРИПЛЮСНУТЬ	107326-V	КЛАСТЬ НА ПОВЕРХНОСТЬ
ПРИПЛЮСНУТЬ	146751-V	ОБРАБОТКА ПОВЕРХНОСТИ
ПРИПЛЮСНУТЬ	111682-V	ПЕРЕМЕШАТЬ
ПРИПЛЮСНУТЬ	111892-V	ПРОКЛАДЫВАНИЕ СЛОЯ
ПРИСЛОНИТЬ	110790-V	ПРИКРЕПИТЬ, ПРИДЕЛАТЬ
ПРИСЛОНИТЬ	106938-V	ПЕРЕМЕСТИТЬ
ПРИСЛОНИТЬ	111594-V	ПРИБЛИЗИТЬ НА РАССТОЯНИЕ
ПРИСЛОНИТЬ	108824-V	ОПУСТИТЬ ВНИЗ
ПРИСЛОНИТЬ	106587-V	ДВИЖЕНИЕ, ПЕРЕМЕЩЕНИЕ
ПРИСЛОНИТЬ	116824-V	ОПЕРЕТЬСЯ (ВОСПОЛЬЗОВАТЬСЯ ОПОРОЙ)
ПРИСЛОНИТЬ	116822-V	ОПЕРЕТЬ, ИСПОЛЬЗОВАТЬ ОПОРУ
ПРИСЛОНИТЬ	106497-V	ИСПОЛЬЗОВАТЬ, УПОТРЕБЛЯТЬ
ПРИСЛОНИТЬ	111596-V	ДВИГАТЬ (ПЕРЕМЕЩАТЬ)
ПРИСЛОНИТЬ	109026-V	ПОДСТАВИТЬ, ПОСТАВИТЬ ПОД
ПРИХОРАШИВАТЬСЯ	108856-V	ОДЕТЬ, ПОКРЫТЬ ОДЕЖДОЙ, ПОКРЫВАЛОМ
ПРИХОРАШИВАТЬСЯ	107325-V	ПОКРЫТЬ ПОВЕРХНОСТЬ
ПРИХОРАШИВАТЬСЯ	107458-V	КРАСИТЬ, ПОКРЫВАТЬ КРАСКОЙ
ПРИХОРАШИВАТЬСЯ	118191-V	РАЗРОВНЯТЬ
ПРИХОРАШИВАТЬСЯ	106631-V	ИЗМЕНИТЬ, СДЕЛАТЬ ИНЫМ
ПРИХОРАШИВАТЬСЯ	106501-V	ЗАНЯТИЕ, ДЕЯТЕЛЬНОСТЬ
ПРИХОРАШИВАТЬСЯ	117993-V	РАЗГЛАДИТЬ
ПРИХОРАШИВАТЬСЯ	7064-V	ПРЕДОСТАВЛЕНИЕ УСЛУГ
ПРИХОРАШИВАТЬСЯ	106558-V	ПРИДАВАТЬ ФОРМУ, ФОРМИРОВАТЬ
ПРИХОРАШИВАТЬСЯ	120282-V	ОДЕТЬСЯ
ПРИШПИЛИТЬ	110790-V	ПРИКРЕПИТЬ, ПРИДЕЛАТЬ
ПРИШПИЛИТЬ	111668-V	ПРИСОЕДИНИТЬ
ПРИШПИЛИТЬ	106557-V	СОЕДИНИТЬ В ОДНО ЦЕЛОЕ
ПРИШПИЛИТЬ	113291-V	СШИВАТЬ
ПРИШПИЛИТЬ	113352-V	ВЕШАТЬ (ПОМЕСТИТЬ)
ПРИШПИЛИТЬ	118698-V	ДЕЙСТВИЕ, ЦЕЛЕНАПРАВЛЕННОЕ ДЕЙСТВИЕ
ПРИШПИЛИТЬ	117505-V	ПРИВЕСИТЬ
ПРИШПИЛИТЬ	116853-V	ЗАЦЕПИТЬ (СОЕДИНИТЬ)
ПРИШПИЛИТЬ	110797-V	ПРИКОЛОТЬ (ПРИКРЕПИТЬ)
ПРИШПИЛИТЬ	107325-V	ПОКРЫТЬ ПОВЕРХНОСТЬ
ПРОДЛЯТЬ	106640-V	УВЕЛИЧИТЬ
ПРОДЛЯТЬ	106631-V	ИЗМЕНИТЬ, СДЕЛАТЬ ИНЫМ
ПРОДЛЯТЬ	115977-V	ПЕРЕНОС НА ДРУГОЕ ВРЕМЯ
ПРОДЛЯТЬ	131645-V	ЗАДЕРЖАТЬ, ДЕЛАТЬ НЕ ВОВРЕМЯ
ПРОДЛЯТЬ	106721-V	УДЛИНИТЬ, УВЕЛИЧИТЬ ПРОДОЛЖИТЕЛЬНОСТЬ
ПРОДЛЯТЬ	111944-V	НАЗНАЧИТЬ, УСТАНОВИТЬ, ОПРЕДЕЛИТЬ
ПРОДЛЯТЬ	118698-V	ДЕЙСТВИЕ, ЦЕЛЕНАПРАВЛЕННОЕ ДЕЙСТВИЕ
ПРОДЛЯТЬ	106494-V	ВЫПОЛНИТЬ, ИСПОЛНИТЬ, ОСУЩЕСТВИТЬ
ПРОДЛЯТЬ	106646-V	ОТНОШЕНИЕ МЕЖДУ СУЩНОСТЯМИ
ПРОДЛЯТЬ	106629-V	ИЗМЕНИТЬСЯ, ИЗМЕНЕНИЕ
ПРОМУЛЬГИРОВАТЬ	116921-V	ПЕРЕЖИТЬ, ИСПЫТАТЬ
ПРОМУЛЬГИРОВАТЬ	106501-V	ЗАНЯТИЕ, ДЕЯТЕЛЬНОСТЬ
ПРОМУЛЬГИРОВАТЬ	117320-V	УТОМИТЬСЯ, УСТАТЬ
ПРОМУЛЬГИРОВАТЬ	107325-V	ПОКРЫТЬ ПОВЕРХНОСТЬ
ПРОМУЛЬГИРОВАТЬ	106504-V	ПОСТУПОК ЧЕЛОВЕКА
ПРОМУЛЬГИРОВАТЬ	111369-V	ПОРТИТЬ, ДЕЛАТЬ ПЛОХИМ
ПРОМУЛЬГИРОВАТЬ	115153-V	ПРОБЫТЬ, ПРОВЕСТИ ВРЕМЯ
ПРОМУЛЬГИРОВАТЬ	107013-V	ГРЯЗНИТЬ, ПАЧКАТЬ
ПРОМУЛЬГИРОВАТЬ	106721-V	УДЛИНИТЬ, УВЕЛИЧИТЬ ПРОДОЛЖИТЕЛЬНОСТЬ
ПРОМУЛЬГИРОВАТЬ	116929-V	СТРАДАТЬ, ИСПЫТЫВАТЬ СТРАДАНИЯ
ПРОТОКОЛИРОВАТЬ	118698-V	ДЕЙСТВИЕ, ЦЕЛЕНАПРАВЛЕННОЕ ДЕЙСТВИЕ
ПРОТОКОЛИРОВАТЬ	152808-V	ФИКСИРОВАТЬ НА БУМАГЕ, ИЗОБРАЖЕНИИ
ПРОТОКОЛИРОВАТЬ	106876-V	ВЫСКАЗАТЬ
ПРОТОКОЛИРОВАТЬ	106542-V	СООБЩИТЬ, УВЕДОМИТЬ
ПРОТОКОЛИРОВАТЬ	107003-V	ПИСАТЬ, ИЗОБРАЖАТЬ ГРАФИЧЕСКИЕ ЗНАКИ
ПРОТОКОЛИРОВАТЬ	106869-V	ОБОСНОВАТЬ
ПРОТОКОЛИРОВАТЬ	106868-V	СВИДЕТЕЛЬСТВОВАТЬ, СЛУЖИТЬ СВИДЕТЕЛЬСТВОМ
ПРОТОКОЛИРОВАТЬ	112077-V	СОБРАТЬ В ОДНОМ МЕСТЕ
ПРОТОКОЛИРОВАТЬ	111881-V	НАНЕСЕНИЕ НА ПОВЕРХНОСТЬ
ПРОТОКОЛИРОВАТЬ	114786-V	ВНЕСТИ (ВКЛЮЧИТЬ, ДОБАВИТЬ)
ПРОТОРИТЬ	106587-V	ДВИЖЕНИЕ, ПЕРЕМЕЩЕНИЕ
ПРОТОРИТЬ	116035-V	НАПРАВИТЬСЯ, СЛЕДОВАТЬ В НАПРАВЛЕНИИ
ПРОТОРИТЬ	118835-V	ПРЕГРАДИТЬ (ВОСПРЕПЯТСТВОВАТЬ, ПОМЕШАТЬ)
ПРОТОРИТЬ	106710-V	ОПРЕДЕЛИТЬ, ВЫЯСНИТЬ
ПРОТОРИТЬ	111625-V	ЧЕРТИТЬ, ДЕЛАТЬ ЧЕРТЕЖ
ПРОТОРИТЬ	106493-V	СОЗДАТЬ (СДЕЛАТЬ СУЩЕСТВУЮЩИМ)
ПРОТОРИТЬ	112550-V	ПОКИНУТЬ МЕСТО
ПРОТОРИТЬ	110813-V	ВЛОЖИТЬ ВНУТРЬ
ПРОТОРИТЬ	115203-V	МИНОВАТЬ (ПРОЙТИ, ПРОЕЗЖАТЬ МИМО)
ПРОТОРИТЬ	106629-V	ИЗМЕНИТЬСЯ, ИЗМЕНЕНИЕ
ПУДРИТЬ	106504-V	ПОСТУПОК ЧЕЛОВЕКА
ПУДРИТЬ	113119-V	ОБМАНУТЬ, ВВЕСТИ В ЗАБЛУЖДЕНИЕ
ПУДРИТЬ	107094-V	ПРОИЗНЕСТИ, ВЫГОВОРИТЬ, ПРОГОВОРИТЬ
ПУДРИТЬ	106876-V	ВЫСКАЗАТЬ
ПУДРИТЬ	115256-V	ШУТИТЬ, ОТПУСКАТЬ ШУТКИ
ПУДРИТЬ	118698-V	ДЕЙСТВИЕ, ЦЕЛЕНАПРАВЛЕННОЕ ДЕЙСТВИЕ
ПУДРИТЬ	117970-V	ВАЖНИЧАТЬ
ПУДРИТЬ	119594-V	БАЛОВАТЬСЯ (ШАЛИТЬ, ЗАБАВЛЯТЬСЯ)
ПУДРИТЬ	107458-V	КРАСИТЬ, ПОКРЫВАТЬ КРАСКОЙ
ПУДРИТЬ	117968-V	ВОЗОМНИТЬ СЕБЯ
РАЗВАРИТЬ	109109-V	ПРИГОТОВЛЕНИЕ ПИЩИ
РАЗВАРИТЬ	106534-V	ОБРАБАТЫВАТЬ, ПОДВЕРГАТЬ ОБРАБОТКЕ
РАЗВАРИТЬ	107410-V	ДЕЛИТЬ, РАЗДЕЛЯТЬ НА ЧАСТИ
РАЗВАРИТЬ	106495-V	ИЗГОТОВИТЬ, ВЫРАБОТАТЬ
РАЗВАРИТЬ	137819-V	ТЕРМИЧЕСКАЯ ОБРАБОТКА
РАЗВАРИТЬ	106493-V	СОЗДАТЬ (СДЕЛАТЬ СУЩЕСТВУЮЩИМ)
РАЗВАРИТЬ	112820-V	МЯТЬ, РАЗМЯТЬ
РАЗВАРИТЬ	112819-V	МЕШАТЬ, ПОМЕШИВАТЬ
РАЗВАРИТЬ	107325-V	ПОКРЫТЬ ПОВЕРХНОСТЬ
РАЗВАРИТЬ	106629-V	ИЗМЕНИТЬСЯ, ИЗМЕНЕНИЕ
РАЗГИБАТЬСЯ	106587-V	ДВИЖЕНИЕ, ПЕРЕМЕЩЕНИЕ
РАЗГИБАТЬСЯ	116388-V	УТРАТИТЬ
РАЗГИБАТЬСЯ	111086-V	ГНУТЬСЯ, СОГНУТЬСЯ
РАЗГИБАТЬСЯ	106629-V	ИЗМЕНИТЬСЯ, ИЗМЕНЕНИЕ
РАЗГИБАТЬСЯ	106558-V	ПРИДАВАТЬ ФОРМУ, ФОРМИРОВАТЬ
РАЗГИБАТЬСЯ	116160-V	ВЫРОВНЯТЬСЯ (СТАТЬ РОВНЫМ)
РАЗГИБАТЬСЯ	118530-V	ЗАМЕРЕТЬ, ЗАСТЫТЬ
РАЗГИБАТЬСЯ	130825-V	НЕМЕТЬ, ЗАНЕМЕТЬ
РАЗГИБАТЬСЯ	111109-V	ТВЕРДЕТЬ, ЗАТВЕРДЕТЬ
РАЗГИБАТЬСЯ	111085-V	ОПУСТИТЬСЯ ВНИЗ
РАЗГОВЕТЬСЯ	106934-V	ЕСТЬ, ПРИНИМАТЬ ПИЩУ
РАЗГОВЕТЬСЯ	106933-V	ГЛОТАТЬ ВНУТРЬ СЕБЯ
РАЗГОВЕТЬСЯ	106501-V	ЗАНЯТИЕ, ДЕЯТЕЛЬНОСТЬ
РАЗГОВЕТЬСЯ	119043-V	ПРЕДЛОЖИТЬ (ПРЕДОСТАВИТЬ)
РАЗГОВЕТЬСЯ	109109-V	ПРИГОТОВЛЕНИЕ ПИЩИ
РАЗГОВЕТЬСЯ	118667-V	УДОВЛЕТВОРИТЬСЯ
РАЗГОВЕТЬСЯ	131385-V	ЗАХВАТИТЬ (ЗАБРАТЬ)
РАЗГОВЕТЬСЯ	134070-V	ОТМЕТИТЬ ПАМЯТНУЮ ДАТУ
РАЗГОВЕТЬСЯ	116921-V	ПЕРЕЖИТЬ, ИСПЫТАТЬ
РАЗГОВЕТЬСЯ	115880-V	ВЫДЕЛИТЬ, ОТЛИЧИТЬ ОТ ОСТАЛЬНЫХ
РАЗЕВАТЬ	107093-V	ИЗДАТЬ ЗВУК
РАЗЕВАТЬ	107094-V	ПРОИЗНЕСТИ, ВЫГОВОРИТЬ, ПРОГОВОРИТЬ
РАЗЕВАТЬ	106876-V	ВЫСКАЗАТЬ
РАЗЕВАТЬ	114103-V	ИЗДАВАТЬ, ИСПУСКАТЬ
РАЗЕВАТЬ	106698-V	ПОМЕСТИТЬ, НАЙТИ МЕСТО
РАЗЕВАТЬ	118698-V	ДЕЙСТВИЕ, ЦЕЛЕНАПРАВЛЕННОЕ ДЕЙСТВИЕ
РАЗЕВАТЬ	117968-V	ВОЗОМНИТЬ СЕБЯ
РАЗЕВАТЬ	117970-V	ВАЖНИЧАТЬ
РАЗЕВАТЬ	126522-V	ГРИМАСНИЧАТЬ, ДЕЛАТЬ ГРИМАСЫ
РАЗЕВАТЬ	125754-V	ВОНЗИТЬ (ВОТКНУТЬ ОСТРИЕМ)
РАЗМЕЧТАТЬСЯ	117099-V	ВООБРАЗИТЬ, ПРЕДСТАВИТЬ В МЫСЛЯХ
РАЗМЕЧТАТЬСЯ	116921-V	ПЕРЕЖИТЬ, ИСПЫТАТЬ
РАЗМЕЧТАТЬСЯ	106467-V	МЫСЛИТЕЛЬНЫЙ ПРОЦЕСС
РАЗМЕЧТАТЬСЯ	120667-V	ОТДАТЬСЯ, ПОСВЯТИТЬ СЕБЯ
РАЗМЕЧТАТЬСЯ	150230-V	ПРЕБЫВАТЬ В СОСТОЯНИИ
РАЗМЕЧТАТЬСЯ	106485-V	ПЕРЕСТАТЬ, ПРЕКРАТИТЬ (ЧТО-ТО ДЕЛАТЬ)
РАЗМЕЧТАТЬСЯ	118698-V	ДЕЙСТВИЕ, ЦЕЛЕНАПРАВЛЕННОЕ ДЕЙСТВИЕ
РАЗМЕЧТАТЬСЯ	117103-V	УВЛЕЧЬСЯ (СИЛЬНО ЗАИНТЕРЕСОВАТЬСЯ)
РАЗМЕЧТАТЬСЯ	119928-V	ХОТЕТЬ, ИМЕТЬ ЖЕЛАНИЕ
РАЗМЕЧТАТЬСЯ	116391-V	ТЕРЯТЬ, УТЕРЯТЬ
РАЗМОРИТЬ	120956-V	ВПАСТЬ В СОСТОЯНИЕ
РАЗМОРИТЬ	116921-V	ПЕРЕЖИТЬ, ИСПЫТАТЬ
РАЗМОРИТЬ	116929-V	СТРАДАТЬ, ИСПЫТЫВАТЬ СТРАДАНИЯ
РАЗМОРИТЬ	106565-V	САМОЧУВСТВИЕ
РАЗМОРИТЬ	1489-V	ОТДЫХ
РАЗМОРИТЬ	115313-V	ЗАСНУТЬ, ПОГРУЗИТЬСЯ В СОН
РАЗМОРИТЬ	106629-V	ИЗМЕНИТЬСЯ, ИЗМЕНЕНИЕ
РАЗМОРИТЬ	115786-V	НАХОДИТЬСЯ, ПРЕБЫВАТЬ
РАЗМОРИТЬ	112077-V	СОБРАТЬ В ОДНОМ МЕСТЕ
РАЗМОРИТЬ	118813-V	ГРЕСТИ ГРАБЛЯМИ, ЛОПАТОЙ
РАЗОНРАВИТЬСЯ	116921-V	ПЕРЕЖИТЬ, ИСПЫТАТЬ
РАЗОНРАВИТЬСЯ	106504-V	ПОСТУПОК ЧЕЛОВЕКА
РАЗОНРАВИТЬСЯ	148420-V	ОТНОШЕНИЯ МЕЖДУ ЛЮДЬМИ
РАЗОНРАВИТЬСЯ	150230-V	ПРЕБЫВАТЬ В СОСТОЯНИИ
РАЗОНРАВИТЬСЯ	107140-V	ЛЬСТИТЬ, ХВАЛИТЬ ИЗ ЛЕСТИ
РАЗОНРАВИТЬСЯ	106633-V	УХУДШЕНИЕ
РАЗОНРАВИТЬСЯ	134095-V	ПРИЙТИСЬ (ОКАЗАТЬСЯ СООТВЕТСТВУЮЩИМ, ПОДХОДЯЩИМ)
РАЗОНРАВИТЬСЯ	118698-V	ДЕЙСТВИЕ, ЦЕЛЕНАПРАВЛЕННОЕ ДЕЙСТВИЕ
РАЗОНРАВИТЬСЯ	119187-V	ГОРЕТЬ ЧУВСТВОМ
РАЗОНРАВИТЬСЯ	117722-V	ЛЮБИТЬ, ИСПЫТЫВАТЬ ЛЮБОВЬ
РАЗУТЬ	108856-V	ОДЕТЬ, ПОКРЫТЬ ОДЕЖДОЙ, ПОКРЫВАЛОМ
РАЗУТЬ	107325-V	ПОКРЫТЬ ПОВЕРХНОСТЬ
РАЗУТЬ	112144-V	ОБЕСПЕЧИТЬ, СНАБДИТЬ
РАЗУТЬ	108870-V	УДАЛИТЬ, ОТДАЛИТЬ НА РАССТОЯНИЕ
РАЗУТЬ	108855-V	ОДЕТЬ, СНАБДИТЬ ОДЕЖДОЙ
РАЗУТЬ	106528-V	УДОВЛЕТВОРИТЬ ТРЕБОВАНИЯ, ЖЕЛАНИЯ
РАЗУТЬ	119510-V	ВЫДАТЬ (ДАТЬ, ВРУЧИТЬ)
РАЗУТЬ	108869-V	РАЗДЕТЬ, СНЯТЬ ОДЕЖДУ
РАЗУТЬ	106938-V	ПЕРЕМЕСТИТЬ
РАЗУТЬ	116360-V	ИЗНОСИТЬСЯ ОТ УПОТРЕБЛЕНИЯ
РАСКОВАТЬ	118109-V	НАДЕТЬ (УКРЕПИТЬ, ПРИКРЕПИТЬ ЧТО-Н НА ЧТО-Н.)
РАСКОВАТЬ	110790-V	ПРИКРЕПИТЬ, ПРИДЕЛАТЬ
РАСКОВАТЬ	131354-V	ЗАМОРОЗИТЬ, ДАТЬ ЗАМЕРЗНУТЬ
РАСКОВАТЬ	111104-V	ОХЛАДИТЬ, УМЕНЬШИТЬ ТЕМПЕРАТУРУ
РАСКОВАТЬ	106495-V	ИЗГОТОВИТЬ, ВЫРАБОТАТЬ
РАСКОВАТЬ	111844-V	КОВКА
РАСКОВАТЬ	107707-V	СКРЕПИТЬ (ПРОЧНО СОЕДИНИТЬ)
РАСКОВАТЬ	106493-V	СОЗДАТЬ (СДЕЛАТЬ СУЩЕСТВУЮЩИМ)
РАСКОВАТЬ	106534-V	ОБРАБАТЫВАТЬ, ПОДВЕРГАТЬ ОБРАБОТКЕ
РАСКОВАТЬ	107374-V	ТРЕБОВАТЬ, ОБРАТИТЬСЯ С ТРЕБОВАНИЕМ
РАСПАРИТЬ	106631-V	ИЗМЕНИТЬ, СДЕЛАТЬ ИНЫМ
РАСПАРИТЬ	107324-V	МАЗАТЬ, НАМАЗАТЬ
РАСПАРИТЬ	106534-V	ОБРАБАТЫВАТЬ, ПОДВЕРГАТЬ ОБРАБОТКЕ
РАСПАРИТЬ	107325-V	ПОКРЫТЬ ПОВЕРХНОСТЬ
РАСПАРИТЬ	111781-V	ТЕРЕТЬ (МЕЛЬЧИТЬ)
РАСПАРИТЬ	114637-V	МОЧИТЬ, НАМОЧИТЬ
РАСПАРИТЬ	111775-V	ИЗМЕЛЬЧИТЬ, РАЗМЕЛЬЧИТЬ
РАСПАРИТЬ	115797-V	ПРОГРЕТЬ (ОСНОВАТЕЛЬНО НАГРЕТЬ)
РАСПАРИТЬ	115942-V	РАЗМАЗАТЬ ПО ПОВЕРХНОСТИ
РАСПАРИТЬ	107410-V	ДЕЛИТЬ, РАЗДЕЛЯТЬ НА ЧАСТИ
РАСПЕРЕЖИВАТЬСЯ	116921-V	ПЕРЕЖИТЬ, ИСПЫТАТЬ
РАСПЕРЕЖИВАТЬСЯ	112696-V	СТАВИТЬ НА ОПРЕДЕЛЕННОЕ МЕСТО
РАСПЕРЕЖИВАТЬСЯ	107094-V	ПРОИЗНЕСТИ, ВЫГОВОРИТЬ, ПРОГОВОРИТЬ
РАСПЕРЕЖИВАТЬСЯ	106698-V	ПОМЕСТИТЬ, НАЙТИ МЕСТО
РАСПЕРЕЖИВАТЬСЯ	117735-V	МОРЩИТЬ ЛИЦО
РАСПЕРЕЖИВАТЬСЯ	106548-V	ПРИЧИНЕНИЕ ВРЕДА
РАСПЕРЕЖИВАТЬСЯ	111369-V	ПОРТИТЬ, ДЕЛАТЬ ПЛОХИМ
РАСПЕРЕЖИВАТЬСЯ	149898-V	ВЫЗВАТЬ МЫСЛЬ, ЧУВСТВО
РАСПЕРЕЖИВАТЬСЯ	106504-V	ПОСТУПОК ЧЕЛОВЕКА
РАСПЕРЕЖИВАТЬСЯ	120515-V	НАГОВОРИТЬ ЛИШНЕГО
РАСПЛАСТАТЬСЯ	106587-V	ДВИЖЕНИЕ, ПЕРЕМЕЩЕНИЕ
РАСПЛАСТАТЬСЯ	111085-V	ОПУСТИТЬСЯ ВНИЗ
РАСПЛАСТАТЬСЯ	107447-V	ПАДАТЬ (ДВИГАТЬСЯ ВНИЗ)
РАСПЛАСТАТЬСЯ	111038-V	ПОВЕРНУТЬСЯ (ИЗМЕНИТЬ ПОЛОЖЕНИЕ)
РАСПЛАСТАТЬСЯ	111040-V	ПЕРЕВЕРНУТЬСЯ (ПОВЕРНУТЬСЯ)
РАСПЛАСТАТЬСЯ	114723-V	ОСЕСТЬ СЛОЕМ
РАСПЛАСТАТЬСЯ	111045-V	УДАЛИТЬСЯ НА НЕКОТОРОЕ РАССТОЯНИЕ
РАСПЛАСТАТЬСЯ	106615-V	ОСТАНОВКА ПРИ ДВИЖЕНИИ
РАСПЛАСТАТЬСЯ	106629-V	ИЗМЕНИТЬСЯ, ИЗМЕНЕНИЕ
РАСПЛАСТАТЬСЯ	114578-V	ПРЫГАТЬ, ДЕЛАТЬ ПРЫЖОК
РАСТОЧИТЬ	106715-V	ИСТРАТИТЬ, ИЗРАСХОДОВАТЬ
РАСТОЧИТЬ	111369-V	ПОРТИТЬ, ДЕЛАТЬ ПЛОХИМ
РАСТОЧИТЬ	106497-V	ИСПОЛЬЗОВАТЬ, УПОТРЕБЛЯТЬ
РАСТОЧИТЬ	106629-V	ИЗМЕНИТЬСЯ, ИЗМЕНЕНИЕ
РАСТОЧИТЬ	147852-V	РАСХОДОВАНИЕ ДЕНЕЖНЫХ СРЕДСТВ
РАСТОЧИТЬ	106493-V	СОЗДАТЬ (СДЕЛАТЬ СУЩЕСТВУЮЩИМ)
РАСТОЧИТЬ	106633-V	УХУДШЕНИЕ
РАСТОЧИТЬ	106637-V	УМЕНЬШИТЬСЯ
РАСТОЧИТЬ	111853-V	ПРОДЕЛАТЬ ОТВЕРСТИЕ
РАСТОЧИТЬ	111857-V	ПРОЕСТЬ ДЫРУ
РАСЧЕХЛИТЬ	108830-V	НАКРЫТЬ, ПОКРЫТЬ СВЕРХУ
РАСЧЕХЛИТЬ	106595-V	ОБЕРЕГАТЬ, ЗАЩИЩАТЬ
РАСЧЕХЛИТЬ	2465-V	СТРЕЛЬБА
РАСЧЕХЛИТЬ	147948-V	ПРИМЕНЕНИЕ ОРУЖИЯ
РАСЧЕХЛИТЬ	117035-V	ПРИГОТОВИТЬ, СДЕЛАТЬ ГОДНЫМ
РАСЧЕХЛИТЬ	107325-V	ПОКРЫТЬ ПОВЕРХНОСТЬ
РАСЧЕХЛИТЬ	106631-V	ИЗМЕНИТЬ, СДЕЛАТЬ ИНЫМ
РАСЧЕХЛИТЬ	106710-V	ОПРЕДЕЛИТЬ, ВЫЯСНИТЬ
РАСЧЕХЛИТЬ	116157-V	ПРОБОВАТЬ, ПРОВЕРИТЬ В ИСПОЛЬЗОВАНИИ
РАСЧЕХЛИТЬ	106597-V	ОХРАНЯТЬ
РЕКВИЗИРОВАТЬ	138080-V	ИЗЪЯТЬ (ОТОБРАТЬ)
РЕКВИЗИРОВАТЬ	116296-V	ВЗЯТЬ В СВОЕ РАСПОРЯЖЕНИЕ
РЕКВИЗИРОВАТЬ	115672-V	ДОСТАВИТЬ К МЕСТУ НАЗНАЧЕНИЯ
РЕКВИЗИРОВАТЬ	106817-V	ПРИНУДИТЬ, ЗАСТАВИТЬ
РЕКВИЗИРОВАТЬ	112144-V	ОБЕСПЕЧИТЬ, СНАБДИТЬ
РЕКВИЗИРОВАТЬ	5418-V	ОТЧУЖДЕНИЕ ИМУЩЕСТВА
РЕКВИЗИРОВАТЬ	116303-V	ПОЛУЧИТЬ В РАСПОРЯЖЕНИЕ
РЕКВИЗИРОВАТЬ	106501-V	ЗАНЯТИЕ, ДЕЯТЕЛЬНОСТЬ
РЕКВИЗИРОВАТЬ	152490-V	ЛИШЕНИЕ ИМУЩЕСТВА
РЕКВИЗИРОВАТЬ	118698-V	ДЕЙСТВИЕ, ЦЕЛЕНАПРАВЛЕННОЕ ДЕЙСТВИЕ
РУСЕТЬ	106631-V	ИЗМЕНИТЬ, СДЕЛАТЬ ИНЫМ
РУСЕТЬ	118698-V	ДЕЙСТВИЕ, ЦЕЛЕНАПРАВЛЕННОЕ ДЕЙСТВИЕ
РУСЕТЬ	110435-V	СОХРАНИТЬ СОСТОЯНИЕ
РУСЕТЬ	115786-V	НАХОДИТЬСЯ, ПРЕБЫВАТЬ
РУСЕТЬ	106876-V	ВЫСКАЗАТЬ
РУСЕТЬ	106504-V	ПОСТУПОК ЧЕЛОВЕКА
РУСЕТЬ	107602-V	ПОВТОРИТЬ, СДЕЛАТЬ ЕЩЕ РАЗ
РУСЕТЬ	111944-V	НАЗНАЧИТЬ, УСТАНОВИТЬ, ОПРЕДЕЛИТЬ
РУСЕТЬ	121334-V	ВЫЖЕЧЬ ЗНАК, РИСУНОК
РУСЕТЬ	111564-V	КЛЕЙМИТЬ, СТАВИТЬ КЛЕЙМО
РЯВКНУТЬ	107094-V	ПРОИЗНЕСТИ, ВЫГОВОРИТЬ, ПРОГОВОРИТЬ
РЯВКНУТЬ	107093-V	ИЗДАТЬ ЗВУК
РЯВКНУТЬ	107190-V	РУГАТЬ
РЯВКНУТЬ	106876-V	ВЫСКАЗАТЬ
РЯВКНУТЬ	107105-V	КРИЧАТЬ, ГОВОРИТЬ ГРОМКО
РЯВКНУТЬ	106809-V	УПРЕКАТЬ, УКОРЯТЬ
РЯВКНУТЬ	112963-V	ОСУДИТЬ, ВЫРАЗИТЬ НЕОДОБРЕНИЕ
РЯВКНУТЬ	114103-V	ИЗДАВАТЬ, ИСПУСКАТЬ
РЯВКНУТЬ	106977-V	ОТВЕТИТЬ, ДАТЬ ОТВЕТ
РЯВКНУТЬ	108868-V	БОРМОТАТЬ
СГРУДИТЬСЯ	106618-V	РАЗМЕСТИТЬСЯ
СГРУДИТЬСЯ	115698-V	СОБРАТЬСЯ В ОДНОМ МЕСТЕ
СГРУДИТЬСЯ	130185-V	ВСТАТЬ (ЗАНЯТЬ МЕСТО, РАЗМЕСТИТЬСЯ)
СГРУДИТЬСЯ	144939-V	РАСПОЛОЖИТЬСЯ ВОКРУГ
СГРУДИТЬСЯ	107469-V	БЕЖАТЬ (ДВИГАТЬСЯ НА НОГАХ)
СГРУДИТЬСЯ	115522-V	ДОБРАТЬСЯ ДО МЕСТА
СГРУДИТЬСЯ	111688-V	РАЗЪЕДИНИТЬСЯ
СГРУДИТЬСЯ	121081-V	РАЗДВИНУТЬСЯ В СТОРОНЫ
СГРУДИТЬСЯ	115193-V	ОКРУЖИТЬ, ЗАКЛЮЧИТЬ В КРУГ
СГРУДИТЬСЯ	115285-V	ОХВАТИТЬ, ОВЛАДЕТЬ
СЕРЕБРИТЬ	107325-V	ПОКРЫТЬ ПОВЕРХНОСТЬ
СЕРЕБРИТЬ	146751-V	ОБРАБОТКА ПОВЕРХНОСТИ
СЕРЕБРИТЬ	106813-V	ОБЛАДАТЬ СВОЙСТВОМ
СЕРЕБРИТЬ	113005-V	СВЕТИТЬСЯ, ИЗЛУЧАТЬ СВЕТ
СЕРЕБРИТЬ	106631-V	ИЗМЕНИТЬ, СДЕЛАТЬ ИНЫМ
СЕРЕБРИТЬ	106495-V	ИЗГОТОВИТЬ, ВЫРАБОТАТЬ
СЕРЕБРИТЬ	107326-V	КЛАСТЬ НА ПОВЕРХНОСТЬ
СЕРЕБРИТЬ	106629-V	ИЗМЕНИТЬСЯ, ИЗМЕНЕНИЕ
СЕРЕБРИТЬ	106493-V	СОЗДАТЬ (СДЕЛАТЬ СУЩЕСТВУЮЩИМ)
СЕРЕБРИТЬ	108948-V	НАГРЕТЬ, ПОВЫСИТЬ ТЕМПЕРАТУРУ
СКАЛИТЬСЯ	107093-V	ИЗДАТЬ ЗВУК
СКАЛИТЬСЯ	117094-V	ШЕВЕЛИТЬ ЧАСТЬЮ ТЕЛА
СКАЛИТЬСЯ	107094-V	ПРОИЗНЕСТИ, ВЫГОВОРИТЬ, ПРОГОВОРИТЬ
СКАЛИТЬСЯ	116284-V	ВЫСМЕЯТЬ, ОСМЕЯТЬ
СКАЛИТЬСЯ	112039-V	УЛЫБКА
СКАЛИТЬСЯ	113841-V	ВОРЧАТЬ (БОРМОТАТЬ)
СКАЛИТЬСЯ	116530-V	РЫЧАНИЕ ЖИВОТНОГО
СКАЛИТЬСЯ	114103-V	ИЗДАВАТЬ, ИСПУСКАТЬ
СКАЛИТЬСЯ	106938-V	ПЕРЕМЕСТИТЬ
СКАЛИТЬСЯ	106876-V	ВЫСКАЗАТЬ
СКОВЫРНУТЬ	111369-V	ПОРТИТЬ, ДЕЛАТЬ ПЛОХИМ
СКОВЫРНУТЬ	111371-V	ЛОМАТЬ (ПОВРЕЖДАТЬ)
СКОВЫРНУТЬ	106701-V	ДОСТИЧЬ, ДОБИТЬСЯ
СКОВЫРНУТЬ	111050-V	ГНУТЬ, ИЗОГНУТЬ
СКОВЫРНУТЬ	107410-V	ДЕЛИТЬ, РАЗДЕЛЯТЬ НА ЧАСТИ
СКОВЫРНУТЬ	106634-V	УХУДШИТЬ
СКОВЫРНУТЬ	111192-V	ДАВИТЬ, ЖАТЬ
СКОВЫРНУТЬ	111845-V	ПРОНИКНУТЬ ВНУТРЬ
СКОВЫРНУТЬ	106548-V	ПРИЧИНЕНИЕ ВРЕДА
СКОВЫРНУТЬ	110908-V	УДАЛИТЬ НАРУЖУ
СКУЧИТЬ	115698-V	СОБРАТЬСЯ В ОДНОМ МЕСТЕ
СКУЧИТЬ	106618-V	РАЗМЕСТИТЬСЯ
СКУЧИТЬ	115522-V	ДОБРАТЬСЯ ДО МЕСТА
СКУЧИТЬ	106629-V	ИЗМЕНИТЬСЯ, ИЗМЕНЕНИЕ
СКУЧИТЬ	107469-V	БЕЖАТЬ (ДВИГАТЬСЯ НА НОГАХ)
СКУЧИТЬ	148440-V	РАССЕЯТЬСЯ В РАЗНЫЕ СТОРОНЫ
СКУЧИТЬ	115671-V	НАСТУПЛЕНИЕ ВРЕМЕНИ, СОСТОЯНИЯ
СКУЧИТЬ	115958-V	БРЕСТИ С ТРУДОМ
СКУЧИТЬ	121080-V	РАЗОЙТИСЬ В СТОРОНЫ
СКУЧИТЬ	111045-V	УДАЛИТЬСЯ НА НЕКОТОРОЕ РАССТОЯНИЕ
СМОЛИТЬ	115824-V	ВДОХНУТЬ, СДЕЛАТЬ ВДОХ
СМОЛИТЬ	111436-V	ПРОПИТАТЬ (НАСЫТИТЬ)
СМОЛИТЬ	152470-V	ВЫДЕЛЕНИЕ ВЕЩЕСТВА, ЭНЕРГИИ
СМОЛИТЬ	115221-V	ВОБРАТЬ В СЕБЯ
СМОЛИТЬ	117826-V	УВЛАЖНИТЬ
СМОЛИТЬ	111435-V	НАСЫТИТЬ (НАПОЛНИТЬ В БОЛЬШОМ КОЛИЧЕСТВЕ)
СМОЛИТЬ	111554-V	ЗАПАСТИ, ЗАГОТОВИТЬ
СМОЛИТЬ	108948-V	НАГРЕТЬ, ПОВЫСИТЬ ТЕМПЕРАТУРУ
СМОЛИТЬ	106493-V	СОЗДАТЬ (СДЕЛАТЬ СУЩЕСТВУЮЩИМ)
СМОЛИТЬ	129802-V	ПЕРЕДОХНУТЬ (НЕМНОГО ОТДОХНУТЬ)
СНЕЖИТЬ	119328-V	ИСЧЕЗНУТЬ ИЗ ВИДУ
СНЕЖИТЬ	111097-V	ИЗМЕНЕНИЕ АГРЕГАТНОГО СОСТОЯНИЯ
СНЕЖИТЬ	107325-V	ПОКРЫТЬ ПОВЕРХНОСТЬ
СНЕЖИТЬ	112155-V	ИСЧЕЗНУТЬ (ПЕРЕСТАТЬ СУЩЕСТВОВАТЬ)
СНЕЖИТЬ	106629-V	ИЗМЕНИТЬСЯ, ИЗМЕНЕНИЕ
СНЕЖИТЬ	106501-V	ЗАНЯТИЕ, ДЕЯТЕЛЬНОСТЬ
СНЕЖИТЬ	106484-V	КОНЧИТЬСЯ, ПРЕКРАТИТЬСЯ
СНЕЖИТЬ	106485-V	ПЕРЕСТАТЬ, ПРЕКРАТИТЬ (ЧТО-ТО ДЕЛАТЬ)
СНЕЖИТЬ	106477-V	ПОЯВИТЬСЯ, ВОЗНИКНУТЬ, НАЧАТЬСЯ
СНЕЖИТЬ	146751-V	ОБРАБОТКА ПОВЕРХНОСТИ
СПЕЧЬСЯ	106629-V	ИЗМЕНИТЬСЯ, ИЗМЕНЕНИЕ
СПЕЧЬСЯ	106534-V	ОБРАБАТЫВАТЬ, ПОДВЕРГАТЬ ОБРАБОТКЕ
СПЕЧЬСЯ	109109-V	ПРИГОТОВЛЕНИЕ ПИЩИ
СПЕЧЬСЯ	111101-V	НАГРЕТЬСЯ
СПЕЧЬСЯ	107325-V	ПОКРЫТЬ ПОВЕРХНОСТЬ
СПЕЧЬСЯ	121439-V	РАЗМЯГЧИТЬСЯ (СТАТЬ МЯГКИМ, МЯГЧЕ)
СПЕЧЬСЯ	118511-V	РАЗБУХНУТЬ (СИЛЬНО УВЕЛИЧИТЬСЯ)
СПЕЧЬСЯ	115297-V	РАЗДАТЬСЯ (РАСШИРИТЬСЯ)
СПЕЧЬСЯ	107324-V	МАЗАТЬ, НАМАЗАТЬ
СПЕЧЬСЯ	111098-V	ПЛАВЛЕНИЕ ВЕЩЕСТВА
СПЛЮЩИТЬ	111050-V	ГНУТЬ, ИЗОГНУТЬ
СПЛЮЩИТЬ	107410-V	ДЕЛИТЬ, РАЗДЕЛЯТЬ НА ЧАСТИ
СПЛЮЩИТЬ	111371-V	ЛОМАТЬ (ПОВРЕЖДАТЬ)
СПЛЮЩИТЬ	111994-V	ДЕЛИТЬСЯ НА ЧАСТИ
СПЛЮЩИТЬ	111192-V	ДАВИТЬ, ЖАТЬ
СПЛЮЩИТЬ	106558-V	ПРИДАВАТЬ ФОРМУ, ФОРМИРОВАТЬ
СПЛЮЩИТЬ	116661-V	ВДАВИТЬ ВНУТРЬ
СПЛЮЩИТЬ	120045-V	ПОВРЕДИТЬСЯ, ПРИЙТИ В НЕИСПРАВНОСТЬ
СПЛЮЩИТЬ	118380-V	РАЗРУШИТЬСЯ ФИЗИЧЕСКИ
СПЛЮЩИТЬ	119903-V	ЛОМАТЬСЯ НА ЧАСТИ
СТЕСАТЬ	111931-V	ВЫРОВНЯТЬ, СДЕЛАТЬ РОВНЫМ
СТЕСАТЬ	107412-V	РЕЗАТЬ, ПОРЕЗАТЬ
СТЕСАТЬ	106501-V	ЗАНЯТИЕ, ДЕЯТЕЛЬНОСТЬ
СТЕСАТЬ	111853-V	ПРОДЕЛАТЬ ОТВЕРСТИЕ
СТЕСАТЬ	107410-V	ДЕЛИТЬ, РАЗДЕЛЯТЬ НА ЧАСТИ
СТЕСАТЬ	112080-V	СРЕЗАТЬ С КРАЕВ
СТЕСАТЬ	107325-V	ПОКРЫТЬ ПОВЕРХНОСТЬ
СТЕСАТЬ	146751-V	ОБРАБОТКА ПОВЕРХНОСТИ
СТЕСАТЬ	116092-V	ВЫРЕЗАТЬ НА ПОВЕРХНОСТИ
СТЕСАТЬ	106534-V	ОБРАБАТЫВАТЬ, ПОДВЕРГАТЬ ОБРАБОТКЕ
СФОРМОВАТЬ	109109-V	ПРИГОТОВЛЕНИЕ ПИЩИ
СФОРМОВАТЬ	107325-V	ПОКРЫТЬ ПОВЕРХНОСТЬ
СФОРМОВАТЬ	111101-V	НАГРЕТЬСЯ
СФОРМОВАТЬ	112820-V	МЯТЬ, РАЗМЯТЬ
СФОРМОВАТЬ	106534-V	ОБРАБАТЫВАТЬ, ПОДВЕРГАТЬ ОБРАБОТКЕ
СФОРМОВАТЬ	112819-V	МЕШАТЬ, ПОМЕШИВАТЬ
СФОРМОВАТЬ	123757-V	ВАЛЯТЬ С БОКУ НА БОК
СФОРМОВАТЬ	106557-V	СОЕДИНИТЬ В ОДНО ЦЕЛОЕ
СФОРМОВАТЬ	109705-V	СМЕШИВАТЬ (СОЕДИНЯТЬ)
СФОРМОВАТЬ	109115-V	ЖАРКА ПИЩИ
СЮСЮКАТЬ	107094-V	ПРОИЗНЕСТИ, ВЫГОВОРИТЬ, ПРОГОВОРИТЬ
СЮСЮКАТЬ	106876-V	ВЫСКАЗАТЬ
СЮСЮКАТЬ	118698-V	ДЕЙСТВИЕ, ЦЕЛЕНАПРАВЛЕННОЕ ДЕЙСТВИЕ
СЮСЮКАТЬ	106504-V	ПОСТУПОК ЧЕЛОВЕКА
СЮСЮКАТЬ	114934-V	РАЗДРАЖИТЬ, ВЫЗВАТЬ РАЗДРАЖЕНИЕ
СЮСЮКАТЬ	106649-V	ЗНАКОМСТВО С ЧЕЛОВЕКОМ
СЮСЮКАТЬ	106457-V	ПОКАЗАТЬ, СДЕЛАТЬ ЯВНЫМ, ВИДИМЫМ
СЮСЮКАТЬ	110242-V	ПОВЕДЕНИЕ
СЮСЮКАТЬ	107093-V	ИЗДАТЬ ЗВУК
СЮСЮКАТЬ	115890-V	ОБИДЕТЬ, ПРИЧИНИТЬ ОБИДУ
ТОЛОЧЬ	111775-V	ИЗМЕЛЬЧИТЬ, РАЗМЕЛЬЧИТЬ
ТОЛОЧЬ	107410-V	ДЕЛИТЬ, РАЗДЕЛЯТЬ НА ЧАСТИ
ТОЛОЧЬ	113030-V	ПЕРЕРАБОТАТЬ, ОСУЩЕСТВИТЬ ПЕРЕРАБОТКУ
ТОЛОЧЬ	107094-V	ПРОИЗНЕСТИ, ВЫГОВОРИТЬ, ПРОГОВОРИТЬ
ТОЛОЧЬ	106938-V	ПЕРЕМЕСТИТЬ
ТОЛОЧЬ	118140-V	БОЛТАТЬ, ЧЕСАТЬ ЯЗЫКОМ
ТОЛОЧЬ	106534-V	ОБРАБАТЫВАТЬ, ПОДВЕРГАТЬ ОБРАБОТКЕ
ТОЛОЧЬ	112819-V	МЕШАТЬ, ПОМЕШИВАТЬ
ТОЛОЧЬ	112820-V	МЯТЬ, РАЗМЯТЬ
ТОЛОЧЬ	109705-V	СМЕШИВАТЬ (СОЕДИНЯТЬ)
ТЩИТЬСЯ	118698-V	ДЕЙСТВИЕ, ЦЕЛЕНАПРАВЛЕННОЕ ДЕЙСТВИЕ
ТЩИТЬСЯ	106714-V	ПЫТАТЬСЯ, СТАРАТЬСЯ
ТЩИТЬСЯ	106629-V	ИЗМЕНИТЬСЯ, ИЗМЕНЕНИЕ
ТЩИТЬСЯ	116921-V	ПЕРЕЖИТЬ, ИСПЫТАТЬ
ТЩИТЬСЯ	119132-V	НАПРЯЧЬСЯ, ПРИЛОЖИТЬ УСИЛИЕ
ТЩИТЬСЯ	149898-V	ВЫЗВАТЬ МЫСЛЬ, ЧУВСТВО
ТЩИТЬСЯ	106637-V	УМЕНЬШИТЬСЯ
ТЩИТЬСЯ	106633-V	УХУДШЕНИЕ
ТЩИТЬСЯ	107138-V	СОГЛАСИТЬСЯ, ДАТЬ СОГЛАСИЕ
ТЩИТЬСЯ	115208-V	ОСКОРБИТЬ
УВОЛОЧЬ	108870-V	УДАЛИТЬ, ОТДАЛИТЬ НА РАССТОЯНИЕ
УВОЛОЧЬ	140441-V	БРАТЬ С СОБОЙ
УВОЛОЧЬ	106938-V	ПЕРЕМЕСТИТЬ
УВОЛОЧЬ	125768-V	ТАЩИТЬ ТЯЖЕЛОЕ
УВОЛОЧЬ	110913-V	УНЕСТИ (ВЗЯТЬ С СОБОЙ)
УВОЛОЧЬ	115672-V	ДОСТАВИТЬ К МЕСТУ НАЗНАЧЕНИЯ
УВОЛОЧЬ	115694-V	ВЕСТИ (СОПРОВОЖДАТЬ)
УВОЛОЧЬ	116858-V	УВЕЗТИ С СОБОЙ
УВОЛОЧЬ	4131-V	ХИЩЕНИЕ
УВОЛОЧЬ	106817-V	ПРИНУДИТЬ, ЗАСТАВИТЬ
УЛЮЛЮКАТЬ	107093-V	ИЗДАТЬ ЗВУК
УЛЮЛЮКАТЬ	107094-V	ПРОИЗНЕСТИ, ВЫГОВОРИТЬ, ПРОГОВОРИТЬ
УЛЮЛЮКАТЬ	114089-V	СМЕЯТЬСЯ (ИЗДАВАТЬ СМЕХ)
УЛЮЛЮКАТЬ	124590-V	РАЗРАЗИТЬСЯ (БУРНО ВЫРАЗИТЬ)
УЛЮЛЮКАТЬ	114103-V	ИЗДАВАТЬ, ИСПУСКАТЬ
УЛЮЛЮКАТЬ	107104-V	КРИЧАТЬ, ИЗДАВАТЬ КРИК
УЛЮЛЮКАТЬ	107404-V	УДАРИТЬ, НАНЕСТИ УДАР
УЛЮЛЮКАТЬ	107105-V	КРИЧАТЬ, ГОВОРИТЬ ГРОМКО
УЛЮЛЮКАТЬ	106456-V	ВЫРАЗИТЬ (ПОКАЗАТЬ)
УЛЮЛЮКАТЬ	106876-V	ВЫСКАЗАТЬ
УМЯТЬ	106933-V	ГЛОТАТЬ ВНУТРЬ СЕБЯ
УМЯТЬ	106934-V	ЕСТЬ, ПРИНИМАТЬ ПИЩУ
УМЯТЬ	109109-V	ПРИГОТОВЛЕНИЕ ПИЩИ
УМЯТЬ	111101-V	НАГРЕТЬСЯ
УМЯТЬ	117340-V	ЖЕВАТЬ
УМЯТЬ	115221-V	ВОБРАТЬ В СЕБЯ
УМЯТЬ	111775-V	ИЗМЕЛЬЧИТЬ, РАЗМЕЛЬЧИТЬ
УМЯТЬ	106534-V	ОБРАБАТЫВАТЬ, ПОДВЕРГАТЬ ОБРАБОТКЕ
УМЯТЬ	118667-V	УДОВЛЕТВОРИТЬСЯ
УМЯТЬ	107410-V	ДЕЛИТЬ, РАЗДЕЛЯТЬ НА ЧАСТИ
УСЛАЖДАТЬ	114653-V	ДОСТАВИТЬ УДОВОЛЬСТВИЕ
УСЛАЖДАТЬ	149898-V	ВЫЗВАТЬ МЫСЛЬ, ЧУВСТВО
УСЛАЖДАТЬ	118594-V	ПРИВЛЕЧЬ ИНТЕРЕС, ВНИМАНИЕ
УСЛАЖДАТЬ	116684-V	НРАВИТЬСЯ
УСЛАЖДАТЬ	117246-V	ВОСХВАЛЯТЬ
УСЛАЖДАТЬ	116921-V	ПЕРЕЖИТЬ, ИСПЫТАТЬ
УСЛАЖДАТЬ	106528-V	УДОВЛЕТВОРИТЬ ТРЕБОВАНИЯ, ЖЕЛАНИЯ
УСЛАЖДАТЬ	114652-V	РАЗВЛЕЧЬ (ДОСТАВИТЬ УДОВОЛЬСТВИЕ)
УСЛАЖДАТЬ	106631-V	ИЗМЕНИТЬ, СДЕЛАТЬ ИНЫМ
УСЛАЖДАТЬ	117233-V	ОЧАРОВАТЬ
УТОНЧИТЬ	106637-V	УМЕНЬШИТЬСЯ
УТОНЧИТЬ	106629-V	ИЗМЕНИТЬСЯ, ИЗМЕНЕНИЕ
УТОНЧИТЬ	106631-V	ИЗМЕНИТЬ, СДЕЛАТЬ ИНЫМ
УТОНЧИТЬ	107410-V	ДЕЛИТЬ, РАЗДЕЛЯТЬ НА ЧАСТИ
УТОНЧИТЬ	107409-V	РАЗЪЕДИНИТЬ, ПРЕРВАТЬ СОЕДИНЕНИЕ
УТОНЧИТЬ	121336-V	ЧЛЕНИТЬСЯ
УТОНЧИТЬ	141697-V	ПРЕДСТАВИТЬ В ВИДЕ
УТОНЧИТЬ	111994-V	ДЕЛИТЬСЯ НА ЧАСТИ
УТОНЧИТЬ	106632-V	УЛУЧШИТЬ
УТОНЧИТЬ	116390-V	ИСКАЗИТЬ, ПРЕДСТАВИТЬ В ЛОЖНОМ СВЕТЕ
ФЛУОРЕСЦИРОВАТЬ	146751-V	ОБРАБОТКА ПОВЕРХНОСТИ
ФЛУОРЕСЦИРОВАТЬ	113005-V	СВЕТИТЬСЯ, ИЗЛУЧАТЬ СВЕТ
ФЛУОРЕСЦИРОВАТЬ	107325-V	ПОКРЫТЬ ПОВЕРХНОСТЬ
ФЛУОРЕСЦИРОВАТЬ	106631-V	ИЗМЕНИТЬ, СДЕЛАТЬ ИНЫМ
ФЛУОРЕСЦИРОВАТЬ	9880-V	ДЕЗИНФЕКЦИЯ
ФЛУОРЕСЦИРОВАТЬ	152470-V	ВЫДЕЛЕНИЕ ВЕЩЕСТВА, ЭНЕРГИИ
ФЛУОРЕСЦИРОВАТЬ	111881-V	НАНЕСЕНИЕ НА ПОВЕРХНОСТЬ
ФЛУОРЕСЦИРОВАТЬ	114631-V	ОБЛУЧЕНИЕ
ФЛУОРЕСЦИРОВАТЬ	111001-V	ВИДНЕТЬСЯ
ФЛУОРЕСЦИРОВАТЬ	113004-V	ИЗЛУЧАТЬ, ИСПУСКАТЬ ЛУЧИ
ХЛОРИРОВАТЬ	106950-V	ПРЕВРАТИТЬ (ПРИДАТЬ ИНОЙ ВИД, КАЧЕСТВО)
ХЛОРИРОВАТЬ	114441-V	ОЧИСТИТЬ ОТ ПРИСУТСТВИЯ
ХЛОРИРОВАТЬ	128431-V	ОБЕЗВРЕДИТЬ
ХЛОРИРОВАТЬ	106665-V	НАРУШИТЬ СОСТОЯНИЕ, ХОД
ХЛОРИРОВАТЬ	144157-V	ОЧИСТКА ОТ ВРЕДНЫХ ВЕЩЕСТВ
ХЛОРИРОВАТЬ	4255-V	ОХРАНА ВОД
ХЛОРИРОВАТЬ	106631-V	ИЗМЕНИТЬ, СДЕЛАТЬ ИНЫМ
ХЛОРИРОВАТЬ	106483-V	УНИЧТОЖИТЬ, ПРЕКРАТИТЬ СУЩЕСТВОВАНИЕ
ХЛОРИРОВАТЬ	114372-V	ОТНЯТЬ, ЛИШИТЬ
ХЛОРИРОВАТЬ	106534-V	ОБРАБАТЫВАТЬ, ПОДВЕРГАТЬ ОБРАБОТКЕ
ХРИСТОСОВАТЬСЯ	106501-V	ЗАНЯТИЕ, ДЕЯТЕЛЬНОСТЬ
ХРИСТОСОВАТЬСЯ	106587-V	ДВИЖЕНИЕ, ПЕРЕМЕЩЕНИЕ
ХРИСТОСОВАТЬСЯ	119502-V	ШЕВЕЛИТЬСЯ, ИЗМЕНЯТЬ ПОЛОЖЕНИЕ ТЕЛА
ХРИСТОСОВАТЬСЯ	125423-V	КРЕСТИТЬ, ОСЕНИТЬ КРЕСТОМ
ХРИСТОСОВАТЬСЯ	134070-V	ОТМЕТИТЬ ПАМЯТНУЮ ДАТУ
ХРИСТОСОВАТЬСЯ	106878-V	ОДОБРИТЬ
ХРИСТОСОВАТЬСЯ	107094-V	ПРОИЗНЕСТИ, ВЫГОВОРИТЬ, ПРОГОВОРИТЬ
ХРИСТОСОВАТЬСЯ	147141-V	ПРИНЯТЬ ВЕРУ
ХРИСТОСОВАТЬСЯ	110453-V	ПЕТЬ (ИСПОЛНЯТЬ)
ХРИСТОСОВАТЬСЯ	110517-V	МОЛИТЬСЯ, ПРОИЗНОСИТЬ МОЛИТВУ
ЦИВИЛИЗОВАТЬ	118038-V	ПОДЧИНИТЬ СВОЕЙ ВЛАСТИ
ЦИВИЛИЗОВАТЬ	115072-V	ЗАХВАТИТЬ, ЗАВЛАДЕТЬ
ЦИВИЛИЗОВАТЬ	117426-V	СТЕСНИТЬ СВОБОДУ
ЦИВИЛИЗОВАТЬ	106631-V	ИЗМЕНИТЬ, СДЕЛАТЬ ИНЫМ
ЦИВИЛИЗОВАТЬ	106501-V	ЗАНЯТИЕ, ДЕЯТЕЛЬНОСТЬ
ЦИВИЛИЗОВАТЬ	106497-V	ИСПОЛЬЗОВАТЬ, УПОТРЕБЛЯТЬ
ЦИВИЛИЗОВАТЬ	106817-V	ПРИНУДИТЬ, ЗАСТАВИТЬ
ЦИВИЛИЗОВАТЬ	106632-V	УЛУЧШИТЬ
ЦИВИЛИЗОВАТЬ	106785-V	ПРЕОБРАЗОВАТЬ, ПЕРЕДЕЛАТЬ
ЦИВИЛИЗОВАТЬ	115075-V	ОВЛАДЕТЬ (СТАТЬ ОБЛАДАТЕЛЕМ)
ЧАВКАТЬ	106933-V	ГЛОТАТЬ ВНУТРЬ СЕБЯ
ЧАВКАТЬ	107093-V	ИЗДАТЬ ЗВУК
ЧАВКАТЬ	106934-V	ЕСТЬ, ПРИНИМАТЬ ПИЩУ
ЧАВКАТЬ	114103-V	ИЗДАВАТЬ, ИСПУСКАТЬ
ЧАВКАТЬ	111775-V	ИЗМЕЛЬЧИТЬ, РАЗМЕЛЬЧИТЬ
ЧАВКАТЬ	115221-V	ВОБРАТЬ В СЕБЯ
ЧАВКАТЬ	108868-V	БОРМОТАТЬ
ЧАВКАТЬ	106932-V	ПИТЬ, ГЛОТАТЬ ЖИДКОСТЬ
ЧАВКАТЬ	107094-V	ПРОИЗНЕСТИ, ВЫГОВОРИТЬ, ПРОГОВОРИТЬ
ЧАВКАТЬ	113841-V	ВОРЧАТЬ (БОРМОТАТЬ)
ЧЕРТЫХАТЬСЯ	107094-V	ПРОИЗНЕСТИ, ВЫГОВОРИТЬ, ПРОГОВОРИТЬ
ЧЕРТЫХАТЬСЯ	107190-V	РУГАТЬ
ЧЕРТЫХАТЬСЯ	108868-V	БОРМОТАТЬ
ЧЕРТЫХАТЬСЯ	106876-V	ВЫСКАЗАТЬ
ЧЕРТЫХАТЬСЯ	107093-V	ИЗДАТЬ ЗВУК
ЧЕРТЫХАТЬСЯ	106809-V	УПРЕКАТЬ, УКОРЯТЬ
ЧЕРТЫХАТЬСЯ	112963-V	ОСУДИТЬ, ВЫРАЗИТЬ НЕОДОБРЕНИЕ
ЧЕРТЫХАТЬСЯ	106938-V	ПЕРЕМЕСТИТЬ
ЧЕРТЫХАТЬСЯ	106504-V	ПОСТУПОК ЧЕЛОВЕКА
ЧЕРТЫХАТЬСЯ	106648-V	ОБЩЕНИЕ, СВЯЗЬ
ЧОКАТЬСЯ	106932-V	ПИТЬ, ГЛОТАТЬ ЖИДКОСТЬ
ЧОКАТЬСЯ	106933-V	ГЛОТАТЬ ВНУТРЬ СЕБЯ
ЧОКАТЬСЯ	106934-V	ЕСТЬ, ПРИНИМАТЬ ПИЩУ
ЧОКАТЬСЯ	117709-V	ПИТЬ СПИРТНОЕ
ЧОКАТЬСЯ	110719-V	ЛИТЬ ЖИДКОСТЬ
ЧОКАТЬСЯ	111615-V	ЗАБОЛЕТЬ БОЛЕЗНЬЮ
ЧОКАТЬСЯ	106938-V	ПЕРЕМЕСТИТЬ
ЧОКАТЬСЯ	110727-V	ПРОЛИТЬ, СЛУЧАЙНО ВЫЛИТЬ
ЧОКАТЬСЯ	115162-V	РАСКРЫТЬСЯ, ОТКРЫТЬСЯ
ЧОКАТЬСЯ	111042-V	ПЕРЕЛИТЬ В ДРУГУЮ ЕМКОСТЬ
ШТОПАТЬ	106557-V	СОЕДИНИТЬ В ОДНО ЦЕЛОЕ
ШТОПАТЬ	106495-V	ИЗГОТОВИТЬ, ВЫРАБОТАТЬ
ШТОПАТЬ	113291-V	СШИВАТЬ
ШТОПАТЬ	106493-V	СОЗДАТЬ (СДЕЛАТЬ СУЩЕСТВУЮЩИМ)
ШТОПАТЬ	110801-V	ШИТЬЕ, ПОШИВ
ШТОПАТЬ	107410-V	ДЕЛИТЬ, РАЗДЕЛЯТЬ НА ЧАСТИ
ШТОПАТЬ	110795-V	ПРИШИТЬ (ПРИКРЕПИТЬ)
ШТОПАТЬ	134618-V	РУКОДЕЛИЕ
ШТОПАТЬ	111568-V	ЗАДЕЛАТЬ ОТВЕРСТИЕ
ШТОПАТЬ	110790-V	ПРИКРЕПИТЬ, ПРИДЕЛАТЬ
