АБСОЛЮТИЗИРОВАТЬ	116390-V	ИСКАЗИТЬ, ПРЕДСТАВИТЬ В ЛОЖНОМ СВЕТЕ
АБСОЛЮТИЗИРОВАТЬ	141697-V	ПРЕДСТАВИТЬ В ВИДЕ
АБСОЛЮТИЗИРОВАТЬ	149806-V	УТВЕРЖДАТЬ, ДЕЛАТЬ УТВЕРЖДЕНИЕ
АБСОЛЮТИЗИРОВАТЬ	106877-V	ВЫСКАЗАТЬ МНЕНИЕ
АБСОЛЮТИЗИРОВАТЬ	119125-V	РАСПРОСТРАНИТЬСЯ, ПОЛУЧИТЬ РАСПРОСТРАНЕНИЕ
АБСОЛЮТИЗИРОВАТЬ	106456-V	ВЫРАЗИТЬ (ПОКАЗАТЬ)
АБСОЛЮТИЗИРОВАТЬ	118698-V	ДЕЙСТВИЕ, ЦЕЛЕНАПРАВЛЕННОЕ ДЕЙСТВИЕ
АБСОЛЮТИЗИРОВАТЬ	106710-V	ОПРЕДЕЛИТЬ, ВЫЯСНИТЬ
АБСОЛЮТИЗИРОВАТЬ	117532-V	НАСТОЯТЬ НА СВОЕМ МНЕНИИ
АБСОЛЮТИЗИРОВАТЬ	106517-V	СРАВНИТЬ, СОПОСТАВИТЬ
АКТИВИРОВАТЬ	107417-V	ОТДЕЛИТЬ ЧАСТЬ ОТ ЦЕЛОГО
АКТИВИРОВАТЬ	106473-V	ОБУСЛАВЛИВАТЬ, СПОСОБСТВОВАТЬ
АКТИВИРОВАТЬ	121460-V	ОТКРЫТЬ ДОСТУП
АКТИВИРОВАТЬ	111842-V	ВЫКЛЮЧИТЬ (ПРЕКРАТИТЬ)
АКТИВИРОВАТЬ	106704-V	МЕШАТЬ, СОЗДАВАТЬ ПРЕПЯТСТВИЕ
АКТИВИРОВАТЬ	137256-V	ОТКЛЮЧИТЬ ОТ СЕТИ
АКТИВИРОВАТЬ	106485-V	ПЕРЕСТАТЬ, ПРЕКРАТИТЬ (ЧТО-ТО ДЕЛАТЬ)
АКТИВИРОВАТЬ	106531-V	ПРЕКРАТИТЬ, ПОЛОЖИТЬ КОНЕЦ
АКТИВИРОВАТЬ	111943-V	ОГРАНИЧИТЬ
АКТИВИРОВАТЬ	118698-V	ДЕЙСТВИЕ, ЦЕЛЕНАПРАВЛЕННОЕ ДЕЙСТВИЕ
АМЕРИКАНИЗИРОВАТЬ	116390-V	ИСКАЗИТЬ, ПРЕДСТАВИТЬ В ЛОЖНОМ СВЕТЕ
АМЕРИКАНИЗИРОВАТЬ	106631-V	ИЗМЕНИТЬ, СДЕЛАТЬ ИНЫМ
АМЕРИКАНИЗИРОВАТЬ	141697-V	ПРЕДСТАВИТЬ В ВИДЕ
АМЕРИКАНИЗИРОВАТЬ	106844-V	ВИДОИЗМЕНИТЬ
АМЕРИКАНИЗИРОВАТЬ	106629-V	ИЗМЕНИТЬСЯ, ИЗМЕНЕНИЕ
АМЕРИКАНИЗИРОВАТЬ	129365-V	ПРИБЛИЗИТЬСЯ, УПОДОБИТЬСЯ
АМЕРИКАНИЗИРОВАТЬ	106501-V	ЗАНЯТИЕ, ДЕЯТЕЛЬНОСТЬ
АМЕРИКАНИЗИРОВАТЬ	130530-V	ОБЕДНИТЬ СОДЕРЖАНИЕ
АМЕРИКАНИЗИРОВАТЬ	107094-V	ПРОИЗНЕСТИ, ВЫГОВОРИТЬ, ПРОГОВОРИТЬ
АМЕРИКАНИЗИРОВАТЬ	120394-V	УПРОСТИТЬ, ОБЛЕГЧИТЬ
АНОДИРОВАТЬ	106495-V	ИЗГОТОВИТЬ, ВЫРАБОТАТЬ
АНОДИРОВАТЬ	143559-V	ПРОИЗВОДСТВО ЭНЕРГИИ
АНОДИРОВАТЬ	106950-V	ПРЕВРАТИТЬ (ПРИДАТЬ ИНОЙ ВИД, КАЧЕСТВО)
АНОДИРОВАТЬ	106501-V	ЗАНЯТИЕ, ДЕЯТЕЛЬНОСТЬ
АНОДИРОВАТЬ	106631-V	ИЗМЕНИТЬ, СДЕЛАТЬ ИНЫМ
АНОДИРОВАТЬ	106557-V	СОЕДИНИТЬ В ОДНО ЦЕЛОЕ
АНОДИРОВАТЬ	9880-V	ДЕЗИНФЕКЦИЯ
АНОДИРОВАТЬ	111097-V	ИЗМЕНЕНИЕ АГРЕГАТНОГО СОСТОЯНИЯ
АНОДИРОВАТЬ	137819-V	ТЕРМИЧЕСКАЯ ОБРАБОТКА
АНОДИРОВАТЬ	106477-V	ПОЯВИТЬСЯ, ВОЗНИКНУТЬ, НАЧАТЬСЯ
БИНТОВАТЬ	111427-V	НАЛОЖИТЬ СВЕРХУ
БИНТОВАТЬ	107325-V	ПОКРЫТЬ ПОВЕРХНОСТЬ
БИНТОВАТЬ	107326-V	КЛАСТЬ НА ПОВЕРХНОСТЬ
БИНТОВАТЬ	112000-V	МОТАТЬ, НАКРУЧИВАТЬ
БИНТОВАТЬ	111467-V	ВЯЗАНИЕ (РУКОДЕЛИЕ)
БИНТОВАТЬ	120969-V	ПЕРЕДЕЛАТЬ, СДЕЛАТЬ ЗАНОВО
БИНТОВАТЬ	116334-V	ОБВЯЗАТЬ (ОБМОТАТЬ И ЗАВЯЗАТЬ)
БИНТОВАТЬ	107602-V	ПОВТОРИТЬ, СДЕЛАТЬ ЕЩЕ РАЗ
БИНТОВАТЬ	115187-V	ОБМОТАТЬ, ОБКРУТИТЬ
БИНТОВАТЬ	116230-V	ПРОЙТИ (ПРЕКРАТИТЬСЯ О ВРЕМЕНИ, ДЛЯЩЕМСЯ)
БОДРИТЬСЯ	115900-V	ПРИТВОРИТЬСЯ, ПРИКИНУТЬСЯ
БОДРИТЬСЯ	118574-V	ВНУШИТЬ МЫСЛЬ, ЧУВСТВО
БОДРИТЬСЯ	113119-V	ОБМАНУТЬ, ВВЕСТИ В ЗАБЛУЖДЕНИЕ
БОДРИТЬСЯ	125736-V	ОЖИВИТЬСЯ (СТАТЬ ОЖИВЛЕННЫМ)
БОДРИТЬСЯ	107253-V	ВООДУШЕВЛЕНИЕ, ПОДЪЕМ ДУХА
БОДРИТЬСЯ	120955-V	ИЗМЕНЕНИЕ СОСТОЯНИЯ
БОДРИТЬСЯ	149898-V	ВЫЗВАТЬ МЫСЛЬ, ЧУВСТВО
БОДРИТЬСЯ	120302-V	ХРАБРИТЬСЯ
БОДРИТЬСЯ	125439-V	РИСОВКА, ПОЗЕРСТВО
БОДРИТЬСЯ	116921-V	ПЕРЕЖИТЬ, ИСПЫТАТЬ
БУРЕТЬ	110416-V	ИЗМЕНЯТЬСЯ В ЦВЕТЕ
БУРЕТЬ	106629-V	ИЗМЕНИТЬСЯ, ИЗМЕНЕНИЕ
БУРЕТЬ	111001-V	ВИДНЕТЬСЯ
БУРЕТЬ	113780-V	ПОКРЫТЬСЯ НА ПОВЕРХНОСТИ
БУРЕТЬ	106633-V	УХУДШЕНИЕ
БУРЕТЬ	106646-V	ОТНОШЕНИЕ МЕЖДУ СУЩНОСТЯМИ
БУРЕТЬ	125595-V	ТЕМНЕТЬ (ПОГРУЖАТЬСЯ ВО ТЬМУ)
БУРЕТЬ	130453-V	ГИБЕЛЬ (ПРЕКРАЩЕНИЕ СУЩЕСТВОВАНИЯ)
БУРЕТЬ	110483-V	ЗЕЛЕНЕТЬ, СТАНОВИТЬСЯ ЗЕЛЕНЫМ
БУРЕТЬ	132996-V	ОБЕСЦВЕТИТЬСЯ, ПОТЕРЯТЬ ОКРАСКУ
ВБУХИВАТЬ	106715-V	ИСТРАТИТЬ, ИЗРАСХОДОВАТЬ
ВБУХИВАТЬ	106497-V	ИСПОЛЬЗОВАТЬ, УПОТРЕБЛЯТЬ
ВБУХИВАТЬ	116654-V	ВСЫПАТЬ ВНУТРЬ
ВБУХИВАТЬ	110720-V	НАЛИТЬ, ВЛИТЬ ВНУТРЬ
ВБУХИВАТЬ	150883-V	ВЛОЖЕНИЕ ФИНАНСОВЫХ СРЕДСТВ
ВБУХИВАТЬ	118698-V	ДЕЙСТВИЕ, ЦЕЛЕНАПРАВЛЕННОЕ ДЕЙСТВИЕ
ВБУХИВАТЬ	106811-V	ОТДАТЬ, ДАТЬ, ПРЕДОСТАВИТЬ
ВБУХИВАТЬ	110751-V	НАПОЛНИТЬ
ВБУХИВАТЬ	106698-V	ПОМЕСТИТЬ, НАЙТИ МЕСТО
ВБУХИВАТЬ	110719-V	ЛИТЬ ЖИДКОСТЬ
ВЕРЕЩАТЬ	107093-V	ИЗДАТЬ ЗВУК
ВЕРЕЩАТЬ	107094-V	ПРОИЗНЕСТИ, ВЫГОВОРИТЬ, ПРОГОВОРИТЬ
ВЕРЕЩАТЬ	107104-V	КРИЧАТЬ, ИЗДАВАТЬ КРИК
ВЕРЕЩАТЬ	114103-V	ИЗДАВАТЬ, ИСПУСКАТЬ
ВЕРЕЩАТЬ	107196-V	ПЛАКАТЬ, ПРОЛИВАТЬ СЛЕЗЫ
ВЕРЕЩАТЬ	106876-V	ВЫСКАЗАТЬ
ВЕРЕЩАТЬ	110719-V	ЛИТЬ ЖИДКОСТЬ
ВЕРЕЩАТЬ	120904-V	ВЫСТУПИТЬ НАРУЖУ
ВЕРЕЩАТЬ	107252-V	ВЫТЬ
ВЕРЕЩАТЬ	107366-V	ВИЗЖАТЬ
ВЗЪЕРОШИТЬ	123814-V	РАЗЗВОНИТЬ, РАСТРУБИТЬ
ВЗЪЕРОШИТЬ	118138-V	ПРОГОВОРИТЬСЯ
ВЗЪЕРОШИТЬ	106501-V	ЗАНЯТИЕ, ДЕЯТЕЛЬНОСТЬ
ВЗЪЕРОШИТЬ	116921-V	ПЕРЕЖИТЬ, ИСПЫТАТЬ
ВЗЪЕРОШИТЬ	123600-V	ВЗДЫМАТЬСЯ
ВЗЪЕРОШИТЬ	106887-V	РАССКАЗАТЬ
ВЗЪЕРОШИТЬ	1885-V	РАСПРОСТРАНЕНИЕ ИНФОРМАЦИИ
ВЗЪЕРОШИТЬ	107094-V	ПРОИЗНЕСТИ, ВЫГОВОРИТЬ, ПРОГОВОРИТЬ
ВЗЪЕРОШИТЬ	120087-V	РАСКРЫТИЕ ИНФОРМАЦИИ
ВЗЪЕРОШИТЬ	118191-V	РАЗРОВНЯТЬ
ВКРУТИТЬ	110790-V	ПРИКРЕПИТЬ, ПРИДЕЛАТЬ
ВКРУТИТЬ	111668-V	ПРИСОЕДИНИТЬ
ВКРУТИТЬ	106698-V	ПОМЕСТИТЬ, НАЙТИ МЕСТО
ВКРУТИТЬ	107417-V	ОТДЕЛИТЬ ЧАСТЬ ОТ ЦЕЛОГО
ВКРУТИТЬ	110910-V	ВЫНУТЬ
ВКРУТИТЬ	118698-V	ДЕЙСТВИЕ, ЦЕЛЕНАПРАВЛЕННОЕ ДЕЙСТВИЕ
ВКРУТИТЬ	113352-V	ВЕШАТЬ (ПОМЕСТИТЬ)
ВКРУТИТЬ	111047-V	ВЕРТЕТЬ, ВРАЩАТЬ
ВКРУТИТЬ	113413-V	ГОРЕТЬ, СГОРАТЬ
ВКРУТИТЬ	133624-V	ПЕРЕЛОМИТЬСЯ, РАЗЛОМИТЬСЯ
ВПАЯТЬ	106646-V	ОТНОШЕНИЕ МЕЖДУ СУЩНОСТЯМИ
ВПАЯТЬ	128395-V	ЗАВИСИМОСТЬ (ОТНОШЕНИЕ)
ВПАЯТЬ	116488-V	ВЗЫСКАНИЕ ДЕНЕЖНЫХ СРЕДСТВ
ВПАЯТЬ	149104-V	НАЛОЖИТЬ ВЗЫСКАНИЕ
ВПАЯТЬ	111944-V	НАЗНАЧИТЬ, УСТАНОВИТЬ, ОПРЕДЕЛИТЬ
ВПАЯТЬ	116821-V	ОБЛОЖИТЬ, ОБЯЗАТЬ К ОПЛАТЕ
ВПАЯТЬ	106817-V	ПРИНУДИТЬ, ЗАСТАВИТЬ
ВПАЯТЬ	112935-V	НАКАЗАТЬ (ВОЗДЕЙСТВОВАТЬ)
ВПАЯТЬ	110790-V	ПРИКРЕПИТЬ, ПРИДЕЛАТЬ
ВПАЯТЬ	106494-V	ВЫПОЛНИТЬ, ИСПОЛНИТЬ, ОСУЩЕСТВИТЬ
ВПРАВИТЬ	107123-V	СОВЕТОВАТЬ
ВПРАВИТЬ	145757-V	НАПРАВИТЬ ДЕЯТЕЛЬНОСТЬ
ВПРАВИТЬ	106877-V	ВЫСКАЗАТЬ МНЕНИЕ
ВПРАВИТЬ	116198-V	УКАЗАТЬ (ДАТЬ ЗНАТЬ)
ВПРАВИТЬ	106534-V	ОБРАБАТЫВАТЬ, ПОДВЕРГАТЬ ОБРАБОТКЕ
ВПРАВИТЬ	106472-V	ПОМОЩЬ, ПОДДЕРЖКА
ВПРАВИТЬ	106529-V	ОБСЛУЖИТЬ (УДОВЛЕТВОРИТЬ НУЖДЫ)
ВПРАВИТЬ	111370-V	ПОВРЕДИТЬ
ВПРАВИТЬ	106631-V	ИЗМЕНИТЬ, СДЕЛАТЬ ИНЫМ
ВПРАВИТЬ	106557-V	СОЕДИНИТЬ В ОДНО ЦЕЛОЕ
ВРЫТЬ	111085-V	ОПУСТИТЬСЯ ВНИЗ
ВРЫТЬ	106587-V	ДВИЖЕНИЕ, ПЕРЕМЕЩЕНИЕ
ВРЫТЬ	106772-V	УГЛУБИТЬ, УВЕЛИЧИТЬ ГЛУБИНУ (РАССТОЯНИЕ)
ВРЫТЬ	112004-V	РАЗБРОСАТЬ, РАСШВЫРЯТЬ
ВРЫТЬ	110916-V	ИЗВЛЕЧЬ, ДОСТАТЬ
ВРЫТЬ	106501-V	ЗАНЯТИЕ, ДЕЯТЕЛЬНОСТЬ
ВРЫТЬ	111791-V	КОПАТЬ ЯМУ
ВРЫТЬ	110790-V	ПРИКРЕПИТЬ, ПРИДЕЛАТЬ
ВРЫТЬ	106640-V	УВЕЛИЧИТЬ
ВРЫТЬ	111022-V	БРОСИТЬ (ПЕРЕМЕСТИТЬ)
ВСКРУЖИТЬ	129710-V	ИЗМЕНИТЬ СОСТОЯНИЕ
ВСКРУЖИТЬ	118594-V	ПРИВЛЕЧЬ ИНТЕРЕС, ВНИМАНИЕ
ВСКРУЖИТЬ	110474-V	ВЫЗВАТЬ, ПОРОДИТЬ
ВСКРУЖИТЬ	118284-V	ВОЗБУДИТЬСЯ (ПРИЙТИ В ВОЗБУЖДЕННОЕ СОСТОЯНИЕ)
ВСКРУЖИТЬ	113119-V	ОБМАНУТЬ, ВВЕСТИ В ЗАБЛУЖДЕНИЕ
ВСКРУЖИТЬ	106817-V	ПРИНУДИТЬ, ЗАСТАВИТЬ
ВСКРУЖИТЬ	149898-V	ВЫЗВАТЬ МЫСЛЬ, ЧУВСТВО
ВСКРУЖИТЬ	116921-V	ПЕРЕЖИТЬ, ИСПЫТАТЬ
ВСКРУЖИТЬ	145703-V	ДЕЛАТЬ КРУГ (ПЕРЕМЕЩАТЬСЯ)
ВСКРУЖИТЬ	106504-V	ПОСТУПОК ЧЕЛОВЕКА
ВСХЛИПЫВАТЬ	107093-V	ИЗДАТЬ ЗВУК
ВСХЛИПЫВАТЬ	107196-V	ПЛАКАТЬ, ПРОЛИВАТЬ СЛЕЗЫ
ВСХЛИПЫВАТЬ	110719-V	ЛИТЬ ЖИДКОСТЬ
ВСХЛИПЫВАТЬ	120904-V	ВЫСТУПИТЬ НАРУЖУ
ВСХЛИПЫВАТЬ	114103-V	ИЗДАВАТЬ, ИСПУСКАТЬ
ВСХЛИПЫВАТЬ	107094-V	ПРОИЗНЕСТИ, ВЫГОВОРИТЬ, ПРОГОВОРИТЬ
ВСХЛИПЫВАТЬ	116102-V	НАДОЕСТЬ
ВСХЛИПЫВАТЬ	115752-V	ЖАЛОВАТЬСЯ (ВЫСКАЗЫВАТЬ НЕУДОВОЛЬСТВИЕ)
ВСХЛИПЫВАТЬ	111329-V	ПОЯВИТЬСЯ, ПОКАЗАТЬСЯ
ВСХЛИПЫВАТЬ	107252-V	ВЫТЬ
ВШИВАТЬ	110790-V	ПРИКРЕПИТЬ, ПРИДЕЛАТЬ
ВШИВАТЬ	113291-V	СШИВАТЬ
ВШИВАТЬ	106557-V	СОЕДИНИТЬ В ОДНО ЦЕЛОЕ
ВШИВАТЬ	111668-V	ПРИСОЕДИНИТЬ
ВШИВАТЬ	111568-V	ЗАДЕЛАТЬ ОТВЕРСТИЕ
ВШИВАТЬ	110795-V	ПРИШИТЬ (ПРИКРЕПИТЬ)
ВШИВАТЬ	5390-V	ХИРУРГИЧЕСКАЯ ОПЕРАЦИЯ
ВШИВАТЬ	106493-V	СОЗДАТЬ (СДЕЛАТЬ СУЩЕСТВУЮЩИМ)
ВШИВАТЬ	106698-V	ПОМЕСТИТЬ, НАЙТИ МЕСТО
ВШИВАТЬ	111189-V	ВВЕСТИ ВНУТРЬ
ВЫКЛЕВАТЬ	106934-V	ЕСТЬ, ПРИНИМАТЬ ПИЩУ
ВЫКЛЕВАТЬ	106933-V	ГЛОТАТЬ ВНУТРЬ СЕБЯ
ВЫКЛЕВАТЬ	107404-V	УДАРИТЬ, НАНЕСТИ УДАР
ВЫКЛЕВАТЬ	115102-V	МУЧИТЬ
ВЫКЛЕВАТЬ	112339-V	ПРИДРАТЬСЯ
ВЫКЛЕВАТЬ	110911-V	ВЫРВАТЬ, ВЫДРАТЬ
ВЫКЛЕВАТЬ	107002-V	ИЗОБРАЗИТЬ (ВОСПРОИЗВЕСТИ)
ВЫКЛЕВАТЬ	111853-V	ПРОДЕЛАТЬ ОТВЕРСТИЕ
ВЫКЛЕВАТЬ	110908-V	УДАЛИТЬ НАРУЖУ
ВЫКЛЕВАТЬ	115010-V	РОДИТЬСЯ НА СВЕТ
ВЫПЛАКАТЬ	110719-V	ЛИТЬ ЖИДКОСТЬ
ВЫПЛАКАТЬ	120904-V	ВЫСТУПИТЬ НАРУЖУ
ВЫПЛАКАТЬ	107196-V	ПЛАКАТЬ, ПРОЛИВАТЬ СЛЕЗЫ
ВЫПЛАКАТЬ	106938-V	ПЕРЕМЕСТИТЬ
ВЫПЛАКАТЬ	111329-V	ПОЯВИТЬСЯ, ПОКАЗАТЬСЯ
ВЫПЛАКАТЬ	120905-V	ВЫЙТИ (ПОКАЗАТЬСЯ, ПОЯВИТЬСЯ)
ВЫПЛАКАТЬ	106876-V	ВЫСКАЗАТЬ
ВЫПЛАКАТЬ	116921-V	ПЕРЕЖИТЬ, ИСПЫТАТЬ
ВЫПЛАКАТЬ	116929-V	СТРАДАТЬ, ИСПЫТЫВАТЬ СТРАДАНИЯ
ВЫПЛАКАТЬ	117609-V	РАСТРОГАТЬСЯ, РАСЧУВСТВОВАТЬСЯ
ВЫСПРАШИВАТЬ	106709-V	УЗНАТЬ, ПОЛУЧИТЬ СВЕДЕНИЯ
ВЫСПРАШИВАТЬ	106876-V	ВЫСКАЗАТЬ
ВЫСПРАШИВАТЬ	116816-V	ОБРАТИТЬСЯ СО СЛОВАМИ
ВЫСПРАШИВАТЬ	116303-V	ПОЛУЧИТЬ В РАСПОРЯЖЕНИЕ
ВЫСПРАШИВАТЬ	107256-V	СПРОСИТЬ, ЗАДАТЬ ВОПРОС
ВЫСПРАШИВАТЬ	150471-V	ЗАКИДАТЬ (ОБРАТИТЬСЯ)
ВЫСПРАШИВАТЬ	106542-V	СООБЩИТЬ, УВЕДОМИТЬ
ВЫСПРАШИВАТЬ	118698-V	ДЕЙСТВИЕ, ЦЕЛЕНАПРАВЛЕННОЕ ДЕЙСТВИЕ
ВЫСПРАШИВАТЬ	116932-V	СПРАВИТЬСЯ, ОСВЕДОМИТЬСЯ
ВЫСПРАШИВАТЬ	106457-V	ПОКАЗАТЬ, СДЕЛАТЬ ЯВНЫМ, ВИДИМЫМ
ВЫТАПТЫВАТЬ	111192-V	ДАВИТЬ, ЖАТЬ
ВЫТАПТЫВАТЬ	106483-V	УНИЧТОЖИТЬ, ПРЕКРАТИТЬ СУЩЕСТВОВАНИЕ
ВЫТАПТЫВАТЬ	107013-V	ГРЯЗНИТЬ, ПАЧКАТЬ
ВЫТАПТЫВАТЬ	111881-V	НАНЕСЕНИЕ НА ПОВЕРХНОСТЬ
ВЫТАПТЫВАТЬ	114441-V	ОЧИСТИТЬ ОТ ПРИСУТСТВИЯ
ВЫТАПТЫВАТЬ	106501-V	ЗАНЯТИЕ, ДЕЯТЕЛЬНОСТЬ
ВЫТАПТЫВАТЬ	106531-V	ПРЕКРАТИТЬ, ПОЛОЖИТЬ КОНЕЦ
ВЫТАПТЫВАТЬ	111963-V	КАСАТЬСЯ, ДОТРАГИВАТЬСЯ
ВЫТАПТЫВАТЬ	120791-V	ДАВИТЬ, ЗАДАВИТЬ
ВЫТАПТЫВАТЬ	116661-V	ВДАВИТЬ ВНУТРЬ
ВЫЧЕРПЫВАТЬ	110916-V	ИЗВЛЕЧЬ, ДОСТАТЬ
ВЫЧЕРПЫВАТЬ	110910-V	ВЫНУТЬ
ВЫЧЕРПЫВАТЬ	115594-V	БРАТЬ РУКОЙ, ЗУБАМИ, ОРУДИЕМ
ВЫЧЕРПЫВАТЬ	111596-V	ДВИГАТЬ (ПЕРЕМЕЩАТЬ)
ВЫЧЕРПЫВАТЬ	110908-V	УДАЛИТЬ НАРУЖУ
ВЫЧЕРПЫВАТЬ	108870-V	УДАЛИТЬ, ОТДАЛИТЬ НА РАССТОЯНИЕ
ВЫЧЕРПЫВАТЬ	106938-V	ПЕРЕМЕСТИТЬ
ВЫЧЕРПЫВАТЬ	106587-V	ДВИЖЕНИЕ, ПЕРЕМЕЩЕНИЕ
ВЫЧЕРПЫВАТЬ	118813-V	ГРЕСТИ ГРАБЛЯМИ, ЛОПАТОЙ
ВЫЧЕРПЫВАТЬ	106933-V	ГЛОТАТЬ ВНУТРЬ СЕБЯ
ВЯЛИТЬ	110908-V	УДАЛИТЬ НАРУЖУ
ВЯЛИТЬ	109109-V	ПРИГОТОВЛЕНИЕ ПИЩИ
ВЯЛИТЬ	111479-V	СУШИТЬ (УДАЛЯТЬ ВЛАГУ)
ВЯЛИТЬ	111101-V	НАГРЕТЬСЯ
ВЯЛИТЬ	106534-V	ОБРАБАТЫВАТЬ, ПОДВЕРГАТЬ ОБРАБОТКЕ
ВЯЛИТЬ	111554-V	ЗАПАСТИ, ЗАГОТОВИТЬ
ВЯЛИТЬ	106629-V	ИЗМЕНИТЬСЯ, ИЗМЕНЕНИЕ
ВЯЛИТЬ	108870-V	УДАЛИТЬ, ОТДАЛИТЬ НА РАССТОЯНИЕ
ВЯЛИТЬ	106915-V	ОЩУЩАТЬ, ВОСПРИНИМАТЬ
ВЯЛИТЬ	133751-V	ПОДВЕРГНУТЬСЯ ВОЗДЕЙСТВИЮ
ГАТИТЬ	106501-V	ЗАНЯТИЕ, ДЕЯТЕЛЬНОСТЬ
ГАТИТЬ	127308-V	ОСПОРИТЬ (ОБЪЯВИТЬ СПОРНЫМ, ЗАЯВИТЬ СВОЕ НЕСОГЛАСИЕ)
ГАТИТЬ	118193-V	ВЫДЕЛИТЬ (ПРЕДОСТАВИТЬ)
ГАТИТЬ	114228-V	ЖАЛОВАТЬСЯ, ПОДАВАТЬ ЖАЛОБУ
ГАТИТЬ	106497-V	ИСПОЛЬЗОВАТЬ, УПОТРЕБЛЯТЬ
ГАТИТЬ	106880-V	ВОЗРАЗИТЬ
ГАТИТЬ	122052-V	ОТВЕСТИ В ПОЛЬЗОВАНИЕ
ГАТИТЬ	114230-V	ОБЖАЛОВАНИЕ РЕШЕНИЯ
ГАТИТЬ	147805-V	ОБРАЩЕНИЕ В СУД
ГАТИТЬ	106646-V	ОТНОШЕНИЕ МЕЖДУ СУЩНОСТЯМИ
ГИПЕРТРОФИРОВАТЬ	116390-V	ИСКАЗИТЬ, ПРЕДСТАВИТЬ В ЛОЖНОМ СВЕТЕ
ГИПЕРТРОФИРОВАТЬ	141697-V	ПРЕДСТАВИТЬ В ВИДЕ
ГИПЕРТРОФИРОВАТЬ	106631-V	ИЗМЕНИТЬ, СДЕЛАТЬ ИНЫМ
ГИПЕРТРОФИРОВАТЬ	115880-V	ВЫДЕЛИТЬ, ОТЛИЧИТЬ ОТ ОСТАЛЬНЫХ
ГИПЕРТРОФИРОВАТЬ	116115-V	ПРЕУВЕЛИЧИТЬ
ГИПЕРТРОФИРОВАТЬ	106636-V	УСИЛИТЬ (УВЕЛИЧИТЬ СИЛУ)
ГИПЕРТРОФИРОВАТЬ	106640-V	УВЕЛИЧИТЬ
ГИПЕРТРОФИРОВАТЬ	115881-V	ПОДЧЕРКНУТЬ, СДЕЛАТЬ АКЦЕНТ
ГИПЕРТРОФИРОВАТЬ	106632-V	УЛУЧШИТЬ
ГИПЕРТРОФИРОВАТЬ	115814-V	ПЕРЕЛОЖИТЬ (ПРЕДСТАВИТЬ В ДРУГОЙ ФОРМЕ)
ГРУБЕТЬ	106629-V	ИЗМЕНИТЬСЯ, ИЗМЕНЕНИЕ
ГРУБЕТЬ	111109-V	ТВЕРДЕТЬ, ЗАТВЕРДЕТЬ
ГРУБЕТЬ	106639-V	УВЕЛИЧИТЬСЯ
ГРУБЕТЬ	106630-V	УЛУЧШЕНИЕ
ГРУБЕТЬ	106637-V	УМЕНЬШИТЬСЯ
ГРУБЕТЬ	106633-V	УХУДШЕНИЕ
ГРУБЕТЬ	111979-V	ПОРТИТЬСЯ (УХУДШАТЬСЯ)
ГРУБЕТЬ	133516-V	ТЯЖЕЛЕТЬ, ПРИБАВЛЯТЬ В ВЕСЕ
ГРУБЕТЬ	111495-V	ТОЛСТЕТЬ (УВЕЛИЧИВАТЬСЯ В ОБЪЕМЕ)
ГРУБЕТЬ	118530-V	ЗАМЕРЕТЬ, ЗАСТЫТЬ
ДИРЕКТОРСТВОВАТЬ	106501-V	ЗАНЯТИЕ, ДЕЯТЕЛЬНОСТЬ
ДИРЕКТОРСТВОВАТЬ	106607-V	УПРАВЛЯТЬ, РУКОВОДИТЬ
ДИРЕКТОРСТВОВАТЬ	145757-V	НАПРАВИТЬ ДЕЯТЕЛЬНОСТЬ
ДИРЕКТОРСТВОВАТЬ	1604-V	ОБУЧЕНИЕ, УЧЕБНАЯ ДЕЯТЕЛЬНОСТЬ
ДИРЕКТОРСТВОВАТЬ	840-V	ТРУД
ДИРЕКТОРСТВОВАТЬ	106485-V	ПЕРЕСТАТЬ, ПРЕКРАТИТЬ (ЧТО-ТО ДЕЛАТЬ)
ДИРЕКТОРСТВОВАТЬ	106684-V	ИЗУЧИТЬ, ПОСТИЧЬ УЧЕНИЕМ
ДИРЕКТОРСТВОВАТЬ	133979-V	ПОЗНАТЬ, ПРИОБРЕСТИ ЗНАНИЕ
ДИРЕКТОРСТВОВАТЬ	130167-V	УСВОИТЬ ИНФОРМАЦИЮ
ДИРЕКТОРСТВОВАТЬ	106709-V	УЗНАТЬ, ПОЛУЧИТЬ СВЕДЕНИЯ
ДОКИНУТЬ	106938-V	ПЕРЕМЕСТИТЬ
ДОКИНУТЬ	111022-V	БРОСИТЬ (ПЕРЕМЕСТИТЬ)
ДОКИНУТЬ	106646-V	ОТНОШЕНИЕ МЕЖДУ СУЩНОСТЯМИ
ДОКИНУТЬ	115672-V	ДОСТАВИТЬ К МЕСТУ НАЗНАЧЕНИЯ
ДОКИНУТЬ	106504-V	ПОСТУПОК ЧЕЛОВЕКА
ДОКИНУТЬ	115751-V	ОШИБИТЬСЯ
ДОКИНУТЬ	115674-V	ПРИВЕЗТИ
ДОКИНУТЬ	115522-V	ДОБРАТЬСЯ ДО МЕСТА
ДОКИНУТЬ	128395-V	ЗАВИСИМОСТЬ (ОТНОШЕНИЕ)
ДОКИНУТЬ	118058-V	ВЕЗТИ (ПЕРЕМЕЩАТЬ)
ДОРАБОТАТЬСЯ	106629-V	ИЗМЕНИТЬСЯ, ИЗМЕНЕНИЕ
ДОРАБОТАТЬСЯ	107599-V	ПРОДОЛЖАТЬ
ДОРАБОТАТЬСЯ	106534-V	ОБРАБАТЫВАТЬ, ПОДВЕРГАТЬ ОБРАБОТКЕ
ДОРАБОТАТЬСЯ	130940-V	ДОСТИЧЬ СТЕПЕНИ, УРОВНЯ
ДОРАБОТАТЬСЯ	117709-V	ПИТЬ СПИРТНОЕ
ДОРАБОТАТЬСЯ	114999-V	ДОДЕЛАТЬ (ЗАКОНЧИТЬ РАБОТУ)
ДОРАБОТАТЬСЯ	106503-V	РАБОТА, ФУНКЦИОНИРОВАНИЕ
ДОРАБОТАТЬСЯ	129710-V	ИЗМЕНИТЬ СОСТОЯНИЕ
ДОРАБОТАТЬСЯ	112145-V	КОНЧИТЬ, ЗАВЕРШИТЬ ДО КОНЦА
ДОРАБОТАТЬСЯ	117320-V	УТОМИТЬСЯ, УСТАТЬ
ДОТЕЧЬ	115153-V	ПРОБЫТЬ, ПРОВЕСТИ ВРЕМЯ
ДОТЕЧЬ	115786-V	НАХОДИТЬСЯ, ПРЕБЫВАТЬ
ДОТЕЧЬ	115522-V	ДОБРАТЬСЯ ДО МЕСТА
ДОТЕЧЬ	106501-V	ЗАНЯТИЕ, ДЕЯТЕЛЬНОСТЬ
ДОТЕЧЬ	1489-V	ОТДЫХ
ДОТЕЧЬ	118359-V	ПЕРЕНЕСТИ, ПЕРЕЖИТЬ
ДОТЕЧЬ	116921-V	ПЕРЕЖИТЬ, ИСПЫТАТЬ
ДОТЕЧЬ	116773-V	ПРОТЕРЕТЬ ДЫРУ
ДОТЕЧЬ	111369-V	ПОРТИТЬ, ДЕЛАТЬ ПЛОХИМ
ДОТЕЧЬ	118683-V	МЕДЛИТЬ
ДРЯХЛЕТЬ	106629-V	ИЗМЕНИТЬСЯ, ИЗМЕНЕНИЕ
ДРЯХЛЕТЬ	106633-V	УХУДШЕНИЕ
ДРЯХЛЕТЬ	155114-V	РАСПРОСТРАНЕНИЕ В ОБЩЕСТВЕ
ДРЯХЛЕТЬ	133542-V	ОХВАТИТЬ (ВКЛЮЧИТЬ, ВВЕСТИ В КРУГ)
ДРЯХЛЕТЬ	119625-V	СЛАБЕТЬ, ТЕРЯТЬ СИЛУ
ДРЯХЛЕТЬ	111979-V	ПОРТИТЬСЯ (УХУДШАТЬСЯ)
ДРЯХЛЕТЬ	120955-V	ИЗМЕНЕНИЕ СОСТОЯНИЯ
ДРЯХЛЕТЬ	120602-V	ВЫЙТИ ИЗ СОСТОЯНИЯ
ДРЯХЛЕТЬ	106637-V	УМЕНЬШИТЬСЯ
ДРЯХЛЕТЬ	118082-V	СТАРЕТЬ, СТАРИТЬСЯ
ЗАВЕШАТЬ	113352-V	ВЕШАТЬ (ПОМЕСТИТЬ)
ЗАВЕШАТЬ	111572-V	ЗАКРЫТЬ ОТВЕРСТИЕ, ПРОХОД
ЗАВЕШАТЬ	107325-V	ПОКРЫТЬ ПОВЕРХНОСТЬ
ЗАВЕШАТЬ	108830-V	НАКРЫТЬ, ПОКРЫТЬ СВЕРХУ
ЗАВЕШАТЬ	106698-V	ПОМЕСТИТЬ, НАЙТИ МЕСТО
ЗАВЕШАТЬ	118698-V	ДЕЙСТВИЕ, ЦЕЛЕНАПРАВЛЕННОЕ ДЕЙСТВИЕ
ЗАВЕШАТЬ	109444-V	УКРАСИТЬ
ЗАВЕШАТЬ	106632-V	УЛУЧШИТЬ
ЗАВЕШАТЬ	131069-V	ЗАВЕСИТЬ (ЗАКРЫТЬ)
ЗАВЕШАТЬ	114571-V	ЗАДВИНУТЬ (ЗАКРЫТЬ (ШТОРУ, ДВЕРЦУ)
ЗАГОВОРИТЬСЯ	116596-V	ЗАДЕРЖАТЬСЯ НА ОДНОМ МЕСТЕ
ЗАГОВОРИТЬСЯ	116921-V	ПЕРЕЖИТЬ, ИСПЫТАТЬ
ЗАГОВОРИТЬСЯ	115153-V	ПРОБЫТЬ, ПРОВЕСТИ ВРЕМЯ
ЗАГОВОРИТЬСЯ	111157-V	КАЧАТЬСЯ ИЗ СТОРОНЫ В СТОРОНУ
ЗАГОВОРИТЬСЯ	118698-V	ДЕЙСТВИЕ, ЦЕЛЕНАПРАВЛЕННОЕ ДЕЙСТВИЕ
ЗАГОВОРИТЬСЯ	107513-V	КОЛЕБАТЕЛЬНОЕ ДВИЖЕНИЕ
ЗАГОВОРИТЬСЯ	128673-V	РАЗЫГРАТЬСЯ (УВЛЕЧЬСЯ ИГРОЙ)
ЗАГОВОРИТЬСЯ	106504-V	ПОСТУПОК ЧЕЛОВЕКА
ЗАГОВОРИТЬСЯ	124899-V	ОБОБЩИТЬ (ВЫРАЗИТЬ)
ЗАГОВОРИТЬСЯ	141697-V	ПРЕДСТАВИТЬ В ВИДЕ
ЗАДАРИТЬ	107125-V	ХВАЛИТЬ
ЗАДАРИТЬ	144578-V	БЕЗВОЗМЕЗДНАЯ ПЕРЕДАЧА
ЗАДАРИТЬ	107140-V	ЛЬСТИТЬ, ХВАЛИТЬ ИЗ ЛЕСТИ
ЗАДАРИТЬ	149898-V	ВЫЗВАТЬ МЫСЛЬ, ЧУВСТВО
ЗАДАРИТЬ	116751-V	ПРИУКРАСИТЬ, ВЫГОДНО ПРЕДСТАВИТЬ
ЗАДАРИТЬ	107180-V	ЛГАТЬ, ГОВОРИТЬ НЕПРАВДУ
ЗАДАРИТЬ	106878-V	ОДОБРИТЬ
ЗАДАРИТЬ	106935-V	ДАТЬ, ВРУЧИТЬ
ЗАДАРИТЬ	106535-V	СКЛОНИТЬ, ПОБУДИТЬ
ЗАДАРИТЬ	115441-V	РАСПОЛОЖИТЬ В СВОЮ ПОЛЬЗУ
ЗАЛИЗАТЬ	106501-V	ЗАНЯТИЕ, ДЕЯТЕЛЬНОСТЬ
ЗАЛИЗАТЬ	118191-V	РАЗРОВНЯТЬ
ЗАЛИЗАТЬ	7064-V	ПРЕДОСТАВЛЕНИЕ УСЛУГ
ЗАЛИЗАТЬ	106548-V	ПРИЧИНЕНИЕ ВРЕДА
ЗАЛИЗАТЬ	112080-V	СРЕЗАТЬ С КРАЕВ
ЗАЛИЗАТЬ	106529-V	ОБСЛУЖИТЬ (УДОВЛЕТВОРИТЬ НУЖДЫ)
ЗАЛИЗАТЬ	108870-V	УДАЛИТЬ, ОТДАЛИТЬ НА РАССТОЯНИЕ
ЗАЛИЗАТЬ	106558-V	ПРИДАВАТЬ ФОРМУ, ФОРМИРОВАТЬ
ЗАЛИЗАТЬ	142562-V	ИЗЛЕЧИТЬ (ИЗБАВИТЬ ОТ НЕЖЕЛАТЕЛЬНОГО)
ЗАЛИЗАТЬ	1061-V	ЛЕЧЕНИЕ
ЗАМАЛИВАТЬ	115963-V	КАЯТЬСЯ (ПРИЗНАТЬСЯ)
ЗАМАЛИВАТЬ	115598-V	ПРИЗНАТЬСЯ, СОЗНАТЬСЯ
ЗАМАЛИВАТЬ	120154-V	ПРИЗНАТЬ СВОЮ ВИНУ
ЗАМАЛИВАТЬ	106540-V	ОБЪЯВИТЬ, ОГЛАСИТЬ
ЗАМАЛИВАТЬ	117384-V	СОЖАЛЕТЬ О ПРОШЛОМ
ЗАМАЛИВАТЬ	111260-V	ПЛОХОЙ ПОСТУПОК
ЗАМАЛИВАТЬ	106501-V	ЗАНЯТИЕ, ДЕЯТЕЛЬНОСТЬ
ЗАМАЛИВАТЬ	129340-V	ЗАСЛУЖИТЬ (СВОИМИ ДЕЙСТВИЯМИ СТАТЬ ДОСТОЙНЫМ, ДОБИТЬСЯ)
ЗАМАЛИВАТЬ	106701-V	ДОСТИЧЬ, ДОБИТЬСЯ
ЗАМАЛИВАТЬ	106504-V	ПОСТУПОК ЧЕЛОВЕКА
ЗАМОЛИТЬ	115963-V	КАЯТЬСЯ (ПРИЗНАТЬСЯ)
ЗАМОЛИТЬ	115598-V	ПРИЗНАТЬСЯ, СОЗНАТЬСЯ
ЗАМОЛИТЬ	120154-V	ПРИЗНАТЬ СВОЮ ВИНУ
ЗАМОЛИТЬ	129340-V	ЗАСЛУЖИТЬ (СВОИМИ ДЕЙСТВИЯМИ СТАТЬ ДОСТОЙНЫМ, ДОБИТЬСЯ)
ЗАМОЛИТЬ	112026-V	ВОЗМЕСТИТЬ
ЗАМОЛИТЬ	106701-V	ДОСТИЧЬ, ДОБИТЬСЯ
ЗАМОЛИТЬ	111260-V	ПЛОХОЙ ПОСТУПОК
ЗАМОЛИТЬ	106540-V	ОБЪЯВИТЬ, ОГЛАСИТЬ
ЗАМОЛИТЬ	117384-V	СОЖАЛЕТЬ О ПРОШЛОМ
ЗАМОЛИТЬ	107592-V	НАРУШЕНИЕ ПРАВИЛ
ЗАПРОКИДЫВАТЬ	108821-V	ПОДНЯТЬ, ПЕРЕМЕСТИТЬ ВВЕРХ
ЗАПРОКИДЫВАТЬ	106938-V	ПЕРЕМЕСТИТЬ
ЗАПРОКИДЫВАТЬ	119796-V	ОТКЛОНИТЬСЯ, СМЕСТИТЬСЯ В СТОРОНУ
ЗАПРОКИДЫВАТЬ	115840-V	ОТКЛОНИТЬ, СМЕСТИТЬ В СТОРОНУ
ЗАПРОКИДЫВАТЬ	111050-V	ГНУТЬ, ИЗОГНУТЬ
ЗАПРОКИДЫВАТЬ	117196-V	ЗАГНУТЬ (СОГНУТЬ)
ЗАПРОКИДЫВАТЬ	111572-V	ЗАКРЫТЬ ОТВЕРСТИЕ, ПРОХОД
ЗАПРОКИДЫВАТЬ	118072-V	СДВИНУТЬСЯ С МЕСТА
ЗАПРОКИДЫВАТЬ	108824-V	ОПУСТИТЬ ВНИЗ
ЗАПРОКИДЫВАТЬ	106587-V	ДВИЖЕНИЕ, ПЕРЕМЕЩЕНИЕ
ЗАРАБОТАТЬСЯ	116921-V	ПЕРЕЖИТЬ, ИСПЫТАТЬ
ЗАРАБОТАТЬСЯ	117320-V	УТОМИТЬСЯ, УСТАТЬ
ЗАРАБОТАТЬСЯ	116596-V	ЗАДЕРЖАТЬСЯ НА ОДНОМ МЕСТЕ
ЗАРАБОТАТЬСЯ	149898-V	ВЫЗВАТЬ МЫСЛЬ, ЧУВСТВО
ЗАРАБОТАТЬСЯ	106565-V	САМОЧУВСТВИЕ
ЗАРАБОТАТЬСЯ	115153-V	ПРОБЫТЬ, ПРОВЕСТИ ВРЕМЯ
ЗАРАБОТАТЬСЯ	150230-V	ПРЕБЫВАТЬ В СОСТОЯНИИ
ЗАРАБОТАТЬСЯ	111615-V	ЗАБОЛЕТЬ БОЛЕЗНЬЮ
ЗАРАБОТАТЬСЯ	127475-V	ПЕРЕБОРЩИТЬ, ПЕРЕХВАТИТЬ
ЗАРАБОТАТЬСЯ	128673-V	РАЗЫГРАТЬСЯ (УВЛЕЧЬСЯ ИГРОЙ)
ЗАРЕШЕТИТЬ	111572-V	ЗАКРЫТЬ ОТВЕРСТИЕ, ПРОХОД
ЗАРЕШЕТИТЬ	118698-V	ДЕЙСТВИЕ, ЦЕЛЕНАПРАВЛЕННОЕ ДЕЙСТВИЕ
ЗАРЕШЕТИТЬ	106698-V	ПОМЕСТИТЬ, НАЙТИ МЕСТО
ЗАРЕШЕТИТЬ	111191-V	ВСТАВИТЬ ВНУТРЬ
ЗАРЕШЕТИТЬ	106501-V	ЗАНЯТИЕ, ДЕЯТЕЛЬНОСТЬ
ЗАРЕШЕТИТЬ	131069-V	ЗАВЕСИТЬ (ЗАКРЫТЬ)
ЗАРЕШЕТИТЬ	114571-V	ЗАДВИНУТЬ (ЗАКРЫТЬ (ШТОРУ, ДВЕРЦУ)
ЗАРЕШЕТИТЬ	116677-V	ЗАКЛЮЧИТЬ (ПОМЕСТИТЬ)
ЗАРЕШЕТИТЬ	108830-V	НАКРЫТЬ, ПОКРЫТЬ СВЕРХУ
ЗАРЕШЕТИТЬ	113352-V	ВЕШАТЬ (ПОМЕСТИТЬ)
ЗАСТУДИТЬ	111370-V	ПОВРЕДИТЬ
ЗАСТУДИТЬ	110474-V	ВЫЗВАТЬ, ПОРОДИТЬ
ЗАСТУДИТЬ	111109-V	ТВЕРДЕТЬ, ЗАТВЕРДЕТЬ
ЗАСТУДИТЬ	116929-V	СТРАДАТЬ, ИСПЫТЫВАТЬ СТРАДАНИЯ
ЗАСТУДИТЬ	120956-V	ВПАСТЬ В СОСТОЯНИЕ
ЗАСТУДИТЬ	111615-V	ЗАБОЛЕТЬ БОЛЕЗНЬЮ
ЗАСТУДИТЬ	116921-V	ПЕРЕЖИТЬ, ИСПЫТАТЬ
ЗАСТУДИТЬ	2059-V	ТРАВМА
ЗАСТУДИТЬ	113823-V	ПОМОРОЗИТЬ, ПОВРЕДИТЬ МОРОЗОМ
ЗАСТУДИТЬ	106629-V	ИЗМЕНИТЬСЯ, ИЗМЕНЕНИЕ
ЗАЧИТАТЬСЯ	114267-V	ЧТЕНИЕ ТЕКСТА
ЗАЧИТАТЬСЯ	106915-V	ОЩУЩАТЬ, ВОСПРИНИМАТЬ
ЗАЧИТАТЬСЯ	116921-V	ПЕРЕЖИТЬ, ИСПЫТАТЬ
ЗАЧИТАТЬСЯ	118866-V	ПРОПУСТИТЬ ВОЗМОЖНОСТЬ
ЗАЧИТАТЬСЯ	120667-V	ОТДАТЬСЯ, ПОСВЯТИТЬ СЕБЯ
ЗАЧИТАТЬСЯ	117104-V	ЗАИНТЕРЕСОВАТЬСЯ
ЗАЧИТАТЬСЯ	117103-V	УВЛЕЧЬСЯ (СИЛЬНО ЗАИНТЕРЕСОВАТЬСЯ)
ЗАЧИТАТЬСЯ	120956-V	ВПАСТЬ В СОСТОЯНИЕ
ЗАЧИТАТЬСЯ	116596-V	ЗАДЕРЖАТЬСЯ НА ОДНОМ МЕСТЕ
ЗАЧИТАТЬСЯ	128673-V	РАЗЫГРАТЬСЯ (УВЛЕЧЬСЯ ИГРОЙ)
ЗЛОБСТВОВАТЬ	116921-V	ПЕРЕЖИТЬ, ИСПЫТАТЬ
ЗЛОБСТВОВАТЬ	107094-V	ПРОИЗНЕСТИ, ВЫГОВОРИТЬ, ПРОГОВОРИТЬ
ЗЛОБСТВОВАТЬ	111260-V	ПЛОХОЙ ПОСТУПОК
ЗЛОБСТВОВАТЬ	106504-V	ПОСТУПОК ЧЕЛОВЕКА
ЗЛОБСТВОВАТЬ	115208-V	ОСКОРБИТЬ
ЗЛОБСТВОВАТЬ	117673-V	СЕРДИТЬСЯ
ЗЛОБСТВОВАТЬ	106876-V	ВЫСКАЗАТЬ
ЗЛОБСТВОВАТЬ	116283-V	ИЗДЕВАТЬСЯ
ЗЛОБСТВОВАТЬ	106478-V	ПРОИЗОЙТИ, СЛУЧИТЬСЯ
ЗЛОБСТВОВАТЬ	119699-V	ПРОЯВЛЕНИЕ СВОЙСТВ, СОСТОЯНИЙ
ИЗВЕДАТЬ	116921-V	ПЕРЕЖИТЬ, ИСПЫТАТЬ
ИЗВЕДАТЬ	150230-V	ПРЕБЫВАТЬ В СОСТОЯНИИ
ИЗВЕДАТЬ	116929-V	СТРАДАТЬ, ИСПЫТЫВАТЬ СТРАДАНИЯ
ИЗВЕДАТЬ	106646-V	ОТНОШЕНИЕ МЕЖДУ СУЩНОСТЯМИ
ИЗВЕДАТЬ	106678-V	ПОНЯТЬ
ИЗВЕДАТЬ	106709-V	УЗНАТЬ, ПОЛУЧИТЬ СВЕДЕНИЯ
ИЗВЕДАТЬ	117603-V	ПЕРЕСТРАДАТЬ, НАСТРАДАТЬСЯ
ИЗВЕДАТЬ	118698-V	ДЕЙСТВИЕ, ЦЕЛЕНАПРАВЛЕННОЕ ДЕЙСТВИЕ
ИЗВЕДАТЬ	106467-V	МЫСЛИТЕЛЬНЫЙ ПРОЦЕСС
ИЗВЕДАТЬ	116303-V	ПОЛУЧИТЬ В РАСПОРЯЖЕНИЕ
ИНКОРПОРИРОВАТЬ	106631-V	ИЗМЕНИТЬ, СДЕЛАТЬ ИНЫМ
ИНКОРПОРИРОВАТЬ	118698-V	ДЕЙСТВИЕ, ЦЕЛЕНАПРАВЛЕННОЕ ДЕЙСТВИЕ
ИНКОРПОРИРОВАТЬ	106785-V	ПРЕОБРАЗОВАТЬ, ПЕРЕДЕЛАТЬ
ИНКОРПОРИРОВАТЬ	106629-V	ИЗМЕНИТЬСЯ, ИЗМЕНЕНИЕ
ИНКОРПОРИРОВАТЬ	107533-V	ОБЪЕДИНИТЬ В ЕДИНОЕ ЦЕЛОЕ
ИНКОРПОРИРОВАТЬ	121336-V	ЧЛЕНИТЬСЯ
ИНКОРПОРИРОВАТЬ	106501-V	ЗАНЯТИЕ, ДЕЯТЕЛЬНОСТЬ
ИНКОРПОРИРОВАТЬ	106473-V	ОБУСЛАВЛИВАТЬ, СПОСОБСТВОВАТЬ
ИНКОРПОРИРОВАТЬ	106493-V	СОЗДАТЬ (СДЕЛАТЬ СУЩЕСТВУЮЩИМ)
ИНКОРПОРИРОВАТЬ	141697-V	ПРЕДСТАВИТЬ В ВИДЕ
ИСПОЛОСОВАТЬ	107410-V	ДЕЛИТЬ, РАЗДЕЛЯТЬ НА ЧАСТИ
ИСПОЛОСОВАТЬ	107412-V	РЕЗАТЬ, ПОРЕЗАТЬ
ИСПОЛОСОВАТЬ	126314-V	ПЕРЕСЕЧЬ (ПРОЙТИ ПО ПОВЕРХНОСТИ ОТ ОДНОГО КРАЯ К ДРУГОМУ)
ИСПОЛОСОВАТЬ	111690-V	ЧЛЕНИТЬ
ИСПОЛОСОВАТЬ	107416-V	РВАТЬ, РАЗОРВАТЬ НА ЧАСТИ
ИСПОЛОСОВАТЬ	120595-V	ПРОЛЕГАТЬ, ПРОХОДИТЬ
ИСПОЛОСОВАТЬ	2292-V	РАНЕНИЕ, НАНЕСЕНИЕ РАНЫ
ИСПОЛОСОВАТЬ	111853-V	ПРОДЕЛАТЬ ОТВЕРСТИЕ
ИСПОЛОСОВАТЬ	107409-V	РАЗЪЕДИНИТЬ, ПРЕРВАТЬ СОЕДИНЕНИЕ
ИСПОЛОСОВАТЬ	107404-V	УДАРИТЬ, НАНЕСТИ УДАР
ИСЦАРАПАТЬ	111369-V	ПОРТИТЬ, ДЕЛАТЬ ПЛОХИМ
ИСЦАРАПАТЬ	111865-V	ПРОВЕСТИ ПО ПОВЕРХНОСТИ
ИСЦАРАПАТЬ	107013-V	ГРЯЗНИТЬ, ПАЧКАТЬ
ИСЦАРАПАТЬ	111370-V	ПОВРЕДИТЬ
ИСЦАРАПАТЬ	106634-V	УХУДШИТЬ
ИСЦАРАПАТЬ	111963-V	КАСАТЬСЯ, ДОТРАГИВАТЬСЯ
ИСЦАРАПАТЬ	107410-V	ДЕЛИТЬ, РАЗДЕЛЯТЬ НА ЧАСТИ
ИСЦАРАПАТЬ	107325-V	ПОКРЫТЬ ПОВЕРХНОСТЬ
ИСЦАРАПАТЬ	106938-V	ПЕРЕМЕСТИТЬ
ИСЦАРАПАТЬ	110780-V	ОБЛИТЬ (ОБДАТЬ)
КАРКАТЬ	107093-V	ИЗДАТЬ ЗВУК
КАРКАТЬ	107094-V	ПРОИЗНЕСТИ, ВЫГОВОРИТЬ, ПРОГОВОРИТЬ
КАРКАТЬ	114103-V	ИЗДАВАТЬ, ИСПУСКАТЬ
КАРКАТЬ	107104-V	КРИЧАТЬ, ИЗДАВАТЬ КРИК
КАРКАТЬ	115704-V	ПЕНИЕ ПТИЦЫ
КАРКАТЬ	106876-V	ВЫСКАЗАТЬ
КАРКАТЬ	107196-V	ПЛАКАТЬ, ПРОЛИВАТЬ СЛЕЗЫ
КАРКАТЬ	107105-V	КРИЧАТЬ, ГОВОРИТЬ ГРОМКО
КАРКАТЬ	107106-V	ШУМЕТЬ, ИЗДАВАТЬ ШУМ
КАРКАТЬ	107252-V	ВЫТЬ
КАТАЛОГИЗИРОВАТЬ	138362-V	УПОРЯДОЧИТЬ (ПРИВЕСТИ В ПОРЯДОК)
КАТАЛОГИЗИРОВАТЬ	111902-V	НАВОДИТЬ ПОРЯДОК
КАТАЛОГИЗИРОВАТЬ	112077-V	СОБРАТЬ В ОДНОМ МЕСТЕ
КАТАЛОГИЗИРОВАТЬ	106489-V	РЕГУЛИРОВАТЬ, УПОРЯДОЧИВАТЬ
КАТАЛОГИЗИРОВАТЬ	107129-V	СИСТЕМАТИЗИРОВАТЬ
КАТАЛОГИЗИРОВАТЬ	118456-V	ПОДРАЗДЕЛИТЬ
КАТАЛОГИЗИРОВАТЬ	107410-V	ДЕЛИТЬ, РАЗДЕЛЯТЬ НА ЧАСТИ
КАТАЛОГИЗИРОВАТЬ	112070-V	РАЗОБРАТЬ (НАВЕСТИ ПОРЯДОК)
КАТАЛОГИЗИРОВАТЬ	111592-V	РАСПРЕДЕЛИТЬ ПО ДОЛЯМ
КАТАЛОГИЗИРОВАТЬ	106585-V	РАСПОЛОЖИТЬ, РАЗМЕСТИТЬ
КНЯЖИТЬ	106607-V	УПРАВЛЯТЬ, РУКОВОДИТЬ
КНЯЖИТЬ	106501-V	ЗАНЯТИЕ, ДЕЯТЕЛЬНОСТЬ
КНЯЖИТЬ	123566-V	ПРАВИТЬ (РУКОВОДИТЬ)
КНЯЖИТЬ	124799-V	ПОСВЯТИТЬ В ЗВАНИЕ, В САН
КНЯЖИТЬ	106646-V	ОТНОШЕНИЕ МЕЖДУ СУЩНОСТЯМИ
КНЯЖИТЬ	118038-V	ПОДЧИНИТЬ СВОЕЙ ВЛАСТИ
КНЯЖИТЬ	129735-V	ВЕНЧАТЬ (ВОЗВОДИТЬ В ЗВАНИЕ)
КНЯЖИТЬ	106473-V	ОБУСЛАВЛИВАТЬ, СПОСОБСТВОВАТЬ
КНЯЖИТЬ	123507-V	РАСПОРЯЖАТЬСЯ, ЗАВЕДОВАТЬ
КНЯЖИТЬ	115660-V	ПРЕВЗОЙТИ
КОМПОСТИРОВАТЬ	106504-V	ПОСТУПОК ЧЕЛОВЕКА
КОМПОСТИРОВАТЬ	113119-V	ОБМАНУТЬ, ВВЕСТИ В ЗАБЛУЖДЕНИЕ
КОМПОСТИРОВАТЬ	107094-V	ПРОИЗНЕСТИ, ВЫГОВОРИТЬ, ПРОГОВОРИТЬ
КОМПОСТИРОВАТЬ	118698-V	ДЕЙСТВИЕ, ЦЕЛЕНАПРАВЛЕННОЕ ДЕЙСТВИЕ
КОМПОСТИРОВАТЬ	117605-V	ПРОЖИТЬ, ИСТРАТИТЬ НА ЖИЗНЬ
КОМПОСТИРОВАТЬ	115256-V	ШУТИТЬ, ОТПУСКАТЬ ШУТКИ
КОМПОСТИРОВАТЬ	106501-V	ЗАНЯТИЕ, ДЕЯТЕЛЬНОСТЬ
КОМПОСТИРОВАТЬ	107418-V	ОТОРВАТЬ, ОБОРВАТЬ
КОМПОСТИРОВАТЬ	107417-V	ОТДЕЛИТЬ ЧАСТЬ ОТ ЦЕЛОГО
КОМПОСТИРОВАТЬ	107013-V	ГРЯЗНИТЬ, ПАЧКАТЬ
КООПЕРИРОВАТЬСЯ	144027-V	СОВМЕСТНАЯ ДЕЯТЕЛЬНОСТЬ
КООПЕРИРОВАТЬСЯ	111484-V	СОЕДИНИТЬСЯ В ОДНО ЦЕЛОЕ
КООПЕРИРОВАТЬСЯ	106501-V	ЗАНЯТИЕ, ДЕЯТЕЛЬНОСТЬ
КООПЕРИРОВАТЬСЯ	148420-V	ОТНОШЕНИЯ МЕЖДУ ЛЮДЬМИ
КООПЕРИРОВАТЬСЯ	106856-V	УЧАСТИЕ, УЧАСТВОВАТЬ
КООПЕРИРОВАТЬСЯ	107614-V	СОТРУДНИЧЕСТВО
КООПЕРИРОВАТЬСЯ	123479-V	ВЗАИМОДЕЙСТВИЕ (ВЗАИМНАЯ ПОДДЕРЖКА)
КООПЕРИРОВАТЬСЯ	106646-V	ОТНОШЕНИЕ МЕЖДУ СУЩНОСТЯМИ
КООПЕРИРОВАТЬСЯ	131954-V	БОРОТЬСЯ С СОПЕРНИКОМ
КООПЕРИРОВАТЬСЯ	106472-V	ПОМОЩЬ, ПОДДЕРЖКА
КРИВИТЬ	107180-V	ЛГАТЬ, ГОВОРИТЬ НЕПРАВДУ
КРИВИТЬ	126522-V	ГРИМАСНИЧАТЬ, ДЕЛАТЬ ГРИМАСЫ
КРИВИТЬ	117094-V	ШЕВЕЛИТЬ ЧАСТЬЮ ТЕЛА
КРИВИТЬ	113119-V	ОБМАНУТЬ, ВВЕСТИ В ЗАБЛУЖДЕНИЕ
КРИВИТЬ	111260-V	ПЛОХОЙ ПОСТУПОК
КРИВИТЬ	106876-V	ВЫСКАЗАТЬ
КРИВИТЬ	116367-V	ДЕФОРМИРОВАТЬ
КРИВИТЬ	111050-V	ГНУТЬ, ИЗОГНУТЬ
КРИВИТЬ	106631-V	ИЗМЕНИТЬ, СДЕЛАТЬ ИНЫМ
КРИВИТЬ	111369-V	ПОРТИТЬ, ДЕЛАТЬ ПЛОХИМ
КРОНИРОВАТЬ	106534-V	ОБРАБАТЫВАТЬ, ПОДВЕРГАТЬ ОБРАБОТКЕ
КРОНИРОВАТЬ	107125-V	ХВАЛИТЬ
КРОНИРОВАТЬ	117673-V	СЕРДИТЬСЯ
КРОНИРОВАТЬ	111983-V	ДОБАВИТЬ
КРОНИРОВАТЬ	114441-V	ОЧИСТИТЬ ОТ ПРИСУТСТВИЯ
КРОНИРОВАТЬ	110908-V	УДАЛИТЬ НАРУЖУ
КРОНИРОВАТЬ	106885-V	СЧИТАТЬ, ОПРЕДЕЛЯТЬ КОЛИЧЕСТВО
КРОНИРОВАТЬ	106710-V	ОПРЕДЕЛИТЬ, ВЫЯСНИТЬ
КРОНИРОВАТЬ	106484-V	КОНЧИТЬСЯ, ПРЕКРАТИТЬСЯ
КРОНИРОВАТЬ	111540-V	КЛАСТЬ ВНУТРЬ
КУДАХТАТЬ	107093-V	ИЗДАТЬ ЗВУК
КУДАХТАТЬ	107094-V	ПРОИЗНЕСТИ, ВЫГОВОРИТЬ, ПРОГОВОРИТЬ
КУДАХТАТЬ	114103-V	ИЗДАВАТЬ, ИСПУСКАТЬ
КУДАХТАТЬ	107196-V	ПЛАКАТЬ, ПРОЛИВАТЬ СЛЕЗЫ
КУДАХТАТЬ	107104-V	КРИЧАТЬ, ИЗДАВАТЬ КРИК
КУДАХТАТЬ	106876-V	ВЫСКАЗАТЬ
КУДАХТАТЬ	115704-V	ПЕНИЕ ПТИЦЫ
КУДАХТАТЬ	110719-V	ЛИТЬ ЖИДКОСТЬ
КУДАХТАТЬ	120904-V	ВЫСТУПИТЬ НАРУЖУ
КУДАХТАТЬ	116523-V	ПРИГОВАРИВАТЬ (СОПРОВОЖДАТЬ СЛОВАМИ)
ЛАЙКНУТЬ	106876-V	ВЫСКАЗАТЬ
ЛАЙКНУТЬ	106977-V	ОТВЕТИТЬ, ДАТЬ ОТВЕТ
ЛАЙКНУТЬ	127414-V	ОТФУТБОЛИТЬ (ИЗБАВИТЬСЯ)
ЛАЙКНУТЬ	107008-V	ПОСЛАТЬ, ОТПРАВИТЬ ДЛЯ ДОСТАВКИ
ЛАЙКНУТЬ	154250-V	СВЯЗАТЬСЯ, УСТАНОВИТЬ КОНТАКТ
ЛАЙКНУТЬ	106781-V	РАЗГОВОР, БЕСЕДА
ЛАЙКНУТЬ	106877-V	ВЫСКАЗАТЬ МНЕНИЕ
ЛАЙКНУТЬ	107602-V	ПОВТОРИТЬ, СДЕЛАТЬ ЕЩЕ РАЗ
ЛАЙКНУТЬ	120502-V	ОСТАНОВИТЬ ДВИЖЕНИЕ
ЛАЙКНУТЬ	106648-V	ОБЩЕНИЕ, СВЯЗЬ
ЛЕГИРОВАТЬ	106495-V	ИЗГОТОВИТЬ, ВЫРАБОТАТЬ
ЛЕГИРОВАТЬ	106534-V	ОБРАБАТЫВАТЬ, ПОДВЕРГАТЬ ОБРАБОТКЕ
ЛЕГИРОВАТЬ	106631-V	ИЗМЕНИТЬ, СДЕЛАТЬ ИНЫМ
ЛЕГИРОВАТЬ	106493-V	СОЗДАТЬ (СДЕЛАТЬ СУЩЕСТВУЮЩИМ)
ЛЕГИРОВАТЬ	106501-V	ЗАНЯТИЕ, ДЕЯТЕЛЬНОСТЬ
ЛЕГИРОВАТЬ	137819-V	ТЕРМИЧЕСКАЯ ОБРАБОТКА
ЛЕГИРОВАТЬ	111098-V	ПЛАВЛЕНИЕ ВЕЩЕСТВА
ЛЕГИРОВАТЬ	111100-V	ПЛАВИТЬ
ЛЕГИРОВАТЬ	129701-V	ВАРКА (ТЕХНОЛОГИЧЕСКИЙ ПРОЦЕСС)
ЛЕГИРОВАТЬ	111097-V	ИЗМЕНЕНИЕ АГРЕГАТНОГО СОСТОЯНИЯ
ЛОСНИТЬСЯ	113005-V	СВЕТИТЬСЯ, ИЗЛУЧАТЬ СВЕТ
ЛОСНИТЬСЯ	148998-V	ПРОЯВЛЕНИЕ ЧУВСТВ
ЛОСНИТЬСЯ	106456-V	ВЫРАЗИТЬ (ПОКАЗАТЬ)
ЛОСНИТЬСЯ	113780-V	ПОКРЫТЬСЯ НА ПОВЕРХНОСТИ
ЛОСНИТЬСЯ	113004-V	ИЗЛУЧАТЬ, ИСПУСКАТЬ ЛУЧИ
ЛОСНИТЬСЯ	106639-V	УВЕЛИЧИТЬСЯ
ЛОСНИТЬСЯ	106629-V	ИЗМЕНИТЬСЯ, ИЗМЕНЕНИЕ
ЛОСНИТЬСЯ	113003-V	БЛЕСТЕТЬ (ЯРКО СВЕТИТЬСЯ)
ЛОСНИТЬСЯ	119699-V	ПРОЯВЛЕНИЕ СВОЙСТВ, СОСТОЯНИЙ
ЛОСНИТЬСЯ	106457-V	ПОКАЗАТЬ, СДЕЛАТЬ ЯВНЫМ, ВИДИМЫМ
ЛЬГОТИРОВАТЬ	112280-V	ПЛАТИТЬ (ОТДАВАТЬ ДЕНЬГИ)
ЛЬГОТИРОВАТЬ	106811-V	ОТДАТЬ, ДАТЬ, ПРЕДОСТАВИТЬ
ЛЬГОТИРОВАТЬ	106501-V	ЗАНЯТИЕ, ДЕЯТЕЛЬНОСТЬ
ЛЬГОТИРОВАТЬ	118193-V	ВЫДЕЛИТЬ (ПРЕДОСТАВИТЬ)
ЛЬГОТИРОВАТЬ	106472-V	ПОМОЩЬ, ПОДДЕРЖКА
ЛЬГОТИРОВАТЬ	143840-V	ОПЛАТА УСЛУГ
ЛЬГОТИРОВАТЬ	116294-V	ОДОЛЖИТЬ, ДАТЬ В ДОЛГ
ЛЬГОТИРОВАТЬ	116821-V	ОБЛОЖИТЬ, ОБЯЗАТЬ К ОПЛАТЕ
ЛЬГОТИРОВАТЬ	110809-V	ПРИБАВИТЬ (УВЕЛИЧИТЬ)
ЛЬГОТИРОВАТЬ	142143-V	НАЧИСЛИТЬ (НАСЧИТАТЬ)
ЛЯЗГАТЬ	107093-V	ИЗДАТЬ ЗВУК
ЛЯЗГАТЬ	114103-V	ИЗДАВАТЬ, ИСПУСКАТЬ
ЛЯЗГАТЬ	111795-V	ЗВЕНЕТЬ
ЛЯЗГАТЬ	107094-V	ПРОИЗНЕСТИ, ВЫГОВОРИТЬ, ПРОГОВОРИТЬ
ЛЯЗГАТЬ	113024-V	ГРЕМЕТЬ, ГРОМЫХАТЬ
ЛЯЗГАТЬ	107106-V	ШУМЕТЬ, ИЗДАВАТЬ ШУМ
ЛЯЗГАТЬ	107404-V	УДАРИТЬ, НАНЕСТИ УДАР
ЛЯЗГАТЬ	107402-V	СТУЧАТЬ, ПРОИЗВОДИТЬ СТУК
ЛЯЗГАТЬ	113841-V	ВОРЧАТЬ (БОРМОТАТЬ)
ЛЯЗГАТЬ	129120-V	БЫТЬ ИЗВЕСТНЫМ, СЛЫТЬ
МАНКИРОВАТЬ	117765-V	УКЛОНИТЬСЯ (ОТКАЗАТЬСЯ)
МАНКИРОВАТЬ	114073-V	БЕЗДЕЛЬНИЧАТЬ
МАНКИРОВАТЬ	106504-V	ПОСТУПОК ЧЕЛОВЕКА
МАНКИРОВАТЬ	117017-V	ОТКАЗАТЬСЯ, НЕ СОГЛАСИТЬСЯ
МАНКИРОВАТЬ	134385-V	УВИЛИВАТЬ, ОТЛЫНИВАТЬ
МАНКИРОВАТЬ	111260-V	ПЛОХОЙ ПОСТУПОК
МАНКИРОВАТЬ	123920-V	ИГНОРИРОВАТЬ, ОТНЕСТИСЬ БЕЗ ВНИМАНИЯ
МАНКИРОВАТЬ	139083-V	НЕДОСТОЙНОЕ ПОВЕДЕНИЕ
МАНКИРОВАТЬ	118698-V	ДЕЙСТВИЕ, ЦЕЛЕНАПРАВЛЕННОЕ ДЕЙСТВИЕ
МАНКИРОВАТЬ	122242-V	НАРУШИТЬ, ПРЕСТУПИТЬ
МИКШИРОВАТЬ	110447-V	ВОСПРОИЗВЕСТИ (ВОССОЗДАТЬ, ПОВТОРИТЬ В КОПИИ)
МИКШИРОВАТЬ	106493-V	СОЗДАТЬ (СДЕЛАТЬ СУЩЕСТВУЮЩИМ)
МИКШИРОВАТЬ	110440-V	ИСПОЛНИТЬ (ВОСПРОИЗВЕСТИ)
МИКШИРОВАТЬ	115814-V	ПЕРЕЛОЖИТЬ (ПРЕДСТАВИТЬ В ДРУГОЙ ФОРМЕ)
МИКШИРОВАТЬ	112078-V	СОСТАВИТЬ (СОБРАВ СОЕДИНИТЬ)
МИКШИРОВАТЬ	111619-V	КОПИРОВАНИЕ, СНЯТИЕ КОПИИ
МИКШИРОВАТЬ	112077-V	СОБРАТЬ В ОДНОМ МЕСТЕ
МИКШИРОВАТЬ	114107-V	РАЗМНОЖИТЬ (УВЕЛИЧИТЬ В ЧИСЛЕ, КОЛИЧЕСТВЕ)
МИКШИРОВАТЬ	141697-V	ПРЕДСТАВИТЬ В ВИДЕ
МИКШИРОВАТЬ	115815-V	АРАНЖИРОВКА МУЗЫКАЛЬНОГО ПРОИЗВЕДЕНИЯ
МОЛОДИТЬ	106631-V	ИЗМЕНИТЬ, СДЕЛАТЬ ИНЫМ
МОЛОДИТЬ	106629-V	ИЗМЕНИТЬСЯ, ИЗМЕНЕНИЕ
МОЛОДИТЬ	111769-V	ПРИДАВАТЬ ВИД
МОЛОДИТЬ	106632-V	УЛУЧШИТЬ
МОЛОДИТЬ	155114-V	РАСПРОСТРАНЕНИЕ В ОБЩЕСТВЕ
МОЛОДИТЬ	133542-V	ОХВАТИТЬ (ВКЛЮЧИТЬ, ВВЕСТИ В КРУГ)
МОЛОДИТЬ	115486-V	ВКЛЮЧИТЬ В СОСТАВ
МОЛОДИТЬ	125641-V	ВВЕСТИ В СОСТАВ
МОЛОДИТЬ	107458-V	КРАСИТЬ, ПОКРЫВАТЬ КРАСКОЙ
МОЛОДИТЬ	107325-V	ПОКРЫТЬ ПОВЕРХНОСТЬ
МОТОРИЗОВАТЬ	112078-V	СОСТАВИТЬ (СОБРАВ СОЕДИНИТЬ)
МОТОРИЗОВАТЬ	114726-V	ПОПОЛНИТЬ
МОТОРИЗОВАТЬ	106585-V	РАСПОЛОЖИТЬ, РАЗМЕСТИТЬ
МОТОРИЗОВАТЬ	112144-V	ОБЕСПЕЧИТЬ, СНАБДИТЬ
МОТОРИЗОВАТЬ	106698-V	ПОМЕСТИТЬ, НАЙТИ МЕСТО
МОТОРИЗОВАТЬ	112077-V	СОБРАТЬ В ОДНОМ МЕСТЕ
МОТОРИЗОВАТЬ	130936-V	ДОПОЛНИТЬ, ВНЕСТИ ДОПОЛНЕНИЕ
МОТОРИЗОВАТЬ	110809-V	ПРИБАВИТЬ (УВЕЛИЧИТЬ)
МОТОРИЗОВАТЬ	118768-V	ВОЕВАТЬ, УЧАСТВОВАТЬ В ВОЙНЕ
МОТОРИЗОВАТЬ	106501-V	ЗАНЯТИЕ, ДЕЯТЕЛЬНОСТЬ
МУЛЬЧИРОВАТЬ	106501-V	ЗАНЯТИЕ, ДЕЯТЕЛЬНОСТЬ
МУЛЬЧИРОВАТЬ	151674-V	ОБРАБОТКА ПОЧВЫ
МУЛЬЧИРОВАТЬ	106534-V	ОБРАБАТЫВАТЬ, ПОДВЕРГАТЬ ОБРАБОТКЕ
МУЛЬЧИРОВАТЬ	111983-V	ДОБАВИТЬ
МУЛЬЧИРОВАТЬ	115184-V	ВСКОПАТЬ
МУЛЬЧИРОВАТЬ	118860-V	ПИТАТЬ (СНАБЖАТЬ)
МУЛЬЧИРОВАТЬ	115570-V	ОБОГАЩЕНИЕ МАТЕРИАЛА, ПРОДУКТА
МУЛЬЧИРОВАТЬ	114786-V	ВНЕСТИ (ВКЛЮЧИТЬ, ДОБАВИТЬ)
МУЛЬЧИРОВАТЬ	106629-V	ИЗМЕНИТЬСЯ, ИЗМЕНЕНИЕ
МУЛЬЧИРОВАТЬ	114891-V	ВЫРАЩИВАНИЕ РАСТЕНИЙ
МУШТРОВАТЬ	1604-V	ОБУЧЕНИЕ, УЧЕБНАЯ ДЕЯТЕЛЬНОСТЬ
МУШТРОВАТЬ	106542-V	СООБЩИТЬ, УВЕДОМИТЬ
МУШТРОВАТЬ	118370-V	УЧИТЬ, ОБУЧАТЬ
МУШТРОВАТЬ	106501-V	ЗАНЯТИЕ, ДЕЯТЕЛЬНОСТЬ
МУШТРОВАТЬ	114819-V	ПРИУЧИТЬ
МУШТРОВАТЬ	118621-V	ЗАБОТИТЬСЯ, ОКРУЖИТЬ ЗАБОТОЙ
МУШТРОВАТЬ	106817-V	ПРИНУДИТЬ, ЗАСТАВИТЬ
МУШТРОВАТЬ	1592-V	ВОСПИТАНИЕ
МУШТРОВАТЬ	111885-V	ЗАПОМНИТЬ, СОХРАНИТЬ В ПАМЯТИ
МУШТРОВАТЬ	130167-V	УСВОИТЬ ИНФОРМАЦИЮ
НАБЕГАТЬСЯ	118667-V	УДОВЛЕТВОРИТЬСЯ
НАБЕГАТЬСЯ	116921-V	ПЕРЕЖИТЬ, ИСПЫТАТЬ
НАБЕГАТЬСЯ	1489-V	ОТДЫХ
НАБЕГАТЬСЯ	126588-V	КУТИТЬ, ГУЛЯТЬ
НАБЕГАТЬСЯ	152320-V	ПЕШАЯ ПРОГУЛКА
НАБЕГАТЬСЯ	106501-V	ЗАНЯТИЕ, ДЕЯТЕЛЬНОСТЬ
НАБЕГАТЬСЯ	120076-V	ВЕСЕЛИТЬСЯ
НАБЕГАТЬСЯ	107470-V	ИДТИ НОГАМИ
НАБЕГАТЬСЯ	117320-V	УТОМИТЬСЯ, УСТАТЬ
НАБЕГАТЬСЯ	116929-V	СТРАДАТЬ, ИСПЫТЫВАТЬ СТРАДАНИЯ
НАГУЛЯТЬ	118667-V	УДОВЛЕТВОРИТЬСЯ
НАГУЛЯТЬ	106501-V	ЗАНЯТИЕ, ДЕЯТЕЛЬНОСТЬ
НАГУЛЯТЬ	111862-V	КОРМИТЬ, ДАВАТЬ ЕДУ
НАГУЛЯТЬ	120076-V	ВЕСЕЛИТЬСЯ
НАГУЛЯТЬ	126588-V	КУТИТЬ, ГУЛЯТЬ
НАГУЛЯТЬ	152320-V	ПЕШАЯ ПРОГУЛКА
НАГУЛЯТЬ	116921-V	ПЕРЕЖИТЬ, ИСПЫТАТЬ
НАГУЛЯТЬ	1489-V	ОТДЫХ
НАГУЛЯТЬ	107470-V	ИДТИ НОГАМИ
НАГУЛЯТЬ	106811-V	ОТДАТЬ, ДАТЬ, ПРЕДОСТАВИТЬ
НАЕЗДИТЬСЯ	106587-V	ДВИЖЕНИЕ, ПЕРЕМЕЩЕНИЕ
НАЕЗДИТЬСЯ	111094-V	ЕХАТЬ, ДВИГАТЬСЯ ПРИ ПОМОЩИ СРЕДСТВ ПЕРЕДВИЖЕНИЯ
НАЕЗДИТЬСЯ	115206-V	ПОБЫВАТЬ В РАЗНЫХ МЕСТАХ
НАЕЗДИТЬСЯ	130447-V	ВЫЕХАТЬ (ОТПРАВИТЬСЯ)
НАЕЗДИТЬСЯ	111095-V	ЕХАТЬ, ДВИГАТЬСЯ О СРЕДСТВАХ ПЕРЕДВИЖЕНИЯ
НАЕЗДИТЬСЯ	5920-V	ПУТЕШЕСТВИЕ
НАЕЗДИТЬСЯ	115136-V	ОТПРАВИТЬСЯ В ПУТЬ
НАЕЗДИТЬСЯ	116929-V	СТРАДАТЬ, ИСПЫТЫВАТЬ СТРАДАНИЯ
НАЕЗДИТЬСЯ	112550-V	ПОКИНУТЬ МЕСТО
НАЕЗДИТЬСЯ	117603-V	ПЕРЕСТРАДАТЬ, НАСТРАДАТЬСЯ
НАКЛИКАТЬ	110474-V	ВЫЗВАТЬ, ПОРОДИТЬ
НАКЛИКАТЬ	106473-V	ОБУСЛАВЛИВАТЬ, СПОСОБСТВОВАТЬ
НАКЛИКАТЬ	133925-V	ПОРТИТЬ РЕПУТАЦИЮ
НАКЛИКАТЬ	115208-V	ОСКОРБИТЬ
НАКЛИКАТЬ	106548-V	ПРИЧИНЕНИЕ ВРЕДА
НАКЛИКАТЬ	116921-V	ПЕРЕЖИТЬ, ИСПЫТАТЬ
НАКЛИКАТЬ	116195-V	ПРЕДВЕЩАТЬ
НАКЛИКАТЬ	126176-V	ОКОЛДОВАТЬ, ЗАКОЛДОВАТЬ
НАКЛИКАТЬ	111437-V	ПРЕДОХРАНИТЬ (ЗАРАНЕЕ ОХРАНИТЬ, ОБЕРЕЧЬ)
НАКЛИКАТЬ	106626-V	БЕРЕЧЬ, СОДЕРЖАТЬ В ЦЕЛОСТИ
НАКРЕНИТЬ	106587-V	ДВИЖЕНИЕ, ПЕРЕМЕЩЕНИЕ
НАКРЕНИТЬ	111040-V	ПЕРЕВЕРНУТЬСЯ (ПОВЕРНУТЬСЯ)
НАКРЕНИТЬ	111066-V	НАКЛОНИТЬСЯ, СКЛОНИТЬСЯ
НАКРЕНИТЬ	111038-V	ПОВЕРНУТЬСЯ (ИЗМЕНИТЬ ПОЛОЖЕНИЕ)
НАКРЕНИТЬ	111031-V	ВАЛИТЬСЯ
НАКРЕНИТЬ	107513-V	КОЛЕБАТЕЛЬНОЕ ДВИЖЕНИЕ
НАКРЕНИТЬ	115153-V	ПРОБЫТЬ, ПРОВЕСТИ ВРЕМЯ
НАКРЕНИТЬ	111085-V	ОПУСТИТЬСЯ ВНИЗ
НАКРЕНИТЬ	111086-V	ГНУТЬСЯ, СОГНУТЬСЯ
НАКРЕНИТЬ	111156-V	КАЧАТЬ (КОЛЕБАТЬ)
НАЛОВЧИТЬСЯ	130167-V	УСВОИТЬ ИНФОРМАЦИЮ
НАЛОВЧИТЬСЯ	106709-V	УЗНАТЬ, ПОЛУЧИТЬ СВЕДЕНИЯ
НАЛОВЧИТЬСЯ	106678-V	ПОНЯТЬ
НАЛОВЧИТЬСЯ	106494-V	ВЫПОЛНИТЬ, ИСПОЛНИТЬ, ОСУЩЕСТВИТЬ
НАЛОВЧИТЬСЯ	106673-V	ПРИСПОСОБИТЬСЯ
НАЛОВЧИТЬСЯ	133979-V	ПОЗНАТЬ, ПРИОБРЕСТИ ЗНАНИЕ
НАЛОВЧИТЬСЯ	123789-V	МОЧЬ, ИМЕТЬ ВОЗМОЖНОСТЬ
НАЛОВЧИТЬСЯ	106542-V	СООБЩИТЬ, УВЕДОМИТЬ
НАЛОВЧИТЬСЯ	111885-V	ЗАПОМНИТЬ, СОХРАНИТЬ В ПАМЯТИ
НАЛОВЧИТЬСЯ	118370-V	УЧИТЬ, ОБУЧАТЬ
НАНЮХАТЬСЯ	117709-V	ПИТЬ СПИРТНОЕ
НАНЮХАТЬСЯ	115824-V	ВДОХНУТЬ, СДЕЛАТЬ ВДОХ
НАНЮХАТЬСЯ	118667-V	УДОВЛЕТВОРИТЬСЯ
НАНЮХАТЬСЯ	115221-V	ВОБРАТЬ В СЕБЯ
НАНЮХАТЬСЯ	106932-V	ПИТЬ, ГЛОТАТЬ ЖИДКОСТЬ
НАНЮХАТЬСЯ	4780-V	ОТРАВЛЕНИЕ ЯДОВИТЫМ ВЕЩЕСТВОМ
НАНЮХАТЬСЯ	111612-V	УМЕРЕТЬ, УЙТИ ИЗ ЖИЗНИ
НАНЮХАТЬСЯ	111615-V	ЗАБОЛЕТЬ БОЛЕЗНЬЮ
НАНЮХАТЬСЯ	3406-V	ПОВРЕЖДЕНИЕ ЗДОРОВЬЯ
НАНЮХАТЬСЯ	106934-V	ЕСТЬ, ПРИНИМАТЬ ПИЩУ
НАСИЖИВАТЬ	106587-V	ДВИЖЕНИЕ, ПЕРЕМЕЩЕНИЕ
НАСИЖИВАТЬ	106617-V	СЕЛИТЬСЯ
НАСИЖИВАТЬ	154666-V	ПЕРЕЕХАТЬ, СМЕНИТЬ МЕСТО ПРЕБЫВАНИЯ
НАСИЖИВАТЬ	106485-V	ПЕРЕСТАТЬ, ПРЕКРАТИТЬ (ЧТО-ТО ДЕЛАТЬ)
НАСИЖИВАТЬ	106618-V	РАЗМЕСТИТЬСЯ
НАСИЖИВАТЬ	115786-V	НАХОДИТЬСЯ, ПРЕБЫВАТЬ
НАСИЖИВАТЬ	115153-V	ПРОБЫТЬ, ПРОВЕСТИ ВРЕМЯ
НАСИЖИВАТЬ	115010-V	РОДИТЬСЯ НА СВЕТ
НАСИЖИВАТЬ	142948-V	ВОДИТЬСЯ (ОБИТАТЬ)
НАСИЖИВАТЬ	118698-V	ДЕЙСТВИЕ, ЦЕЛЕНАПРАВЛЕННОЕ ДЕЙСТВИЕ
НЕВОЛИТЬ	117017-V	ОТКАЗАТЬСЯ, НЕ СОГЛАСИТЬСЯ
НЕВОЛИТЬ	107137-V	ОТКАЗАТЬ, ОТВЕТИТЬ ОТРИЦАТЕЛЬНО
НЕВОЛИТЬ	106504-V	ПОСТУПОК ЧЕЛОВЕКА
НЕВОЛИТЬ	106977-V	ОТВЕТИТЬ, ДАТЬ ОТВЕТ
НЕВОЛИТЬ	116921-V	ПЕРЕЖИТЬ, ИСПЫТАТЬ
НЕВОЛИТЬ	119293-V	УПОРСТВОВАТЬ
НЕВОЛИТЬ	114426-V	СОПРОТИВЛЯТЬСЯ
НЕВОЛИТЬ	106882-V	ПРОТИВОДЕЙСТВОВАТЬ
НЕВОЛИТЬ	118698-V	ДЕЙСТВИЕ, ЦЕЛЕНАПРАВЛЕННОЕ ДЕЙСТВИЕ
НЕВОЛИТЬ	106485-V	ПЕРЕСТАТЬ, ПРЕКРАТИТЬ (ЧТО-ТО ДЕЛАТЬ)
ОБАГРИТЬ	111369-V	ПОРТИТЬ, ДЕЛАТЬ ПЛОХИМ
ОБАГРИТЬ	133925-V	ПОРТИТЬ РЕПУТАЦИЮ
ОБАГРИТЬ	115208-V	ОСКОРБИТЬ
ОБАГРИТЬ	4628-V	УБИЙСТВО ЧЕЛОВЕКА
ОБАГРИТЬ	111386-V	УБИТЬ, ЛИШИТЬ ЖИЗНИ
ОБАГРИТЬ	115890-V	ОБИДЕТЬ, ПРИЧИНИТЬ ОБИДУ
ОБАГРИТЬ	107013-V	ГРЯЗНИТЬ, ПАЧКАТЬ
ОБАГРИТЬ	647-V	ПРАВОНАРУШЕНИЕ
ОБАГРИТЬ	111394-V	ЗЛОДЕЙСТВО
ОБАГРИТЬ	107325-V	ПОКРЫТЬ ПОВЕРХНОСТЬ
ОБЕЗЖЕЛЕЗИТЬ	109109-V	ПРИГОТОВЛЕНИЕ ПИЩИ
ОБЕЗЖЕЛЕЗИТЬ	106534-V	ОБРАБАТЫВАТЬ, ПОДВЕРГАТЬ ОБРАБОТКЕ
ОБЕЗЖЕЛЕЗИТЬ	111435-V	НАСЫТИТЬ (НАПОЛНИТЬ В БОЛЬШОМ КОЛИЧЕСТВЕ)
ОБЕЗЖЕЛЕЗИТЬ	111101-V	НАГРЕТЬСЯ
ОБЕЗЖЕЛЕЗИТЬ	111554-V	ЗАПАСТИ, ЗАГОТОВИТЬ
ОБЕЗЖЕЛЕЗИТЬ	107325-V	ПОКРЫТЬ ПОВЕРХНОСТЬ
ОБЕЗЖЕЛЕЗИТЬ	106933-V	ГЛОТАТЬ ВНУТРЬ СЕБЯ
ОБЕЗЖЕЛЕЗИТЬ	106629-V	ИЗМЕНИТЬСЯ, ИЗМЕНЕНИЕ
ОБЕЗЖЕЛЕЗИТЬ	111436-V	ПРОПИТАТЬ (НАСЫТИТЬ)
ОБЕЗЖЕЛЕЗИТЬ	142734-V	ПРОИЗВОДСТВО ПИЩЕВЫХ ПРОДУКТОВ
ОБЕЗЬЯННИЧАТЬ	112044-V	ПОДРАЖАТЬ
ОБЕЗЬЯННИЧАТЬ	110447-V	ВОСПРОИЗВЕСТИ (ВОССОЗДАТЬ, ПОВТОРИТЬ В КОПИИ)
ОБЕЗЬЯННИЧАТЬ	106504-V	ПОСТУПОК ЧЕЛОВЕКА
ОБЕЗЬЯННИЧАТЬ	117970-V	ВАЖНИЧАТЬ
ОБЕЗЬЯННИЧАТЬ	119594-V	БАЛОВАТЬСЯ (ШАЛИТЬ, ЗАБАВЛЯТЬСЯ)
ОБЕЗЬЯННИЧАТЬ	115256-V	ШУТИТЬ, ОТПУСКАТЬ ШУТКИ
ОБЕЗЬЯННИЧАТЬ	116283-V	ИЗДЕВАТЬСЯ
ОБЕЗЬЯННИЧАТЬ	126522-V	ГРИМАСНИЧАТЬ, ДЕЛАТЬ ГРИМАСЫ
ОБЕЗЬЯННИЧАТЬ	115208-V	ОСКОРБИТЬ
ОБЕЗЬЯННИЧАТЬ	125439-V	РИСОВКА, ПОЗЕРСТВО
ОБКОЛОТЬ	106501-V	ЗАНЯТИЕ, ДЕЯТЕЛЬНОСТЬ
ОБКОЛОТЬ	117172-V	ПРОПИТЬ ДЕНЬГИ, ИМУЩЕСТВО
ОБКОЛОТЬ	106885-V	СЧИТАТЬ, ОПРЕДЕЛЯТЬ КОЛИЧЕСТВО
ОБКОЛОТЬ	106504-V	ПОСТУПОК ЧЕЛОВЕКА
ОБКОЛОТЬ	106710-V	ОПРЕДЕЛИТЬ, ВЫЯСНИТЬ
ОБКОЛОТЬ	120076-V	ВЕСЕЛИТЬСЯ
ОБКОЛОТЬ	106548-V	ПРИЧИНЕНИЕ ВРЕДА
ОБКОЛОТЬ	109109-V	ПРИГОТОВЛЕНИЕ ПИЩИ
ОБКОЛОТЬ	111554-V	ЗАПАСТИ, ЗАГОТОВИТЬ
ОБКОЛОТЬ	111097-V	ИЗМЕНЕНИЕ АГРЕГАТНОГО СОСТОЯНИЯ
ОБОЖЕСТВИТЬ	113462-V	ПОЧТЕНИЕ
ОБОЖЕСТВИТЬ	117722-V	ЛЮБИТЬ, ИСПЫТЫВАТЬ ЛЮБОВЬ
ОБОЖЕСТВИТЬ	118494-V	ПРЕКЛОНЯТЬСЯ
ОБОЖЕСТВИТЬ	106884-V	СЧИТАТЬ, ПРИЗНАВАТЬ КЕМ-ЛИБО
ОБОЖЕСТВИТЬ	106501-V	ЗАНЯТИЕ, ДЕЯТЕЛЬНОСТЬ
ОБОЖЕСТВИТЬ	118798-V	ВОСТОРГАТЬСЯ, ВОСХИЩАТЬСЯ
ОБОЖЕСТВИТЬ	116921-V	ПЕРЕЖИТЬ, ИСПЫТАТЬ
ОБОЖЕСТВИТЬ	118038-V	ПОДЧИНИТЬ СВОЕЙ ВЛАСТИ
ОБОЖЕСТВИТЬ	106883-V	ПОЛАГАТЬ, ДЕРЖАТЬСЯ МНЕНИЯ
ОБОЖЕСТВИТЬ	118698-V	ДЕЙСТВИЕ, ЦЕЛЕНАПРАВЛЕННОЕ ДЕЙСТВИЕ
ОБСАДИТЬ	106501-V	ЗАНЯТИЕ, ДЕЯТЕЛЬНОСТЬ
ОБСАДИТЬ	115193-V	ОКРУЖИТЬ, ЗАКЛЮЧИТЬ В КРУГ
ОБСАДИТЬ	113780-V	ПОКРЫТЬСЯ НА ПОВЕРХНОСТИ
ОБСАДИТЬ	107325-V	ПОКРЫТЬ ПОВЕРХНОСТЬ
ОБСАДИТЬ	106629-V	ИЗМЕНИТЬСЯ, ИЗМЕНЕНИЕ
ОБСАДИТЬ	116677-V	ЗАКЛЮЧИТЬ (ПОМЕСТИТЬ)
ОБСАДИТЬ	112737-V	ЗАНЯТЬ ВСЕ ПРОСТРАНСТВО
ОБСАДИТЬ	106587-V	ДВИЖЕНИЕ, ПЕРЕМЕЩЕНИЕ
ОБСАДИТЬ	144939-V	РАСПОЛОЖИТЬСЯ ВОКРУГ
ОБСАДИТЬ	118261-V	ОБВЕСТИ КОНТУР
ОБУГЛИТЬ	113413-V	ГОРЕТЬ, СГОРАТЬ
ОБУГЛИТЬ	110426-V	ЧЕРНЕТЬ, СТАНОВИТЬСЯ ЧЕРНЫМ
ОБУГЛИТЬ	110416-V	ИЗМЕНЯТЬСЯ В ЦВЕТЕ
ОБУГЛИТЬ	125595-V	ТЕМНЕТЬ (ПОГРУЖАТЬСЯ ВО ТЬМУ)
ОБУГЛИТЬ	111371-V	ЛОМАТЬ (ПОВРЕЖДАТЬ)
ОБУГЛИТЬ	143317-V	ОБЖЕЧЬСЯ, ПОЛУЧИТЬ ОЖОГ
ОБУГЛИТЬ	111050-V	ГНУТЬ, ИЗОГНУТЬ
ОБУГЛИТЬ	119084-V	ИСКРИВИТЬСЯ, ПЕРЕКОСИТЬСЯ
ОБУГЛИТЬ	111369-V	ПОРТИТЬ, ДЕЛАТЬ ПЛОХИМ
ОБУГЛИТЬ	111979-V	ПОРТИТЬСЯ (УХУДШАТЬСЯ)
ОГРУБЕТЬ	106629-V	ИЗМЕНИТЬСЯ, ИЗМЕНЕНИЕ
ОГРУБЕТЬ	133516-V	ТЯЖЕЛЕТЬ, ПРИБАВЛЯТЬ В ВЕСЕ
ОГРУБЕТЬ	111495-V	ТОЛСТЕТЬ (УВЕЛИЧИВАТЬСЯ В ОБЪЕМЕ)
ОГРУБЕТЬ	106639-V	УВЕЛИЧИТЬСЯ
ОГРУБЕТЬ	111109-V	ТВЕРДЕТЬ, ЗАТВЕРДЕТЬ
ОГРУБЕТЬ	106637-V	УМЕНЬШИТЬСЯ
ОГРУБЕТЬ	116388-V	УТРАТИТЬ
ОГРУБЕТЬ	106630-V	УЛУЧШЕНИЕ
ОГРУБЕТЬ	111979-V	ПОРТИТЬСЯ (УХУДШАТЬСЯ)
ОГРУБЕТЬ	152477-V	СНИЖЕНИЕ МАССЫ
ОДУХОТВОРИТЬ	106631-V	ИЗМЕНИТЬ, СДЕЛАТЬ ИНЫМ
ОДУХОТВОРИТЬ	129710-V	ИЗМЕНИТЬ СОСТОЯНИЕ
ОДУХОТВОРИТЬ	106632-V	УЛУЧШИТЬ
ОДУХОТВОРИТЬ	110474-V	ВЫЗВАТЬ, ПОРОДИТЬ
ОДУХОТВОРИТЬ	106785-V	ПРЕОБРАЗОВАТЬ, ПЕРЕДЕЛАТЬ
ОДУХОТВОРИТЬ	118574-V	ВНУШИТЬ МЫСЛЬ, ЧУВСТВО
ОДУХОТВОРИТЬ	149898-V	ВЫЗВАТЬ МЫСЛЬ, ЧУВСТВО
ОДУХОТВОРИТЬ	106473-V	ОБУСЛАВЛИВАТЬ, СПОСОБСТВОВАТЬ
ОДУХОТВОРИТЬ	115104-V	ВОЗБУДИТЬ (ПРИВЕСТИ В ВОЗБУЖДЕННОЕ СОСТОЯНИЕ)
ОДУХОТВОРИТЬ	121499-V	АКТИВИЗИРОВАТЬ
ОКАТЬ	107094-V	ПРОИЗНЕСТИ, ВЫГОВОРИТЬ, ПРОГОВОРИТЬ
ОКАТЬ	106876-V	ВЫСКАЗАТЬ
ОКАТЬ	118698-V	ДЕЙСТВИЕ, ЦЕЛЕНАПРАВЛЕННОЕ ДЕЙСТВИЕ
ОКАТЬ	107190-V	РУГАТЬ
ОКАТЬ	117735-V	МОРЩИТЬ ЛИЦО
ОКАТЬ	111554-V	ЗАПАСТИ, ЗАГОТОВИТЬ
ОКАТЬ	120151-V	РУГАТЬСЯ, ВЫРУГАТЬСЯ
ОКАТЬ	109109-V	ПРИГОТОВЛЕНИЕ ПИЩИ
ОКАТЬ	106809-V	УПРЕКАТЬ, УКОРЯТЬ
ОКАТЬ	106665-V	НАРУШИТЬ СОСТОЯНИЕ, ХОД
ОКРОВАВИТЬ	111369-V	ПОРТИТЬ, ДЕЛАТЬ ПЛОХИМ
ОКРОВАВИТЬ	111370-V	ПОВРЕДИТЬ
ОКРОВАВИТЬ	107013-V	ГРЯЗНИТЬ, ПАЧКАТЬ
ОКРОВАВИТЬ	106548-V	ПРИЧИНЕНИЕ ВРЕДА
ОКРОВАВИТЬ	107416-V	РВАТЬ, РАЗОРВАТЬ НА ЧАСТИ
ОКРОВАВИТЬ	107410-V	ДЕЛИТЬ, РАЗДЕЛЯТЬ НА ЧАСТИ
ОКРОВАВИТЬ	113413-V	ГОРЕТЬ, СГОРАТЬ
ОКРОВАВИТЬ	110426-V	ЧЕРНЕТЬ, СТАНОВИТЬСЯ ЧЕРНЫМ
ОКРОВАВИТЬ	111371-V	ЛОМАТЬ (ПОВРЕЖДАТЬ)
ОКРОВАВИТЬ	3406-V	ПОВРЕЖДЕНИЕ ЗДОРОВЬЯ
ОПЛАВИТЬСЯ	106629-V	ИЗМЕНИТЬСЯ, ИЗМЕНЕНИЕ
ОПЛАВИТЬСЯ	111097-V	ИЗМЕНЕНИЕ АГРЕГАТНОГО СОСТОЯНИЯ
ОПЛАВИТЬСЯ	113413-V	ГОРЕТЬ, СГОРАТЬ
ОПЛАВИТЬСЯ	110426-V	ЧЕРНЕТЬ, СТАНОВИТЬСЯ ЧЕРНЫМ
ОПЛАВИТЬСЯ	110416-V	ИЗМЕНЯТЬСЯ В ЦВЕТЕ
ОПЛАВИТЬСЯ	116440-V	ТРЕСНУТЬ, ДАТЬ ТРЕЩИНУ
ОПЛАВИТЬСЯ	120045-V	ПОВРЕДИТЬСЯ, ПРИЙТИ В НЕИСПРАВНОСТЬ
ОПЛАВИТЬСЯ	125595-V	ТЕМНЕТЬ (ПОГРУЖАТЬСЯ ВО ТЬМУ)
ОПЛАВИТЬСЯ	111098-V	ПЛАВЛЕНИЕ ВЕЩЕСТВА
ОПЛАВИТЬСЯ	119903-V	ЛОМАТЬСЯ НА ЧАСТИ
ОПОХМЕЛИТЬСЯ	106933-V	ГЛОТАТЬ ВНУТРЬ СЕБЯ
ОПОХМЕЛИТЬСЯ	106932-V	ПИТЬ, ГЛОТАТЬ ЖИДКОСТЬ
ОПОХМЕЛИТЬСЯ	117709-V	ПИТЬ СПИРТНОЕ
ОПОХМЕЛИТЬСЯ	128299-V	ПРИЙТИ В ЧУВСТВО
ОПОХМЕЛИТЬСЯ	106934-V	ЕСТЬ, ПРИНИМАТЬ ПИЩУ
ОПОХМЕЛИТЬСЯ	115221-V	ВОБРАТЬ В СЕБЯ
ОПОХМЕЛИТЬСЯ	1489-V	ОТДЫХ
ОПОХМЕЛИТЬСЯ	119990-V	ПРОТРЕЗВИТЬСЯ
ОПОХМЕЛИТЬСЯ	118667-V	УДОВЛЕТВОРИТЬСЯ
ОПОХМЕЛИТЬСЯ	118698-V	ДЕЙСТВИЕ, ЦЕЛЕНАПРАВЛЕННОЕ ДЕЙСТВИЕ
ОРОГОВЕТЬ	106629-V	ИЗМЕНИТЬСЯ, ИЗМЕНЕНИЕ
ОРОГОВЕТЬ	111109-V	ТВЕРДЕТЬ, ЗАТВЕРДЕТЬ
ОРОГОВЕТЬ	118530-V	ЗАМЕРЕТЬ, ЗАСТЫТЬ
ОРОГОВЕТЬ	130825-V	НЕМЕТЬ, ЗАНЕМЕТЬ
ОРОГОВЕТЬ	106534-V	ОБРАБАТЫВАТЬ, ПОДВЕРГАТЬ ОБРАБОТКЕ
ОРОГОВЕТЬ	106665-V	НАРУШИТЬ СОСТОЯНИЕ, ХОД
ОРОГОВЕТЬ	113780-V	ПОКРЫТЬСЯ НА ПОВЕРХНОСТИ
ОРОГОВЕТЬ	107417-V	ОТДЕЛИТЬ ЧАСТЬ ОТ ЦЕЛОГО
ОРОГОВЕТЬ	107325-V	ПОКРЫТЬ ПОВЕРХНОСТЬ
ОРОГОВЕТЬ	106557-V	СОЕДИНИТЬ В ОДНО ЦЕЛОЕ
ОСЛЫШАТЬСЯ	115751-V	ОШИБИТЬСЯ
ОСЛЫШАТЬСЯ	106504-V	ПОСТУПОК ЧЕЛОВЕКА
ОСЛЫШАТЬСЯ	106876-V	ВЫСКАЗАТЬ
ОСЛЫШАТЬСЯ	119665-V	ПРЕДСТАВИТЬСЯ (ЯВИТЬСЯ В МЫСЛИ, В ВООБРАЖЕНИИ)
ОСЛЫШАТЬСЯ	142877-V	КАЗАТЬСЯ (ПРЕДСТАВЛЯТЬСЯ)
ОСЛЫШАТЬСЯ	113119-V	ОБМАНУТЬ, ВВЕСТИ В ЗАБЛУЖДЕНИЕ
ОСЛЫШАТЬСЯ	107094-V	ПРОИЗНЕСТИ, ВЫГОВОРИТЬ, ПРОГОВОРИТЬ
ОСЛЫШАТЬСЯ	115293-V	ПРЕДПОЛАГАТЬ
ОСЛЫШАТЬСЯ	118698-V	ДЕЙСТВИЕ, ЦЕЛЕНАПРАВЛЕННОЕ ДЕЙСТВИЕ
ОСЛЫШАТЬСЯ	111615-V	ЗАБОЛЕТЬ БОЛЕЗНЬЮ
ОТГРЫЗТЬ	107417-V	ОТДЕЛИТЬ ЧАСТЬ ОТ ЦЕЛОГО
ОТГРЫЗТЬ	111888-V	КУСАТЬ ЗУБАМИ
ОТГРЫЗТЬ	107410-V	ДЕЛИТЬ, РАЗДЕЛЯТЬ НА ЧАСТИ
ОТГРЫЗТЬ	125754-V	ВОНЗИТЬ (ВОТКНУТЬ ОСТРИЕМ)
ОТГРЫЗТЬ	108870-V	УДАЛИТЬ, ОТДАЛИТЬ НА РАССТОЯНИЕ
ОТГРЫЗТЬ	107409-V	РАЗЪЕДИНИТЬ, ПРЕРВАТЬ СОЕДИНЕНИЕ
ОТГРЫЗТЬ	118570-V	ПРИЧИНИТЬ БОЛЬ
ОТГРЫЗТЬ	107418-V	ОТОРВАТЬ, ОБОРВАТЬ
ОТГРЫЗТЬ	106548-V	ПРИЧИНЕНИЕ ВРЕДА
ОТГРЫЗТЬ	647-V	ПРАВОНАРУШЕНИЕ
ОТКАШЛЯТЬСЯ	107093-V	ИЗДАТЬ ЗВУК
ОТКАШЛЯТЬСЯ	115826-V	ВЫДОХНУТЬ
ОТКАШЛЯТЬСЯ	117765-V	УКЛОНИТЬСЯ (ОТКАЗАТЬСЯ)
ОТКАШЛЯТЬСЯ	114103-V	ИЗДАВАТЬ, ИСПУСКАТЬ
ОТКАШЛЯТЬСЯ	116668-V	КАШЕЛЬ
ОТКАШЛЯТЬСЯ	114519-V	ВЫПУСТИТЬ (ДАТЬ ВЫЙТИ)
ОТКАШЛЯТЬСЯ	112080-V	СРЕЗАТЬ С КРАЕВ
ОТКАШЛЯТЬСЯ	106501-V	ЗАНЯТИЕ, ДЕЯТЕЛЬНОСТЬ
ОТКАШЛЯТЬСЯ	117017-V	ОТКАЗАТЬСЯ, НЕ СОГЛАСИТЬСЯ
ОТКАШЛЯТЬСЯ	149015-V	ПРЕРВАТЬ СВОЮ РЕЧЬ
ОТПОЛЗТИ	111045-V	УДАЛИТЬСЯ НА НЕКОТОРОЕ РАССТОЯНИЕ
ОТПОЛЗТИ	106587-V	ДВИЖЕНИЕ, ПЕРЕМЕЩЕНИЕ
ОТПОЛЗТИ	116473-V	ОТОДВИНУТЬСЯ (ОТДАЛИТЬСЯ)
ОТПОЛЗТИ	115803-V	УДАРИТЬСЯ, СТУКНУТЬСЯ
ОТПОЛЗТИ	115980-V	УЛЕТЕТЬ (УДАЛИТЬСЯ)
ОТПОЛЗТИ	1664-V	ВОЕННЫЕ ДЕЙСТВИЯ
ОТПОЛЗТИ	118452-V	ОТОЙТИ (УДАЛИТЬСЯ)
ОТПОЛЗТИ	111597-V	ОТОДВИНУТЬ НА РАССТОЯНИЕ
ОТПОЛЗТИ	111963-V	КАСАТЬСЯ, ДОТРАГИВАТЬСЯ
ОТПОЛЗТИ	116476-V	ОТСКОЧИТЬ ПРЫЖКОМ
ОТРЕКОНСТРУИРОВАТЬ	117793-V	НАЗВАТЬ (ПРОИЗНЕСТИ)
ОТРЕКОНСТРУИРОВАТЬ	115033-V	ОЦЕНИТЬ, ДАТЬ ОЦЕНКУ
ОТРЕКОНСТРУИРОВАТЬ	107094-V	ПРОИЗНЕСТИ, ВЫГОВОРИТЬ, ПРОГОВОРИТЬ
ОТРЕКОНСТРУИРОВАТЬ	106710-V	ОПРЕДЕЛИТЬ, ВЫЯСНИТЬ
ОТРЕКОНСТРУИРОВАТЬ	106877-V	ВЫСКАЗАТЬ МНЕНИЕ
ОТРЕКОНСТРУИРОВАТЬ	106876-V	ВЫСКАЗАТЬ
ОТРЕКОНСТРУИРОВАТЬ	116042-V	НАЗВАТЬ, ДАТЬ НАЗВАНИЕ
ОТРЕКОНСТРУИРОВАТЬ	106542-V	СООБЩИТЬ, УВЕДОМИТЬ
ОТРЕКОНСТРУИРОВАТЬ	116816-V	ОБРАТИТЬСЯ СО СЛОВАМИ
ОТРЕКОНСТРУИРОВАТЬ	107125-V	ХВАЛИТЬ
ОТСЫРЕТЬ	106629-V	ИЗМЕНИТЬСЯ, ИЗМЕНЕНИЕ
ОТСЫРЕТЬ	121439-V	РАЗМЯГЧИТЬСЯ (СТАТЬ МЯГКИМ, МЯГЧЕ)
ОТСЫРЕТЬ	111979-V	ПОРТИТЬСЯ (УХУДШАТЬСЯ)
ОТСЫРЕТЬ	106633-V	УХУДШЕНИЕ
ОТСЫРЕТЬ	132813-V	МЯКНУТЬ (ДЕЛАТЬСЯ МЯГКИМ, ПОДАТЛИВЫМ)
ОТСЫРЕТЬ	118511-V	РАЗБУХНУТЬ (СИЛЬНО УВЕЛИЧИТЬСЯ)
ОТСЫРЕТЬ	115297-V	РАЗДАТЬСЯ (РАСШИРИТЬСЯ)
ОТСЫРЕТЬ	114848-V	ПРОПИТАТЬСЯ
ОТСЫРЕТЬ	117829-V	МОКНУТЬ, НАМОКНУТЬ
ОТСЫРЕТЬ	113413-V	ГОРЕТЬ, СГОРАТЬ
ОТЦВЕСТИ	106629-V	ИЗМЕНИТЬСЯ, ИЗМЕНЕНИЕ
ОТЦВЕСТИ	113780-V	ПОКРЫТЬСЯ НА ПОВЕРХНОСТИ
ОТЦВЕСТИ	115161-V	РАСПУСКАНИЕ ПОЧЕК
ОТЦВЕСТИ	106633-V	УХУДШЕНИЕ
ОТЦВЕСТИ	130453-V	ГИБЕЛЬ (ПРЕКРАЩЕНИЕ СУЩЕСТВОВАНИЯ)
ОТЦВЕСТИ	115162-V	РАСКРЫТЬСЯ, ОТКРЫТЬСЯ
ОТЦВЕСТИ	114087-V	ЗАРАСТИ РАСТИТЕЛЬНОСТЬЮ
ОТЦВЕСТИ	110416-V	ИЗМЕНЯТЬСЯ В ЦВЕТЕ
ОТЦВЕСТИ	112155-V	ИСЧЕЗНУТЬ (ПЕРЕСТАТЬ СУЩЕСТВОВАТЬ)
ОТЦВЕСТИ	107447-V	ПАДАТЬ (ДВИГАТЬСЯ ВНИЗ)
ОТЯГЧАТЬ	137783-V	БЕСПОКОИТЬ, ПРИЧИНЯТЬ БЕСПОКОЙСТВО
ОТЯГЧАТЬ	106631-V	ИЗМЕНИТЬ, СДЕЛАТЬ ИНЫМ
ОТЯГЧАТЬ	106808-V	ОБВИНИТЬ, СЧИТАТЬ ВИНОВНЫМ
ОТЯГЧАТЬ	118200-V	ОБРЕМЕНИТЬ
ОТЯГЧАТЬ	110479-V	ПРИЧИНИТЬ
ОТЯГЧАТЬ	106640-V	УВЕЛИЧИТЬ
ОТЯГЧАТЬ	129792-V	ВОЗЛОЖИТЬ ОТВЕТСТВЕННОСТЬ
ОТЯГЧАТЬ	111611-V	ВЛИЯТЬ, ВОЗДЕЙСТВОВАТЬ
ОТЯГЧАТЬ	106809-V	УПРЕКАТЬ, УКОРЯТЬ
ОТЯГЧАТЬ	106504-V	ПОСТУПОК ЧЕЛОВЕКА
ОЧЕЛОВЕЧИВАТЬ	106631-V	ИЗМЕНИТЬ, СДЕЛАТЬ ИНЫМ
ОЧЕЛОВЕЧИВАТЬ	141697-V	ПРЕДСТАВИТЬ В ВИДЕ
ОЧЕЛОВЕЧИВАТЬ	106632-V	УЛУЧШИТЬ
ОЧЕЛОВЕЧИВАТЬ	116390-V	ИСКАЗИТЬ, ПРЕДСТАВИТЬ В ЛОЖНОМ СВЕТЕ
ОЧЕЛОВЕЧИВАТЬ	117722-V	ЛЮБИТЬ, ИСПЫТЫВАТЬ ЛЮБОВЬ
ОЧЕЛОВЕЧИВАТЬ	118494-V	ПРЕКЛОНЯТЬСЯ
ОЧЕЛОВЕЧИВАТЬ	116751-V	ПРИУКРАСИТЬ, ВЫГОДНО ПРЕДСТАВИТЬ
ОЧЕЛОВЕЧИВАТЬ	118698-V	ДЕЙСТВИЕ, ЦЕЛЕНАПРАВЛЕННОЕ ДЕЙСТВИЕ
ОЧЕЛОВЕЧИВАТЬ	116115-V	ПРЕУВЕЛИЧИТЬ
ОЧЕЛОВЕЧИВАТЬ	106674-V	ПРИСПОСОБИТЬ
ОЩЕНИТЬСЯ	127089-V	РАЗМНОЖИТЬСЯ, РАСПЛОДИТЬСЯ
ОЩЕНИТЬСЯ	106493-V	СОЗДАТЬ (СДЕЛАТЬ СУЩЕСТВУЮЩИМ)
ОЩЕНИТЬСЯ	114541-V	РОЖДАТЬ ДЕТЕНЫША
ОЩЕНИТЬСЯ	107093-V	ИЗДАТЬ ЗВУК
ОЩЕНИТЬСЯ	148420-V	ОТНОШЕНИЯ МЕЖДУ ЛЮДЬМИ
ОЩЕНИТЬСЯ	115010-V	РОДИТЬСЯ НА СВЕТ
ОЩЕНИТЬСЯ	121406-V	СЛЕДОВАТЬ, ДВИГАТЬСЯ СЛЕДОМ
ОЩЕНИТЬСЯ	114189-V	ЖИТЬ (СУЩЕСТВОВАТЬ)
ОЩЕНИТЬСЯ	106473-V	ОБУСЛАВЛИВАТЬ, СПОСОБСТВОВАТЬ
ОЩЕНИТЬСЯ	106504-V	ПОСТУПОК ЧЕЛОВЕКА
ПАНИРОВАТЬ	109109-V	ПРИГОТОВЛЕНИЕ ПИЩИ
ПАНИРОВАТЬ	111101-V	НАГРЕТЬСЯ
ПАНИРОВАТЬ	106534-V	ОБРАБАТЫВАТЬ, ПОДВЕРГАТЬ ОБРАБОТКЕ
ПАНИРОВАТЬ	107325-V	ПОКРЫТЬ ПОВЕРХНОСТЬ
ПАНИРОВАТЬ	111658-V	ПОСЫПАТЬ (ПОКРЫТЬ СЫПУЧИМ)
ПАНИРОВАТЬ	107410-V	ДЕЛИТЬ, РАЗДЕЛЯТЬ НА ЧАСТИ
ПАНИРОВАТЬ	111540-V	КЛАСТЬ ВНУТРЬ
ПАНИРОВАТЬ	106629-V	ИЗМЕНИТЬСЯ, ИЗМЕНЕНИЕ
ПАНИРОВАТЬ	111554-V	ЗАПАСТИ, ЗАГОТОВИТЬ
ПАНИРОВАТЬ	109115-V	ЖАРКА ПИЩИ
ПЕЛЕНАТЬ	107325-V	ПОКРЫТЬ ПОВЕРХНОСТЬ
ПЕЛЕНАТЬ	115187-V	ОБМОТАТЬ, ОБКРУТИТЬ
ПЕЛЕНАТЬ	116555-V	ЗАВЕРНУТЬ, ОБЕРНУТЬ
ПЕЛЕНАТЬ	109445-V	УКРЫТЬ (НАКРЫТЬ)
ПЕЛЕНАТЬ	118621-V	ЗАБОТИТЬСЯ, ОКРУЖИТЬ ЗАБОТОЙ
ПЕЛЕНАТЬ	112000-V	МОТАТЬ, НАКРУЧИВАТЬ
ПЕЛЕНАТЬ	111466-V	ПЛЕСТИ ИЗ ПОЛОС, НИТЕЙ
ПЕЛЕНАТЬ	108856-V	ОДЕТЬ, ПОКРЫТЬ ОДЕЖДОЙ, ПОКРЫВАЛОМ
ПЕЛЕНАТЬ	110813-V	ВЛОЖИТЬ ВНУТРЬ
ПЕЛЕНАТЬ	1592-V	ВОСПИТАНИЕ
ПЕРЕДАВИТЬ	111386-V	УБИТЬ, ЛИШИТЬ ЖИЗНИ
ПЕРЕДАВИТЬ	106483-V	УНИЧТОЖИТЬ, ПРЕКРАТИТЬ СУЩЕСТВОВАНИЕ
ПЕРЕДАВИТЬ	106548-V	ПРИЧИНЕНИЕ ВРЕДА
ПЕРЕДАВИТЬ	127172-V	СБИТЬ ВНИЗ
ПЕРЕДАВИТЬ	113695-V	КАЛЕЧИТЬ, УВЕЧИТЬ
ПЕРЕДАВИТЬ	107410-V	ДЕЛИТЬ, РАЗДЕЛЯТЬ НА ЧАСТИ
ПЕРЕДАВИТЬ	4628-V	УБИЙСТВО ЧЕЛОВЕКА
ПЕРЕДАВИТЬ	111370-V	ПОВРЕДИТЬ
ПЕРЕДАВИТЬ	113769-V	СБРОСИТЬ ВНИЗ
ПЕРЕДАВИТЬ	113619-V	ПЕРЕКУСИТЬ, РАСКУСИТЬ
ПЕРЕЖИМАТЬ	111192-V	ДАВИТЬ, ЖАТЬ
ПЕРЕЖИМАТЬ	111963-V	КАСАТЬСЯ, ДОТРАГИВАТЬСЯ
ПЕРЕЖИМАТЬ	115089-V	СДАВИТЬ
ПЕРЕЖИМАТЬ	111943-V	ОГРАНИЧИТЬ
ПЕРЕЖИМАТЬ	106704-V	МЕШАТЬ, СОЗДАВАТЬ ПРЕПЯТСТВИЕ
ПЕРЕЖИМАТЬ	117426-V	СТЕСНИТЬ СВОБОДУ
ПЕРЕЖИМАТЬ	111386-V	УБИТЬ, ЛИШИТЬ ЖИЗНИ
ПЕРЕЖИМАТЬ	106631-V	ИЗМЕНИТЬ, СДЕЛАТЬ ИНЫМ
ПЕРЕЖИМАТЬ	106817-V	ПРИНУДИТЬ, ЗАСТАВИТЬ
ПЕРЕЖИМАТЬ	115667-V	ПРИДАВИТЬ, ПРИЖАТЬ
ПЕРЕКОВАТЬ	106495-V	ИЗГОТОВИТЬ, ВЫРАБОТАТЬ
ПЕРЕКОВАТЬ	111844-V	КОВКА
ПЕРЕКОВАТЬ	106534-V	ОБРАБАТЫВАТЬ, ПОДВЕРГАТЬ ОБРАБОТКЕ
ПЕРЕКОВАТЬ	106558-V	ПРИДАВАТЬ ФОРМУ, ФОРМИРОВАТЬ
ПЕРЕКОВАТЬ	118109-V	НАДЕТЬ (УКРЕПИТЬ, ПРИКРЕПИТЬ ЧТО-Н НА ЧТО-Н.)
ПЕРЕКОВАТЬ	110790-V	ПРИКРЕПИТЬ, ПРИДЕЛАТЬ
ПЕРЕКОВАТЬ	106631-V	ИЗМЕНИТЬ, СДЕЛАТЬ ИНЫМ
ПЕРЕКОВАТЬ	106493-V	СОЗДАТЬ (СДЕЛАТЬ СУЩЕСТВУЮЩИМ)
ПЕРЕКОВАТЬ	126461-V	НАБИТЬ (НАСАДИТЬ)
ПЕРЕКОВАТЬ	123532-V	УСПОКОИТЬ, УТИХОМИРИТЬ
ПЕРЕЛИЦЕВАТЬ	106631-V	ИЗМЕНИТЬ, СДЕЛАТЬ ИНЫМ
ПЕРЕЛИЦЕВАТЬ	106495-V	ИЗГОТОВИТЬ, ВЫРАБОТАТЬ
ПЕРЕЛИЦЕВАТЬ	106785-V	ПРЕОБРАЗОВАТЬ, ПЕРЕДЕЛАТЬ
ПЕРЕЛИЦЕВАТЬ	111861-V	РАСКРОЙ ТКАНИ
ПЕРЕЛИЦЕВАТЬ	107412-V	РЕЗАТЬ, ПОРЕЗАТЬ
ПЕРЕЛИЦЕВАТЬ	107003-V	ПИСАТЬ, ИЗОБРАЖАТЬ ГРАФИЧЕСКИЕ ЗНАКИ
ПЕРЕЛИЦЕВАТЬ	110801-V	ШИТЬЕ, ПОШИВ
ПЕРЕЛИЦЕВАТЬ	116390-V	ИСКАЗИТЬ, ПРЕДСТАВИТЬ В ЛОЖНОМ СВЕТЕ
ПЕРЕЛИЦЕВАТЬ	106473-V	ОБУСЛАВЛИВАТЬ, СПОСОБСТВОВАТЬ
ПЕРЕЛИЦЕВАТЬ	110795-V	ПРИШИТЬ (ПРИКРЕПИТЬ)
ПЕРЕПОСТИТЬ	112144-V	ОБЕСПЕЧИТЬ, СНАБДИТЬ
ПЕРЕПОСТИТЬ	855-V	КОМПЬЮТЕРИЗАЦИЯ
ПЕРЕПОСТИТЬ	106977-V	ОТВЕТИТЬ, ДАТЬ ОТВЕТ
ПЕРЕПОСТИТЬ	127414-V	ОТФУТБОЛИТЬ (ИЗБАВИТЬСЯ)
ПЕРЕПОСТИТЬ	1885-V	РАСПРОСТРАНЕНИЕ ИНФОРМАЦИИ
ПЕРЕПОСТИТЬ	111882-V	ЗАПИСАТЬ НА СПЕЦИАЛЬНЫЙ НОСИТЕЛЬ
ПЕРЕПОСТИТЬ	119510-V	ВЫДАТЬ (ДАТЬ, ВРУЧИТЬ)
ПЕРЕПОСТИТЬ	106528-V	УДОВЛЕТВОРИТЬ ТРЕБОВАНИЯ, ЖЕЛАНИЯ
ПЕРЕПОСТИТЬ	924-V	АВТОМАТИЗАЦИЯ
ПЕРЕПОСТИТЬ	106501-V	ЗАНЯТИЕ, ДЕЯТЕЛЬНОСТЬ
ПЕРЕСПОРИТЬ	114936-V	ПЕРЕРЕШИТЬ
ПЕРЕСПОРИТЬ	106697-V	УБЕДИТЬСЯ
ПЕРЕСПОРИТЬ	120095-V	УБЕДИТЬ, ЗАСТАВИТЬ ПОВЕРИТЬ
ПЕРЕСПОРИТЬ	106646-V	ОТНОШЕНИЕ МЕЖДУ СУЩНОСТЯМИ
ПЕРЕСПОРИТЬ	106501-V	ЗАНЯТИЕ, ДЕЯТЕЛЬНОСТЬ
ПЕРЕСПОРИТЬ	106856-V	УЧАСТИЕ, УЧАСТВОВАТЬ
ПЕРЕСПОРИТЬ	131954-V	БОРОТЬСЯ С СОПЕРНИКОМ
ПЕРЕСПОРИТЬ	111611-V	ВЛИЯТЬ, ВОЗДЕЙСТВОВАТЬ
ПЕРЕСПОРИТЬ	107489-V	РЕШИТЬ, ПРИНЯТЬ РЕШЕНИЕ
ПЕРЕСПОРИТЬ	106883-V	ПОЛАГАТЬ, ДЕРЖАТЬСЯ МНЕНИЯ
ПЕРЕУСТРАИВАТЬ	106785-V	ПРЕОБРАЗОВАТЬ, ПЕРЕДЕЛАТЬ
ПЕРЕУСТРАИВАТЬ	106631-V	ИЗМЕНИТЬ, СДЕЛАТЬ ИНЫМ
ПЕРЕУСТРАИВАТЬ	120969-V	ПЕРЕДЕЛАТЬ, СДЕЛАТЬ ЗАНОВО
ПЕРЕУСТРАИВАТЬ	7936-V	РЕФОРМА
ПЕРЕУСТРАИВАТЬ	106501-V	ЗАНЯТИЕ, ДЕЯТЕЛЬНОСТЬ
ПЕРЕУСТРАИВАТЬ	107602-V	ПОВТОРИТЬ, СДЕЛАТЬ ЕЩЕ РАЗ
ПЕРЕУСТРАИВАТЬ	106629-V	ИЗМЕНИТЬСЯ, ИЗМЕНЕНИЕ
ПЕРЕУСТРАИВАТЬ	106473-V	ОБУСЛАВЛИВАТЬ, СПОСОБСТВОВАТЬ
ПЕРЕУСТРАИВАТЬ	106496-V	УЧРЕДИТЬ, ОРГАНИЗОВАТЬ
ПЕРЕУСТРАИВАТЬ	111861-V	РАСКРОЙ ТКАНИ
ПИКАТЬ	107093-V	ИЗДАТЬ ЗВУК
ПИКАТЬ	107094-V	ПРОИЗНЕСТИ, ВЫГОВОРИТЬ, ПРОГОВОРИТЬ
ПИКАТЬ	114103-V	ИЗДАВАТЬ, ИСПУСКАТЬ
ПИКАТЬ	117094-V	ШЕВЕЛИТЬ ЧАСТЬЮ ТЕЛА
ПИКАТЬ	106876-V	ВЫСКАЗАТЬ
ПИКАТЬ	118473-V	МЕЛЬКАТЬ ПЕРЕД ГЛАЗАМИ
ПИКАТЬ	113005-V	СВЕТИТЬСЯ, ИЗЛУЧАТЬ СВЕТ
ПИКАТЬ	106938-V	ПЕРЕМЕСТИТЬ
ПИКАТЬ	106542-V	СООБЩИТЬ, УВЕДОМИТЬ
ПИКАТЬ	107386-V	ЗВОНИТЬ, ИЗДАВАТЬ ЗВОН
ПОДГОРАТЬ	109109-V	ПРИГОТОВЛЕНИЕ ПИЩИ
ПОДГОРАТЬ	111101-V	НАГРЕТЬСЯ
ПОДГОРАТЬ	106629-V	ИЗМЕНИТЬСЯ, ИЗМЕНЕНИЕ
ПОДГОРАТЬ	106534-V	ОБРАБАТЫВАТЬ, ПОДВЕРГАТЬ ОБРАБОТКЕ
ПОДГОРАТЬ	111794-V	ЗАЖЕЧЬ ОГОНЬ, ПЛАМЯ
ПОДГОРАТЬ	113413-V	ГОРЕТЬ, СГОРАТЬ
ПОДГОРАТЬ	106915-V	ОЩУЩАТЬ, ВОСПРИНИМАТЬ
ПОДГОРАТЬ	133751-V	ПОДВЕРГНУТЬСЯ ВОЗДЕЙСТВИЮ
ПОДГОРАТЬ	117122-V	ПЕРЕГРЕТЬСЯ (СЛИШКОМ НАГРЕТЬСЯ)
ПОДГОРАТЬ	117729-V	ТОПИТЬ, ИСТОПИТЬ
ПОДЛЕЗТЬ	111845-V	ПРОНИКНУТЬ ВНУТРЬ
ПОДЛЕЗТЬ	106587-V	ДВИЖЕНИЕ, ПЕРЕМЕЩЕНИЕ
ПОДЛЕЗТЬ	107454-V	ПОДНЯТЬСЯ (ПЕРЕМЕСТИТЬСЯ ВВЕРХ)
ПОДЛЕЗТЬ	111846-V	ПОПАСТЬ (ОКАЗАТЬСЯ, ОЧУТИТЬСЯ)
ПОДЛЕЗТЬ	106701-V	ДОСТИЧЬ, ДОБИТЬСЯ
ПОДЛЕЗТЬ	114875-V	ВЗОБРАТЬСЯ
ПОДЛЕЗТЬ	114877-V	ЛЕЗТЬ (КАРАБКАЯСЬ ПОДНИМАТЬСЯ, ПРОНИКАТЬ КУДА-Л)
ПОДЛЕЗТЬ	111599-V	ПОЛЗТИ, ПЕРЕДВИГАТЬСЯ ПОЛЗКОМ
ПОДЛЕЗТЬ	114874-V	КАРАБКАТЬСЯ (ЛЕЗТЬ ВВЕРХ)
ПОДЛЕЗТЬ	106618-V	РАЗМЕСТИТЬСЯ
ПОДНЫРНУТЬ	106587-V	ДВИЖЕНИЕ, ПЕРЕМЕЩЕНИЕ
ПОДНЫРНУТЬ	107404-V	УДАРИТЬ, НАНЕСТИ УДАР
ПОДНЫРНУТЬ	111963-V	КАСАТЬСЯ, ДОТРАГИВАТЬСЯ
ПОДНЫРНУТЬ	111045-V	УДАЛИТЬСЯ НА НЕКОТОРОЕ РАССТОЯНИЕ
ПОДНЫРНУТЬ	111038-V	ПОВЕРНУТЬСЯ (ИЗМЕНИТЬ ПОЛОЖЕНИЕ)
ПОДНЫРНУТЬ	106802-V	ИЗБАВИТЬСЯ
ПОДНЫРНУТЬ	116266-V	УКЛОНИТЬСЯ ОТ СТОЛКНОВЕНИЯ, УДАРА
ПОДНЫРНУТЬ	115993-V	ВЗМАХНУТЬ (МАХНУТЬ ВВЕРХ)
ПОДНЫРНУТЬ	121004-V	ОТВЕСТИ В ДРУГОЕ НАПРАВЛЕНИЕ
ПОДНЫРНУТЬ	111085-V	ОПУСТИТЬСЯ ВНИЗ
ПОДРАЗДЕЛЯТЬСЯ	106646-V	ОТНОШЕНИЕ МЕЖДУ СУЩНОСТЯМИ
ПОДРАЗДЕЛЯТЬСЯ	107410-V	ДЕЛИТЬ, РАЗДЕЛЯТЬ НА ЧАСТИ
ПОДРАЗДЕЛЯТЬСЯ	107409-V	РАЗЪЕДИНИТЬ, ПРЕРВАТЬ СОЕДИНЕНИЕ
ПОДРАЗДЕЛЯТЬСЯ	118966-V	РАЗЛИЧАТЬСЯ, РАЗЛИЧИЕ
ПОДРАЗДЕЛЯТЬСЯ	106813-V	ОБЛАДАТЬ СВОЙСТВОМ
ПОДРАЗДЕЛЯТЬСЯ	117846-V	ВЫДЕЛИТЬСЯ, ОТЛИЧИТЬСЯ
ПОДРАЗДЕЛЯТЬСЯ	106947-V	СУЩЕСТВОВАТЬ, БЫТЬ, ИМЕТЬСЯ
ПОДРАЗДЕЛЯТЬСЯ	115786-V	НАХОДИТЬСЯ, ПРЕБЫВАТЬ
ПОДРАЗДЕЛЯТЬСЯ	112078-V	СОСТАВИТЬ (СОБРАВ СОЕДИНИТЬ)
ПОДРАЗДЕЛЯТЬСЯ	144027-V	СОВМЕСТНАЯ ДЕЯТЕЛЬНОСТЬ
ПОДСЕКАТЬ	9794-V	ЛЮБИТЕЛЬСКОЕ РЫБОЛОВСТВО
ПОДСЕКАТЬ	107410-V	ДЕЛИТЬ, РАЗДЕЛЯТЬ НА ЧАСТИ
ПОДСЕКАТЬ	115593-V	ХВАТАТЬ, СХВАТИТЬ
ПОДСЕКАТЬ	114364-V	ЛОВЛЯ ДОБЫЧИ
ПОДСЕКАТЬ	115072-V	ЗАХВАТИТЬ, ЗАВЛАДЕТЬ
ПОДСЕКАТЬ	106501-V	ЗАНЯТИЕ, ДЕЯТЕЛЬНОСТЬ
ПОДСЕКАТЬ	115594-V	БРАТЬ РУКОЙ, ЗУБАМИ, ОРУДИЕМ
ПОДСЕКАТЬ	110832-V	ОТРЕЗАТЬ (ОТДЕЛИТЬ)
ПОДСЕКАТЬ	107409-V	РАЗЪЕДИНИТЬ, ПРЕРВАТЬ СОЕДИНЕНИЕ
ПОДСЕКАТЬ	107404-V	УДАРИТЬ, НАНЕСТИ УДАР
ПОДУЧИТЬСЯ	130167-V	УСВОИТЬ ИНФОРМАЦИЮ
ПОДУЧИТЬСЯ	106709-V	УЗНАТЬ, ПОЛУЧИТЬ СВЕДЕНИЯ
ПОДУЧИТЬСЯ	106678-V	ПОНЯТЬ
ПОДУЧИТЬСЯ	133979-V	ПОЗНАТЬ, ПРИОБРЕСТИ ЗНАНИЕ
ПОДУЧИТЬСЯ	111885-V	ЗАПОМНИТЬ, СОХРАНИТЬ В ПАМЯТИ
ПОДУЧИТЬСЯ	1604-V	ОБУЧЕНИЕ, УЧЕБНАЯ ДЕЯТЕЛЬНОСТЬ
ПОДУЧИТЬСЯ	106501-V	ЗАНЯТИЕ, ДЕЯТЕЛЬНОСТЬ
ПОДУЧИТЬСЯ	106542-V	СООБЩИТЬ, УВЕДОМИТЬ
ПОДУЧИТЬСЯ	106485-V	ПЕРЕСТАТЬ, ПРЕКРАТИТЬ (ЧТО-ТО ДЕЛАТЬ)
ПОДУЧИТЬСЯ	112145-V	КОНЧИТЬ, ЗАВЕРШИТЬ ДО КОНЦА
ПОЛУЛЕЖАТЬ	115786-V	НАХОДИТЬСЯ, ПРЕБЫВАТЬ
ПОЛУЛЕЖАТЬ	106646-V	ОТНОШЕНИЕ МЕЖДУ СУЩНОСТЯМИ
ПОЛУЛЕЖАТЬ	114560-V	СЕСТЬ, ПРИНЯТЬ СИДЯЧЕЕ ПОЛОЖЕНИЕ
ПОЛУЛЕЖАТЬ	128309-V	ПРИНЯТЬ ПОЛОЖЕНИЕ, ПОЗУ
ПОЛУЛЕЖАТЬ	115153-V	ПРОБЫТЬ, ПРОВЕСТИ ВРЕМЯ
ПОЛУЛЕЖАТЬ	118238-V	ПОДОЙТИ (СООТВЕТСТВОВАТЬ)
ПОЛУЛЕЖАТЬ	139083-V	НЕДОСТОЙНОЕ ПОВЕДЕНИЕ
ПОЛУЛЕЖАТЬ	114073-V	БЕЗДЕЛЬНИЧАТЬ
ПОЛУЛЕЖАТЬ	115155-V	ЛЕЖАТЬ (НАХОДИТЬСЯ ВСЕМ ТЕЛОМ НА ПОВЕРХНОСТИ)
ПОЛУЛЕЖАТЬ	111085-V	ОПУСТИТЬСЯ ВНИЗ
ПОХМЕЛИТЬСЯ	106932-V	ПИТЬ, ГЛОТАТЬ ЖИДКОСТЬ
ПОХМЕЛИТЬСЯ	117709-V	ПИТЬ СПИРТНОЕ
ПОХМЕЛИТЬСЯ	106933-V	ГЛОТАТЬ ВНУТРЬ СЕБЯ
ПОХМЕЛИТЬСЯ	106934-V	ЕСТЬ, ПРИНИМАТЬ ПИЩУ
ПОХМЕЛИТЬСЯ	1489-V	ОТДЫХ
ПОХМЕЛИТЬСЯ	128299-V	ПРИЙТИ В ЧУВСТВО
ПОХМЕЛИТЬСЯ	119990-V	ПРОТРЕЗВИТЬСЯ
ПОХМЕЛИТЬСЯ	115102-V	МУЧИТЬ
ПОХМЕЛИТЬСЯ	124267-V	УКУСИТЬ, ПОКУСАТЬ
ПОХМЕЛИТЬСЯ	127475-V	ПЕРЕБОРЩИТЬ, ПЕРЕХВАТИТЬ
ПРИВОДНИТЬСЯ	106587-V	ДВИЖЕНИЕ, ПЕРЕМЕЩЕНИЕ
ПРИВОДНИТЬСЯ	111085-V	ОПУСТИТЬСЯ ВНИЗ
ПРИВОДНИТЬСЯ	111094-V	ЕХАТЬ, ДВИГАТЬСЯ ПРИ ПОМОЩИ СРЕДСТВ ПЕРЕДВИЖЕНИЯ
ПРИВОДНИТЬСЯ	154643-V	КРУШЕНИЕ (АВАРИЯ)
ПРИВОДНИТЬСЯ	114452-V	СПУСТИТЬСЯ ВНИЗ
ПРИВОДНИТЬСЯ	115702-V	ТОНУТЬ, ИДТИ КО ДНУ
ПРИВОДНИТЬСЯ	153865-V	ПОСАДКА ЛЕТАТЕЛЬНОГО АППАРАТА
ПРИВОДНИТЬСЯ	117911-V	ВЫЙТИ (ПОКИНУТЬ МЕСТО)
ПРИВОДНИТЬСЯ	115245-V	СЕСТЬ, СОВЕРШИТЬ ПОСАДКУ
ПРИВОДНИТЬСЯ	111767-V	ПОГРУЗИТЬСЯ В ЖИДКОСТЬ
ПРИГНУТЬ	108824-V	ОПУСТИТЬ ВНИЗ
ПРИГНУТЬ	106587-V	ДВИЖЕНИЕ, ПЕРЕМЕЩЕНИЕ
ПРИГНУТЬ	111050-V	ГНУТЬ, ИЗОГНУТЬ
ПРИГНУТЬ	106938-V	ПЕРЕМЕСТИТЬ
ПРИГНУТЬ	115840-V	ОТКЛОНИТЬ, СМЕСТИТЬ В СТОРОНУ
ПРИГНУТЬ	111085-V	ОПУСТИТЬСЯ ВНИЗ
ПРИГНУТЬ	111066-V	НАКЛОНИТЬСЯ, СКЛОНИТЬСЯ
ПРИГНУТЬ	111086-V	ГНУТЬСЯ, СОГНУТЬСЯ
ПРИГНУТЬ	106558-V	ПРИДАВАТЬ ФОРМУ, ФОРМИРОВАТЬ
ПРИГНУТЬ	132760-V	ПОДВИНУТЬ, СДВИНУТЬ
ПРИДУРИВАТЬСЯ	115256-V	ШУТИТЬ, ОТПУСКАТЬ ШУТКИ
ПРИДУРИВАТЬСЯ	107094-V	ПРОИЗНЕСТИ, ВЫГОВОРИТЬ, ПРОГОВОРИТЬ
ПРИДУРИВАТЬСЯ	106504-V	ПОСТУПОК ЧЕЛОВЕКА
ПРИДУРИВАТЬСЯ	113119-V	ОБМАНУТЬ, ВВЕСТИ В ЗАБЛУЖДЕНИЕ
ПРИДУРИВАТЬСЯ	106876-V	ВЫСКАЗАТЬ
ПРИДУРИВАТЬСЯ	119594-V	БАЛОВАТЬСЯ (ШАЛИТЬ, ЗАБАВЛЯТЬСЯ)
ПРИДУРИВАТЬСЯ	116283-V	ИЗДЕВАТЬСЯ
ПРИДУРИВАТЬСЯ	116285-V	НАСМЕХАТЬСЯ
ПРИДУРИВАТЬСЯ	117970-V	ВАЖНИЧАТЬ
ПРИДУРИВАТЬСЯ	118698-V	ДЕЙСТВИЕ, ЦЕЛЕНАПРАВЛЕННОЕ ДЕЙСТВИЕ
ПРИКОРНУТЬ	120956-V	ВПАСТЬ В СОСТОЯНИЕ
ПРИКОРНУТЬ	106565-V	САМОЧУВСТВИЕ
ПРИКОРНУТЬ	115786-V	НАХОДИТЬСЯ, ПРЕБЫВАТЬ
ПРИКОРНУТЬ	106618-V	РАЗМЕСТИТЬСЯ
ПРИКОРНУТЬ	115314-V	ДОХНУТЬ (УМИРАТЬ)
ПРИКОРНУТЬ	114462-V	СОН, СОСТОЯНИЕ СНА
ПРИКОРНУТЬ	111085-V	ОПУСТИТЬСЯ ВНИЗ
ПРИКОРНУТЬ	115313-V	ЗАСНУТЬ, ПОГРУЗИТЬСЯ В СОН
ПРИКОРНУТЬ	128309-V	ПРИНЯТЬ ПОЛОЖЕНИЕ, ПОЗУ
ПРИКОРНУТЬ	127193-V	ОПУСТЕТЬ, СТАТЬ ПУСТЫМ
ПРИМОСТИТЬСЯ	106618-V	РАЗМЕСТИТЬСЯ
ПРИМОСТИТЬСЯ	114560-V	СЕСТЬ, ПРИНЯТЬ СИДЯЧЕЕ ПОЛОЖЕНИЕ
ПРИМОСТИТЬСЯ	128309-V	ПРИНЯТЬ ПОЛОЖЕНИЕ, ПОЗУ
ПРИМОСТИТЬСЯ	143523-V	ПОСТУПЛЕНИЕ НА РАБОТУ
ПРИМОСТИТЬСЯ	111085-V	ОПУСТИТЬСЯ ВНИЗ
ПРИМОСТИТЬСЯ	115488-V	ЗАЧИСЛИТЬСЯ, ПОСТУПИТЬ
ПРИМОСТИТЬСЯ	115786-V	НАХОДИТЬСЯ, ПРЕБЫВАТЬ
ПРИМОСТИТЬСЯ	119132-V	НАПРЯЧЬСЯ, ПРИЛОЖИТЬ УСИЛИЕ
ПРИМОСТИТЬСЯ	107441-V	НАЧАТЬ, ПРИСТУПИТЬ, ПРИНЯТЬСЯ
ПРИМОСТИТЬСЯ	106637-V	УМЕНЬШИТЬСЯ
ПРИПЛЮСНУТЬ	111050-V	ГНУТЬ, ИЗОГНУТЬ
ПРИПЛЮСНУТЬ	106558-V	ПРИДАВАТЬ ФОРМУ, ФОРМИРОВАТЬ
ПРИПЛЮСНУТЬ	106629-V	ИЗМЕНИТЬСЯ, ИЗМЕНЕНИЕ
ПРИПЛЮСНУТЬ	111086-V	ГНУТЬСЯ, СОГНУТЬСЯ
ПРИПЛЮСНУТЬ	116661-V	ВДАВИТЬ ВНУТРЬ
ПРИПЛЮСНУТЬ	106631-V	ИЗМЕНИТЬ, СДЕЛАТЬ ИНЫМ
ПРИПЛЮСНУТЬ	111087-V	ПРОГНУТЬСЯ ОТ ТЯЖЕСТИ
ПРИПЛЮСНУТЬ	111085-V	ОПУСТИТЬСЯ ВНИЗ
ПРИПЛЮСНУТЬ	125740-V	УСТАВИТЬСЯ ВЗГЛЯДОМ
ПРИПЛЮСНУТЬ	106587-V	ДВИЖЕНИЕ, ПЕРЕМЕЩЕНИЕ
ПРИСЛОНИТЬ	111594-V	ПРИБЛИЗИТЬ НА РАССТОЯНИЕ
ПРИСЛОНИТЬ	106698-V	ПОМЕСТИТЬ, НАЙТИ МЕСТО
ПРИСЛОНИТЬ	116824-V	ОПЕРЕТЬСЯ (ВОСПОЛЬЗОВАТЬСЯ ОПОРОЙ)
ПРИСЛОНИТЬ	106497-V	ИСПОЛЬЗОВАТЬ, УПОТРЕБЛЯТЬ
ПРИСЛОНИТЬ	116822-V	ОПЕРЕТЬ, ИСПОЛЬЗОВАТЬ ОПОРУ
ПРИСЛОНИТЬ	106817-V	ПРИНУДИТЬ, ЗАСТАВИТЬ
ПРИСЛОНИТЬ	115535-V	НАДАВИТЬ, НАЖАТЬ
ПРИСЛОНИТЬ	111944-V	НАЗНАЧИТЬ, УСТАНОВИТЬ, ОПРЕДЕЛИТЬ
ПРИСЛОНИТЬ	116506-V	ПРИТЕСНИТЬ
ПРИСЛОНИТЬ	112696-V	СТАВИТЬ НА ОПРЕДЕЛЕННОЕ МЕСТО
ПРИХОРАШИВАТЬСЯ	108856-V	ОДЕТЬ, ПОКРЫТЬ ОДЕЖДОЙ, ПОКРЫВАЛОМ
ПРИХОРАШИВАТЬСЯ	118191-V	РАЗРОВНЯТЬ
ПРИХОРАШИВАТЬСЯ	120282-V	ОДЕТЬСЯ
ПРИХОРАШИВАТЬСЯ	107458-V	КРАСИТЬ, ПОКРЫВАТЬ КРАСКОЙ
ПРИХОРАШИВАТЬСЯ	117078-V	НАРЯДИТЬ, ОДЕТЬ КРАСИВО
ПРИХОРАШИВАТЬСЯ	118698-V	ДЕЙСТВИЕ, ЦЕЛЕНАПРАВЛЕННОЕ ДЕЙСТВИЕ
ПРИХОРАШИВАТЬСЯ	107325-V	ПОКРЫТЬ ПОВЕРХНОСТЬ
ПРИХОРАШИВАТЬСЯ	117993-V	РАЗГЛАДИТЬ
ПРИХОРАШИВАТЬСЯ	123938-V	НОШЕНИЕ ОДЕЖДЫ, ОБУВИ
ПРИХОРАШИВАТЬСЯ	106631-V	ИЗМЕНИТЬ, СДЕЛАТЬ ИНЫМ
ПРИШПИЛИТЬ	110790-V	ПРИКРЕПИТЬ, ПРИДЕЛАТЬ
ПРИШПИЛИТЬ	111668-V	ПРИСОЕДИНИТЬ
ПРИШПИЛИТЬ	118698-V	ДЕЙСТВИЕ, ЦЕЛЕНАПРАВЛЕННОЕ ДЕЙСТВИЕ
ПРИШПИЛИТЬ	110793-V	ПРИЛЕПИТЬ
ПРИШПИЛИТЬ	113291-V	СШИВАТЬ
ПРИШПИЛИТЬ	111386-V	УБИТЬ, ЛИШИТЬ ЖИЗНИ
ПРИШПИЛИТЬ	111671-V	ПРИЛИПНУТЬ, НАЛИПНУТЬ
ПРИШПИЛИТЬ	106557-V	СОЕДИНИТЬ В ОДНО ЦЕЛОЕ
ПРИШПИЛИТЬ	116853-V	ЗАЦЕПИТЬ (СОЕДИНИТЬ)
ПРИШПИЛИТЬ	117505-V	ПРИВЕСИТЬ
ПРОДЛЯТЬ	106640-V	УВЕЛИЧИТЬ
ПРОДЛЯТЬ	106631-V	ИЗМЕНИТЬ, СДЕЛАТЬ ИНЫМ
ПРОДЛЯТЬ	115977-V	ПЕРЕНОС НА ДРУГОЕ ВРЕМЯ
ПРОДЛЯТЬ	106721-V	УДЛИНИТЬ, УВЕЛИЧИТЬ ПРОДОЛЖИТЕЛЬНОСТЬ
ПРОДЛЯТЬ	131645-V	ЗАДЕРЖАТЬ, ДЕЛАТЬ НЕ ВОВРЕМЯ
ПРОДЛЯТЬ	111944-V	НАЗНАЧИТЬ, УСТАНОВИТЬ, ОПРЕДЕЛИТЬ
ПРОДЛЯТЬ	115978-V	ОТСРОЧИТЬ, ОТОДВИНУТЬ СРОК
ПРОДЛЯТЬ	106638-V	УМЕНЬШИТЬ
ПРОДЛЯТЬ	106478-V	ПРОИЗОЙТИ, СЛУЧИТЬСЯ
ПРОДЛЯТЬ	106531-V	ПРЕКРАТИТЬ, ПОЛОЖИТЬ КОНЕЦ
ПРОМУЛЬГИРОВАТЬ	107094-V	ПРОИЗНЕСТИ, ВЫГОВОРИТЬ, ПРОГОВОРИТЬ
ПРОМУЛЬГИРОВАТЬ	107093-V	ИЗДАТЬ ЗВУК
ПРОМУЛЬГИРОВАТЬ	106876-V	ВЫСКАЗАТЬ
ПРОМУЛЬГИРОВАТЬ	108868-V	БОРМОТАТЬ
ПРОМУЛЬГИРОВАТЬ	106648-V	ОБЩЕНИЕ, СВЯЗЬ
ПРОМУЛЬГИРОВАТЬ	116921-V	ПЕРЕЖИТЬ, ИСПЫТАТЬ
ПРОМУЛЬГИРОВАТЬ	114745-V	УРЧАТЬ
ПРОМУЛЬГИРОВАТЬ	115786-V	НАХОДИТЬСЯ, ПРЕБЫВАТЬ
ПРОМУЛЬГИРОВАТЬ	106501-V	ЗАНЯТИЕ, ДЕЯТЕЛЬНОСТЬ
ПРОМУЛЬГИРОВАТЬ	110453-V	ПЕТЬ (ИСПОЛНЯТЬ)
ПРОТОКОЛИРОВАТЬ	118698-V	ДЕЙСТВИЕ, ЦЕЛЕНАПРАВЛЕННОЕ ДЕЙСТВИЕ
ПРОТОКОЛИРОВАТЬ	107003-V	ПИСАТЬ, ИЗОБРАЖАТЬ ГРАФИЧЕСКИЕ ЗНАКИ
ПРОТОКОЛИРОВАТЬ	152808-V	ФИКСИРОВАТЬ НА БУМАГЕ, ИЗОБРАЖЕНИИ
ПРОТОКОЛИРОВАТЬ	106869-V	ОБОСНОВАТЬ
ПРОТОКОЛИРОВАТЬ	106876-V	ВЫСКАЗАТЬ
ПРОТОКОЛИРОВАТЬ	107002-V	ИЗОБРАЗИТЬ (ВОСПРОИЗВЕСТИ)
ПРОТОКОЛИРОВАТЬ	111881-V	НАНЕСЕНИЕ НА ПОВЕРХНОСТЬ
ПРОТОКОЛИРОВАТЬ	106868-V	СВИДЕТЕЛЬСТВОВАТЬ, СЛУЖИТЬ СВИДЕТЕЛЬСТВОМ
ПРОТОКОЛИРОВАТЬ	114786-V	ВНЕСТИ (ВКЛЮЧИТЬ, ДОБАВИТЬ)
ПРОТОКОЛИРОВАТЬ	106542-V	СООБЩИТЬ, УВЕДОМИТЬ
ПРОТОРИТЬ	106493-V	СОЗДАТЬ (СДЕЛАТЬ СУЩЕСТВУЮЩИМ)
ПРОТОРИТЬ	110813-V	ВЛОЖИТЬ ВНУТРЬ
ПРОТОРИТЬ	106710-V	ОПРЕДЕЛИТЬ, ВЫЯСНИТЬ
ПРОТОРИТЬ	111625-V	ЧЕРТИТЬ, ДЕЛАТЬ ЧЕРТЕЖ
ПРОТОРИТЬ	129756-V	ПРОКЛАДКА ЛИНИИ, КОММУНИКАЦИЙ
ПРОТОРИТЬ	106473-V	ОБУСЛАВЛИВАТЬ, СПОСОБСТВОВАТЬ
ПРОТОРИТЬ	106698-V	ПОМЕСТИТЬ, НАЙТИ МЕСТО
ПРОТОРИТЬ	106709-V	УЗНАТЬ, ПОЛУЧИТЬ СВЕДЕНИЯ
ПРОТОРИТЬ	106495-V	ИЗГОТОВИТЬ, ВЫРАБОТАТЬ
ПРОТОРИТЬ	115786-V	НАХОДИТЬСЯ, ПРЕБЫВАТЬ
ПУДРИТЬ	106504-V	ПОСТУПОК ЧЕЛОВЕКА
ПУДРИТЬ	113119-V	ОБМАНУТЬ, ВВЕСТИ В ЗАБЛУЖДЕНИЕ
ПУДРИТЬ	118698-V	ДЕЙСТВИЕ, ЦЕЛЕНАПРАВЛЕННОЕ ДЕЙСТВИЕ
ПУДРИТЬ	107094-V	ПРОИЗНЕСТИ, ВЫГОВОРИТЬ, ПРОГОВОРИТЬ
ПУДРИТЬ	115256-V	ШУТИТЬ, ОТПУСКАТЬ ШУТКИ
ПУДРИТЬ	106876-V	ВЫСКАЗАТЬ
ПУДРИТЬ	119594-V	БАЛОВАТЬСЯ (ШАЛИТЬ, ЗАБАВЛЯТЬСЯ)
ПУДРИТЬ	123744-V	ПРОПАГАНДА ИДЕЙ, ЗНАНИЙ
ПУДРИТЬ	115912-V	ПЕРЕУБЕДИТЬ
ПУДРИТЬ	107325-V	ПОКРЫТЬ ПОВЕРХНОСТЬ
РАЗВАРИТЬ	109109-V	ПРИГОТОВЛЕНИЕ ПИЩИ
РАЗВАРИТЬ	106534-V	ОБРАБАТЫВАТЬ, ПОДВЕРГАТЬ ОБРАБОТКЕ
РАЗВАРИТЬ	111101-V	НАГРЕТЬСЯ
РАЗВАРИТЬ	106629-V	ИЗМЕНИТЬСЯ, ИЗМЕНЕНИЕ
РАЗВАРИТЬ	107410-V	ДЕЛИТЬ, РАЗДЕЛЯТЬ НА ЧАСТИ
РАЗВАРИТЬ	111540-V	КЛАСТЬ ВНУТРЬ
РАЗВАРИТЬ	109115-V	ЖАРКА ПИЩИ
РАЗВАРИТЬ	111658-V	ПОСЫПАТЬ (ПОКРЫТЬ СЫПУЧИМ)
РАЗВАРИТЬ	106495-V	ИЗГОТОВИТЬ, ВЫРАБОТАТЬ
РАЗВАРИТЬ	137819-V	ТЕРМИЧЕСКАЯ ОБРАБОТКА
РАЗГИБАТЬСЯ	106587-V	ДВИЖЕНИЕ, ПЕРЕМЕЩЕНИЕ
РАЗГИБАТЬСЯ	111086-V	ГНУТЬСЯ, СОГНУТЬСЯ
РАЗГИБАТЬСЯ	106558-V	ПРИДАВАТЬ ФОРМУ, ФОРМИРОВАТЬ
РАЗГИБАТЬСЯ	116160-V	ВЫРОВНЯТЬСЯ (СТАТЬ РОВНЫМ)
РАЗГИБАТЬСЯ	111050-V	ГНУТЬ, ИЗОГНУТЬ
РАЗГИБАТЬСЯ	111769-V	ПРИДАВАТЬ ВИД
РАЗГИБАТЬСЯ	106629-V	ИЗМЕНИТЬСЯ, ИЗМЕНЕНИЕ
РАЗГИБАТЬСЯ	115840-V	ОТКЛОНИТЬ, СМЕСТИТЬ В СТОРОНУ
РАЗГИБАТЬСЯ	108824-V	ОПУСТИТЬ ВНИЗ
РАЗГИБАТЬСЯ	116388-V	УТРАТИТЬ
РАЗГОВЕТЬСЯ	106933-V	ГЛОТАТЬ ВНУТРЬ СЕБЯ
РАЗГОВЕТЬСЯ	106501-V	ЗАНЯТИЕ, ДЕЯТЕЛЬНОСТЬ
РАЗГОВЕТЬСЯ	106934-V	ЕСТЬ, ПРИНИМАТЬ ПИЩУ
РАЗГОВЕТЬСЯ	106932-V	ПИТЬ, ГЛОТАТЬ ЖИДКОСТЬ
РАЗГОВЕТЬСЯ	115153-V	ПРОБЫТЬ, ПРОВЕСТИ ВРЕМЯ
РАЗГОВЕТЬСЯ	1489-V	ОТДЫХ
РАЗГОВЕТЬСЯ	115221-V	ВОБРАТЬ В СЕБЯ
РАЗГОВЕТЬСЯ	118667-V	УДОВЛЕТВОРИТЬСЯ
РАЗГОВЕТЬСЯ	134070-V	ОТМЕТИТЬ ПАМЯТНУЮ ДАТУ
РАЗГОВЕТЬСЯ	117709-V	ПИТЬ СПИРТНОЕ
РАЗЕВАТЬ	115221-V	ВОБРАТЬ В СЕБЯ
РАЗЕВАТЬ	106938-V	ПЕРЕМЕСТИТЬ
РАЗЕВАТЬ	125801-V	ВЫДВИНУТЬ ВПЕРЕД, НАРУЖУ
РАЗЕВАТЬ	107093-V	ИЗДАТЬ ЗВУК
РАЗЕВАТЬ	106903-V	СМОТРЕТЬ, НАПРАВЛЯТЬ ВЗГЛЯД
РАЗЕВАТЬ	125740-V	УСТАВИТЬСЯ ВЗГЛЯДОМ
РАЗЕВАТЬ	107325-V	ПОКРЫТЬ ПОВЕРХНОСТЬ
РАЗЕВАТЬ	118698-V	ДЕЙСТВИЕ, ЦЕЛЕНАПРАВЛЕННОЕ ДЕЙСТВИЕ
РАЗЕВАТЬ	117094-V	ШЕВЕЛИТЬ ЧАСТЬЮ ТЕЛА
РАЗЕВАТЬ	106915-V	ОЩУЩАТЬ, ВОСПРИНИМАТЬ
РАЗМЕЧТАТЬСЯ	116921-V	ПЕРЕЖИТЬ, ИСПЫТАТЬ
РАЗМЕЧТАТЬСЯ	106467-V	МЫСЛИТЕЛЬНЫЙ ПРОЦЕСС
РАЗМЕЧТАТЬСЯ	117099-V	ВООБРАЗИТЬ, ПРЕДСТАВИТЬ В МЫСЛЯХ
РАЗМЕЧТАТЬСЯ	150230-V	ПРЕБЫВАТЬ В СОСТОЯНИИ
РАЗМЕЧТАТЬСЯ	116115-V	ПРЕУВЕЛИЧИТЬ
РАЗМЕЧТАТЬСЯ	117114-V	ВОЛНОВАТЬСЯ, ИСПЫТЫВАТЬ ВОЛНЕНИЕ
РАЗМЕЧТАТЬСЯ	113119-V	ОБМАНУТЬ, ВВЕСТИ В ЗАБЛУЖДЕНИЕ
РАЗМЕЧТАТЬСЯ	134714-V	САМОВНУШЕНИЕ
РАЗМЕЧТАТЬСЯ	107094-V	ПРОИЗНЕСТИ, ВЫГОВОРИТЬ, ПРОГОВОРИТЬ
РАЗМЕЧТАТЬСЯ	120955-V	ИЗМЕНЕНИЕ СОСТОЯНИЯ
РАЗМОРИТЬ	116921-V	ПЕРЕЖИТЬ, ИСПЫТАТЬ
РАЗМОРИТЬ	120956-V	ВПАСТЬ В СОСТОЯНИЕ
РАЗМОРИТЬ	124639-V	РАССЛАБИТЬСЯ, СНЯТЬ НАПРЯЖЕНИЕ
РАЗМОРИТЬ	149898-V	ВЫЗВАТЬ МЫСЛЬ, ЧУВСТВО
РАЗМОРИТЬ	106629-V	ИЗМЕНИТЬСЯ, ИЗМЕНЕНИЕ
РАЗМОРИТЬ	117709-V	ПИТЬ СПИРТНОЕ
РАЗМОРИТЬ	117320-V	УТОМИТЬСЯ, УСТАТЬ
РАЗМОРИТЬ	111979-V	ПОРТИТЬСЯ (УХУДШАТЬСЯ)
РАЗМОРИТЬ	111101-V	НАГРЕТЬСЯ
РАЗМОРИТЬ	120955-V	ИЗМЕНЕНИЕ СОСТОЯНИЯ
РАЗОНРАВИТЬСЯ	116921-V	ПЕРЕЖИТЬ, ИСПЫТАТЬ
РАЗОНРАВИТЬСЯ	116102-V	НАДОЕСТЬ
РАЗОНРАВИТЬСЯ	106485-V	ПЕРЕСТАТЬ, ПРЕКРАТИТЬ (ЧТО-ТО ДЕЛАТЬ)
РАЗОНРАВИТЬСЯ	134095-V	ПРИЙТИСЬ (ОКАЗАТЬСЯ СООТВЕТСТВУЮЩИМ, ПОДХОДЯЩИМ)
РАЗОНРАВИТЬСЯ	114934-V	РАЗДРАЖИТЬ, ВЫЗВАТЬ РАЗДРАЖЕНИЕ
РАЗОНРАВИТЬСЯ	137783-V	БЕСПОКОИТЬ, ПРИЧИНЯТЬ БЕСПОКОЙСТВО
РАЗОНРАВИТЬСЯ	150230-V	ПРЕБЫВАТЬ В СОСТОЯНИИ
РАЗОНРАВИТЬСЯ	106629-V	ИЗМЕНИТЬСЯ, ИЗМЕНЕНИЕ
РАЗОНРАВИТЬСЯ	106467-V	МЫСЛИТЕЛЬНЫЙ ПРОЦЕСС
РАЗОНРАВИТЬСЯ	118698-V	ДЕЙСТВИЕ, ЦЕЛЕНАПРАВЛЕННОЕ ДЕЙСТВИЕ
РАЗУТЬ	111572-V	ЗАКРЫТЬ ОТВЕРСТИЕ, ПРОХОД
РАЗУТЬ	118698-V	ДЕЙСТВИЕ, ЦЕЛЕНАПРАВЛЕННОЕ ДЕЙСТВИЕ
РАЗУТЬ	107325-V	ПОКРЫТЬ ПОВЕРХНОСТЬ
РАЗУТЬ	106938-V	ПЕРЕМЕСТИТЬ
РАЗУТЬ	108870-V	УДАЛИТЬ, ОТДАЛИТЬ НА РАССТОЯНИЕ
РАЗУТЬ	108856-V	ОДЕТЬ, ПОКРЫТЬ ОДЕЖДОЙ, ПОКРЫВАЛОМ
РАЗУТЬ	115969-V	ОТКРЫТЬ ОТВЕРСТИЕ, ПРОХОД
РАЗУТЬ	111853-V	ПРОДЕЛАТЬ ОТВЕРСТИЕ
РАЗУТЬ	106485-V	ПЕРЕСТАТЬ, ПРЕКРАТИТЬ (ЧТО-ТО ДЕЛАТЬ)
РАЗУТЬ	112144-V	ОБЕСПЕЧИТЬ, СНАБДИТЬ
РАСКОВАТЬ	111688-V	РАЗЪЕДИНИТЬСЯ
РАСКОВАТЬ	115548-V	ОТДЕЛИТЬСЯ ОТ ЦЕЛОГО
РАСКОВАТЬ	120034-V	ОСВОБОДИТЬ, ДАТЬ СВОБОДУ
РАСКОВАТЬ	116636-V	ОСВОБОДИТЬСЯ, ПОЛУЧИТЬ СВОБОДУ
РАСКОВАТЬ	115444-V	ОТПУСТИТЬ (ПОЗВОЛИТЬ УДАЛИТЬСЯ)
РАСКОВАТЬ	120955-V	ИЗМЕНЕНИЕ СОСТОЯНИЯ
РАСКОВАТЬ	111943-V	ОГРАНИЧИТЬ
РАСКОВАТЬ	110242-V	ПОВЕДЕНИЕ
РАСКОВАТЬ	118109-V	НАДЕТЬ (УКРЕПИТЬ, ПРИКРЕПИТЬ ЧТО-Н НА ЧТО-Н.)
РАСКОВАТЬ	110790-V	ПРИКРЕПИТЬ, ПРИДЕЛАТЬ
РАСПАРИТЬ	106629-V	ИЗМЕНИТЬСЯ, ИЗМЕНЕНИЕ
РАСПАРИТЬ	108948-V	НАГРЕТЬ, ПОВЫСИТЬ ТЕМПЕРАТУРУ
РАСПАРИТЬ	106534-V	ОБРАБАТЫВАТЬ, ПОДВЕРГАТЬ ОБРАБОТКЕ
РАСПАРИТЬ	113780-V	ПОКРЫТЬСЯ НА ПОВЕРХНОСТИ
РАСПАРИТЬ	115797-V	ПРОГРЕТЬ (ОСНОВАТЕЛЬНО НАГРЕТЬ)
РАСПАРИТЬ	110888-V	ПОВЫСИТЬ (УВЕЛИЧИТЬ)
РАСПАРИТЬ	110908-V	УДАЛИТЬ НАРУЖУ
РАСПАРИТЬ	106631-V	ИЗМЕНИТЬ, СДЕЛАТЬ ИНЫМ
РАСПАРИТЬ	121249-V	ИЗМЕЛЬЧИТЬСЯ
РАСПАРИТЬ	9476-V	МАССАЖ
РАСПЕРЕЖИВАТЬСЯ	116921-V	ПЕРЕЖИТЬ, ИСПЫТАТЬ
РАСПЕРЕЖИВАТЬСЯ	112696-V	СТАВИТЬ НА ОПРЕДЕЛЕННОЕ МЕСТО
РАСПЕРЕЖИВАТЬСЯ	117114-V	ВОЛНОВАТЬСЯ, ИСПЫТЫВАТЬ ВОЛНЕНИЕ
РАСПЕРЕЖИВАТЬСЯ	106565-V	САМОЧУВСТВИЕ
РАСПЕРЕЖИВАТЬСЯ	150230-V	ПРЕБЫВАТЬ В СОСТОЯНИИ
РАСПЕРЕЖИВАТЬСЯ	114597-V	НЕРВНОЕ СОСТОЯНИЕ
РАСПЕРЕЖИВАТЬСЯ	106698-V	ПОМЕСТИТЬ, НАЙТИ МЕСТО
РАСПЕРЕЖИВАТЬСЯ	107513-V	КОЛЕБАТЕЛЬНОЕ ДВИЖЕНИЕ
РАСПЕРЕЖИВАТЬСЯ	106629-V	ИЗМЕНИТЬСЯ, ИЗМЕНЕНИЕ
РАСПЕРЕЖИВАТЬСЯ	118046-V	НАРУШИТЬСЯ
РАСПЛАСТАТЬСЯ	106587-V	ДВИЖЕНИЕ, ПЕРЕМЕЩЕНИЕ
РАСПЛАСТАТЬСЯ	107447-V	ПАДАТЬ (ДВИГАТЬСЯ ВНИЗ)
РАСПЛАСТАТЬСЯ	111085-V	ОПУСТИТЬСЯ ВНИЗ
РАСПЛАСТАТЬСЯ	114560-V	СЕСТЬ, ПРИНЯТЬ СИДЯЧЕЕ ПОЛОЖЕНИЕ
РАСПЛАСТАТЬСЯ	111040-V	ПЕРЕВЕРНУТЬСЯ (ПОВЕРНУТЬСЯ)
РАСПЛАСТАТЬСЯ	115786-V	НАХОДИТЬСЯ, ПРЕБЫВАТЬ
РАСПЛАСТАТЬСЯ	128309-V	ПРИНЯТЬ ПОЛОЖЕНИЕ, ПОЗУ
РАСПЛАСТАТЬСЯ	114723-V	ОСЕСТЬ СЛОЕМ
РАСПЛАСТАТЬСЯ	120618-V	ГРОХНУТЬСЯ, УПАСТЬ С ШУМОМ
РАСПЛАСТАТЬСЯ	116269-V	ЛЕЧЬ, ПРИНЯТЬ ЛЕЖАЧЕЕ ПОЛОЖЕНИЕ
РАСТОЧИТЬ	106715-V	ИСТРАТИТЬ, ИЗРАСХОДОВАТЬ
РАСТОЧИТЬ	106497-V	ИСПОЛЬЗОВАТЬ, УПОТРЕБЛЯТЬ
РАСТОЧИТЬ	147852-V	РАСХОДОВАНИЕ ДЕНЕЖНЫХ СРЕДСТВ
РАСТОЧИТЬ	154007-V	ОТНОШЕНИЕ К ДЕНЬГАМ
РАСТОЧИТЬ	647-V	ПРАВОНАРУШЕНИЕ
РАСТОЧИТЬ	4131-V	ХИЩЕНИЕ
РАСТОЧИТЬ	116891-V	РАСХИТИТЬ
РАСТОЧИТЬ	153087-V	УТРАТИТЬ СПОСОБНОСТЬ, УМЕНИЕ
РАСТОЧИТЬ	134873-V	ОТНЕСТИСЬ (СОСТАВИТЬ СВОЕ ПРЕДСТАВЛЕНИЕ, ВНУТРЕННЕ ОЦЕНИТЬ)
РАСТОЧИТЬ	137776-V	НАКАЗАТЬ (ВЕЛЕТЬ)
РАСЧЕХЛИТЬ	108830-V	НАКРЫТЬ, ПОКРЫТЬ СВЕРХУ
РАСЧЕХЛИТЬ	106595-V	ОБЕРЕГАТЬ, ЗАЩИЩАТЬ
РАСЧЕХЛИТЬ	106631-V	ИЗМЕНИТЬ, СДЕЛАТЬ ИНЫМ
РАСЧЕХЛИТЬ	117035-V	ПРИГОТОВИТЬ, СДЕЛАТЬ ГОДНЫМ
РАСЧЕХЛИТЬ	110908-V	УДАЛИТЬ НАРУЖУ
РАСЧЕХЛИТЬ	108870-V	УДАЛИТЬ, ОТДАЛИТЬ НА РАССТОЯНИЕ
РАСЧЕХЛИТЬ	107325-V	ПОКРЫТЬ ПОВЕРХНОСТЬ
РАСЧЕХЛИТЬ	106597-V	ОХРАНЯТЬ
РАСЧЕХЛИТЬ	120605-V	ЗАРЯДИТЬ ВЗРЫВЧАТЫМ ВЕЩЕСТВОМ
РАСЧЕХЛИТЬ	116746-V	СООБЩИТЬ СВОЙСТВО
РЕКВИЗИРОВАТЬ	138080-V	ИЗЪЯТЬ (ОТОБРАТЬ)
РЕКВИЗИРОВАТЬ	5418-V	ОТЧУЖДЕНИЕ ИМУЩЕСТВА
РЕКВИЗИРОВАТЬ	106817-V	ПРИНУДИТЬ, ЗАСТАВИТЬ
РЕКВИЗИРОВАТЬ	118698-V	ДЕЙСТВИЕ, ЦЕЛЕНАПРАВЛЕННОЕ ДЕЙСТВИЕ
РЕКВИЗИРОВАТЬ	112933-V	ОТВЕТИТЬ, ПОСТУПИТЬ В ОТВЕТ
РЕКВИЗИРОВАТЬ	114304-V	ПЕРЕДАТЬ ВО ВЛАДЕНИЕ
РЕКВИЗИРОВАТЬ	152490-V	ЛИШЕНИЕ ИМУЩЕСТВА
РЕКВИЗИРОВАТЬ	149549-V	РАСПОЛАГАТЬ, ИМЕТЬ В СВОЕМ РАСПОРЯЖЕНИИ
РЕКВИЗИРОВАТЬ	106473-V	ОБУСЛАВЛИВАТЬ, СПОСОБСТВОВАТЬ
РЕКВИЗИРОВАТЬ	647-V	ПРАВОНАРУШЕНИЕ
РУСЕТЬ	106501-V	ЗАНЯТИЕ, ДЕЯТЕЛЬНОСТЬ
РУСЕТЬ	106876-V	ВЫСКАЗАТЬ
РУСЕТЬ	106903-V	СМОТРЕТЬ, НАПРАВЛЯТЬ ВЗГЛЯД
РУСЕТЬ	106587-V	ДВИЖЕНИЕ, ПЕРЕМЕЩЕНИЕ
РУСЕТЬ	106495-V	ИЗГОТОВИТЬ, ВЫРАБОТАТЬ
РУСЕТЬ	107093-V	ИЗДАТЬ ЗВУК
РУСЕТЬ	114501-V	НАПРАВИТЬ, УСТРЕМИТЬ
РУСЕТЬ	116195-V	ПРЕДВЕЩАТЬ
РУСЕТЬ	117350-V	БЛАГОПРИЯТСТВОВАТЬ
РУСЕТЬ	117094-V	ШЕВЕЛИТЬ ЧАСТЬЮ ТЕЛА
РЯВКНУТЬ	107093-V	ИЗДАТЬ ЗВУК
РЯВКНУТЬ	107094-V	ПРОИЗНЕСТИ, ВЫГОВОРИТЬ, ПРОГОВОРИТЬ
РЯВКНУТЬ	114103-V	ИЗДАВАТЬ, ИСПУСКАТЬ
РЯВКНУТЬ	106876-V	ВЫСКАЗАТЬ
РЯВКНУТЬ	107105-V	КРИЧАТЬ, ГОВОРИТЬ ГРОМКО
РЯВКНУТЬ	108868-V	БОРМОТАТЬ
РЯВКНУТЬ	113841-V	ВОРЧАТЬ (БОРМОТАТЬ)
РЯВКНУТЬ	106648-V	ОБЩЕНИЕ, СВЯЗЬ
РЯВКНУТЬ	106977-V	ОТВЕТИТЬ, ДАТЬ ОТВЕТ
РЯВКНУТЬ	116530-V	РЫЧАНИЕ ЖИВОТНОГО
СГРУДИТЬСЯ	115698-V	СОБРАТЬСЯ В ОДНОМ МЕСТЕ
СГРУДИТЬСЯ	106618-V	РАЗМЕСТИТЬСЯ
СГРУДИТЬСЯ	115522-V	ДОБРАТЬСЯ ДО МЕСТА
СГРУДИТЬСЯ	111329-V	ПОЯВИТЬСЯ, ПОКАЗАТЬСЯ
СГРУДИТЬСЯ	130185-V	ВСТАТЬ (ЗАНЯТЬ МЕСТО, РАЗМЕСТИТЬСЯ)
СГРУДИТЬСЯ	144939-V	РАСПОЛОЖИТЬСЯ ВОКРУГ
СГРУДИТЬСЯ	106501-V	ЗАНЯТИЕ, ДЕЯТЕЛЬНОСТЬ
СГРУДИТЬСЯ	111998-V	СНЯТЬ (ОТДЕЛИТЬ, ДОСТАТЬ)
СГРУДИТЬСЯ	121100-V	ОСВОБОДИТЬ (УДАЛИТЬ)
СГРУДИТЬСЯ	115285-V	ОХВАТИТЬ, ОВЛАДЕТЬ
СЕРЕБРИТЬ	107325-V	ПОКРЫТЬ ПОВЕРХНОСТЬ
СЕРЕБРИТЬ	106631-V	ИЗМЕНИТЬ, СДЕЛАТЬ ИНЫМ
СЕРЕБРИТЬ	107326-V	КЛАСТЬ НА ПОВЕРХНОСТЬ
СЕРЕБРИТЬ	146751-V	ОБРАБОТКА ПОВЕРХНОСТИ
СЕРЕБРИТЬ	111001-V	ВИДНЕТЬСЯ
СЕРЕБРИТЬ	111658-V	ПОСЫПАТЬ (ПОКРЫТЬ СЫПУЧИМ)
СЕРЕБРИТЬ	113005-V	СВЕТИТЬСЯ, ИЗЛУЧАТЬ СВЕТ
СЕРЕБРИТЬ	110416-V	ИЗМЕНЯТЬСЯ В ЦВЕТЕ
СЕРЕБРИТЬ	106632-V	УЛУЧШИТЬ
СЕРЕБРИТЬ	111657-V	СЫПАТЬ (ЗАСТАВЛЯТЬ ПАДАТЬ)
СКАЛИТЬСЯ	107093-V	ИЗДАТЬ ЗВУК
СКАЛИТЬСЯ	117094-V	ШЕВЕЛИТЬ ЧАСТЬЮ ТЕЛА
СКАЛИТЬСЯ	114103-V	ИЗДАВАТЬ, ИСПУСКАТЬ
СКАЛИТЬСЯ	116284-V	ВЫСМЕЯТЬ, ОСМЕЯТЬ
СКАЛИТЬСЯ	112039-V	УЛЫБКА
СКАЛИТЬСЯ	107094-V	ПРОИЗНЕСТИ, ВЫГОВОРИТЬ, ПРОГОВОРИТЬ
СКАЛИТЬСЯ	116530-V	РЫЧАНИЕ ЖИВОТНОГО
СКАЛИТЬСЯ	114089-V	СМЕЯТЬСЯ (ИЗДАВАТЬ СМЕХ)
СКАЛИТЬСЯ	113841-V	ВОРЧАТЬ (БОРМОТАТЬ)
СКАЛИТЬСЯ	124590-V	РАЗРАЗИТЬСЯ (БУРНО ВЫРАЗИТЬ)
СКОВЫРНУТЬ	107417-V	ОТДЕЛИТЬ ЧАСТЬ ОТ ЦЕЛОГО
СКОВЫРНУТЬ	108870-V	УДАЛИТЬ, ОТДАЛИТЬ НА РАССТОЯНИЕ
СКОВЫРНУТЬ	111845-V	ПРОНИКНУТЬ ВНУТРЬ
СКОВЫРНУТЬ	115969-V	ОТКРЫТЬ ОТВЕРСТИЕ, ПРОХОД
СКОВЫРНУТЬ	107410-V	ДЕЛИТЬ, РАЗДЕЛЯТЬ НА ЧАСТИ
СКОВЫРНУТЬ	110910-V	ВЫНУТЬ
СКОВЫРНУТЬ	112750-V	СКРЕСТИ, ТЕРЕТЬ ЖЕСТКИМ
СКОВЫРНУТЬ	107418-V	ОТОРВАТЬ, ОБОРВАТЬ
СКОВЫРНУТЬ	137195-V	ОТКРУТИТЬ (КРУТЯ, ОТДЕЛИТЬ)
СКОВЫРНУТЬ	113769-V	СБРОСИТЬ ВНИЗ
СКУЧИТЬ	106618-V	РАЗМЕСТИТЬСЯ
СКУЧИТЬ	115698-V	СОБРАТЬСЯ В ОДНОМ МЕСТЕ
СКУЧИТЬ	115522-V	ДОБРАТЬСЯ ДО МЕСТА
СКУЧИТЬ	120299-V	СТАТЬ (РАЗМЕСТИТЬСЯ СТОЯ)
СКУЧИТЬ	106501-V	ЗАНЯТИЕ, ДЕЯТЕЛЬНОСТЬ
СКУЧИТЬ	115193-V	ОКРУЖИТЬ, ЗАКЛЮЧИТЬ В КРУГ
СКУЧИТЬ	130185-V	ВСТАТЬ (ЗАНЯТЬ МЕСТО, РАЗМЕСТИТЬСЯ)
СКУЧИТЬ	144939-V	РАСПОЛОЖИТЬСЯ ВОКРУГ
СКУЧИТЬ	111998-V	СНЯТЬ (ОТДЕЛИТЬ, ДОСТАТЬ)
СКУЧИТЬ	121100-V	ОСВОБОДИТЬ (УДАЛИТЬ)
СМОЛИТЬ	115824-V	ВДОХНУТЬ, СДЕЛАТЬ ВДОХ
СМОЛИТЬ	115221-V	ВОБРАТЬ В СЕБЯ
СМОЛИТЬ	152470-V	ВЫДЕЛЕНИЕ ВЕЩЕСТВА, ЭНЕРГИИ
СМОЛИТЬ	106932-V	ПИТЬ, ГЛОТАТЬ ЖИДКОСТЬ
СМОЛИТЬ	111436-V	ПРОПИТАТЬ (НАСЫТИТЬ)
СМОЛИТЬ	106715-V	ИСТРАТИТЬ, ИЗРАСХОДОВАТЬ
СМОЛИТЬ	110908-V	УДАЛИТЬ НАРУЖУ
СМОЛИТЬ	112265-V	ЦЕДИТЬ (МЕДЛЕННО ПИТЬ)
СМОЛИТЬ	129769-V	ВЫДЕЛИТЬ ИЗ СОСТАВА
СМОЛИТЬ	111435-V	НАСЫТИТЬ (НАПОЛНИТЬ В БОЛЬШОМ КОЛИЧЕСТВЕ)
СНЕЖИТЬ	106587-V	ДВИЖЕНИЕ, ПЕРЕМЕЩЕНИЕ
СНЕЖИТЬ	107445-V	ЛЕТЕТЬ (ПЕРЕДВИГАТЬСЯ)
СНЕЖИТЬ	145703-V	ДЕЛАТЬ КРУГ (ПЕРЕМЕЩАТЬСЯ)
СНЕЖИТЬ	111097-V	ИЗМЕНЕНИЕ АГРЕГАТНОГО СОСТОЯНИЯ
СНЕЖИТЬ	112155-V	ИСЧЕЗНУТЬ (ПЕРЕСТАТЬ СУЩЕСТВОВАТЬ)
СНЕЖИТЬ	106629-V	ИЗМЕНИТЬСЯ, ИЗМЕНЕНИЕ
СНЕЖИТЬ	106501-V	ЗАНЯТИЕ, ДЕЯТЕЛЬНОСТЬ
СНЕЖИТЬ	106484-V	КОНЧИТЬСЯ, ПРЕКРАТИТЬСЯ
СНЕЖИТЬ	109324-V	МЕТЕЛЬ
СНЕЖИТЬ	126782-V	СНЕГОПАД
СПЕЧЬСЯ	107707-V	СКРЕПИТЬ (ПРОЧНО СОЕДИНИТЬ)
СПЕЧЬСЯ	106629-V	ИЗМЕНИТЬСЯ, ИЗМЕНЕНИЕ
СПЕЧЬСЯ	109109-V	ПРИГОТОВЛЕНИЕ ПИЩИ
СПЕЧЬСЯ	111101-V	НАГРЕТЬСЯ
СПЕЧЬСЯ	110790-V	ПРИКРЕПИТЬ, ПРИДЕЛАТЬ
СПЕЧЬСЯ	106534-V	ОБРАБАТЫВАТЬ, ПОДВЕРГАТЬ ОБРАБОТКЕ
СПЕЧЬСЯ	113780-V	ПОКРЫТЬСЯ НА ПОВЕРХНОСТИ
СПЕЧЬСЯ	111097-V	ИЗМЕНЕНИЕ АГРЕГАТНОГО СОСТОЯНИЯ
СПЕЧЬСЯ	106633-V	УХУДШЕНИЕ
СПЕЧЬСЯ	111109-V	ТВЕРДЕТЬ, ЗАТВЕРДЕТЬ
СПЛЮЩИТЬ	111050-V	ГНУТЬ, ИЗОГНУТЬ
СПЛЮЩИТЬ	111371-V	ЛОМАТЬ (ПОВРЕЖДАТЬ)
СПЛЮЩИТЬ	106631-V	ИЗМЕНИТЬ, СДЕЛАТЬ ИНЫМ
СПЛЮЩИТЬ	106558-V	ПРИДАВАТЬ ФОРМУ, ФОРМИРОВАТЬ
СПЛЮЩИТЬ	116661-V	ВДАВИТЬ ВНУТРЬ
СПЛЮЩИТЬ	111369-V	ПОРТИТЬ, ДЕЛАТЬ ПЛОХИМ
СПЛЮЩИТЬ	111192-V	ДАВИТЬ, ЖАТЬ
СПЛЮЩИТЬ	111086-V	ГНУТЬСЯ, СОГНУТЬСЯ
СПЛЮЩИТЬ	119084-V	ИСКРИВИТЬСЯ, ПЕРЕКОСИТЬСЯ
СПЛЮЩИТЬ	111853-V	ПРОДЕЛАТЬ ОТВЕРСТИЕ
СТЕСАТЬ	107417-V	ОТДЕЛИТЬ ЧАСТЬ ОТ ЦЕЛОГО
СТЕСАТЬ	110832-V	ОТРЕЗАТЬ (ОТДЕЛИТЬ)
СТЕСАТЬ	107412-V	РЕЗАТЬ, ПОРЕЗАТЬ
СТЕСАТЬ	108870-V	УДАЛИТЬ, ОТДАЛИТЬ НА РАССТОЯНИЕ
СТЕСАТЬ	2292-V	РАНЕНИЕ, НАНЕСЕНИЕ РАНЫ
СТЕСАТЬ	112810-V	ПОДРЕЗАТЬ, ОБРЕЗАТЬ С КРАЮ
СТЕСАТЬ	112750-V	СКРЕСТИ, ТЕРЕТЬ ЖЕСТКИМ
СТЕСАТЬ	111865-V	ПРОВЕСТИ ПО ПОВЕРХНОСТИ
СТЕСАТЬ	111931-V	ВЫРОВНЯТЬ, СДЕЛАТЬ РОВНЫМ
СТЕСАТЬ	112080-V	СРЕЗАТЬ С КРАЕВ
СФОРМОВАТЬ	112078-V	СОСТАВИТЬ (СОБРАВ СОЕДИНИТЬ)
СФОРМОВАТЬ	106629-V	ИЗМЕНИТЬСЯ, ИЗМЕНЕНИЕ
СФОРМОВАТЬ	106493-V	СОЗДАТЬ (СДЕЛАТЬ СУЩЕСТВУЮЩИМ)
СФОРМОВАТЬ	111769-V	ПРИДАВАТЬ ВИД
СФОРМОВАТЬ	112077-V	СОБРАТЬ В ОДНОМ МЕСТЕ
СФОРМОВАТЬ	106473-V	ОБУСЛАВЛИВАТЬ, СПОСОБСТВОВАТЬ
СФОРМОВАТЬ	106886-V	ИЗЛОЖИТЬ
СФОРМОВАТЬ	106631-V	ИЗМЕНИТЬ, СДЕЛАТЬ ИНЫМ
СФОРМОВАТЬ	125859-V	ФОРМИРОВАТЬСЯ, СЛАГАТЬСЯ (ПРИОБРЕТАТЬ ЗАКОНЧЕННОСТЬ )
СФОРМОВАТЬ	107592-V	НАРУШЕНИЕ ПРАВИЛ
СЮСЮКАТЬ	107094-V	ПРОИЗНЕСТИ, ВЫГОВОРИТЬ, ПРОГОВОРИТЬ
СЮСЮКАТЬ	117883-V	ЛАСКАТЬ (ПРОЯВЛЯТЬ ЛАСКУ)
СЮСЮКАТЬ	107140-V	ЛЬСТИТЬ, ХВАЛИТЬ ИЗ ЛЕСТИ
СЮСЮКАТЬ	106648-V	ОБЩЕНИЕ, СВЯЗЬ
СЮСЮКАТЬ	106876-V	ВЫСКАЗАТЬ
СЮСЮКАТЬ	110242-V	ПОВЕДЕНИЕ
СЮСЮКАТЬ	106457-V	ПОКАЗАТЬ, СДЕЛАТЬ ЯВНЫМ, ВИДИМЫМ
СЮСЮКАТЬ	106649-V	ЗНАКОМСТВО С ЧЕЛОВЕКОМ
СЮСЮКАТЬ	118621-V	ЗАБОТИТЬСЯ, ОКРУЖИТЬ ЗАБОТОЙ
СЮСЮКАТЬ	118698-V	ДЕЙСТВИЕ, ЦЕЛЕНАПРАВЛЕННОЕ ДЕЙСТВИЕ
ТОЛОЧЬ	107410-V	ДЕЛИТЬ, РАЗДЕЛЯТЬ НА ЧАСТИ
ТОЛОЧЬ	118140-V	БОЛТАТЬ, ЧЕСАТЬ ЯЗЫКОМ
ТОЛОЧЬ	111775-V	ИЗМЕЛЬЧИТЬ, РАЗМЕЛЬЧИТЬ
ТОЛОЧЬ	112820-V	МЯТЬ, РАЗМЯТЬ
ТОЛОЧЬ	106534-V	ОБРАБАТЫВАТЬ, ПОДВЕРГАТЬ ОБРАБОТКЕ
ТОЛОЧЬ	113030-V	ПЕРЕРАБОТАТЬ, ОСУЩЕСТВИТЬ ПЕРЕРАБОТКУ
ТОЛОЧЬ	107094-V	ПРОИЗНЕСТИ, ВЫГОВОРИТЬ, ПРОГОВОРИТЬ
ТОЛОЧЬ	111781-V	ТЕРЕТЬ (МЕЛЬЧИТЬ)
ТОЛОЧЬ	106495-V	ИЗГОТОВИТЬ, ВЫРАБОТАТЬ
ТОЛОЧЬ	111657-V	СЫПАТЬ (ЗАСТАВЛЯТЬ ПАДАТЬ)
ТЩИТЬСЯ	106714-V	ПЫТАТЬСЯ, СТАРАТЬСЯ
ТЩИТЬСЯ	118698-V	ДЕЙСТВИЕ, ЦЕЛЕНАПРАВЛЕННОЕ ДЕЙСТВИЕ
ТЩИТЬСЯ	119132-V	НАПРЯЧЬСЯ, ПРИЛОЖИТЬ УСИЛИЕ
ТЩИТЬСЯ	106476-V	СТРЕМЛЕНИЕ, ЖЕЛАНИЕ
ТЩИТЬСЯ	106494-V	ВЫПОЛНИТЬ, ИСПОЛНИТЬ, ОСУЩЕСТВИТЬ
ТЩИТЬСЯ	123789-V	МОЧЬ, ИМЕТЬ ВОЗМОЖНОСТЬ
ТЩИТЬСЯ	123435-V	СТАРАТЬСЯ, ДЕЛАТЬ СО СТАРАНИЕМ
ТЩИТЬСЯ	106813-V	ОБЛАДАТЬ СВОЙСТВОМ
ТЩИТЬСЯ	148420-V	ОТНОШЕНИЯ МЕЖДУ ЛЮДЬМИ
ТЩИТЬСЯ	647-V	ПРАВОНАРУШЕНИЕ
УВОЛОЧЬ	140441-V	БРАТЬ С СОБОЙ
УВОЛОЧЬ	108870-V	УДАЛИТЬ, ОТДАЛИТЬ НА РАССТОЯНИЕ
УВОЛОЧЬ	125768-V	ТАЩИТЬ ТЯЖЕЛОЕ
УВОЛОЧЬ	115694-V	ВЕСТИ (СОПРОВОЖДАТЬ)
УВОЛОЧЬ	115389-V	НЕСТИ С СОБОЙ
УВОЛОЧЬ	116858-V	УВЕЗТИ С СОБОЙ
УВОЛОЧЬ	106938-V	ПЕРЕМЕСТИТЬ
УВОЛОЧЬ	121020-V	УВЕСТИ С СОБОЙ
УВОЛОЧЬ	106817-V	ПРИНУДИТЬ, ЗАСТАВИТЬ
УВОЛОЧЬ	116244-V	УБЕДИТЬ, УГОВОРИТЬ
УЛЮЛЮКАТЬ	107093-V	ИЗДАТЬ ЗВУК
УЛЮЛЮКАТЬ	107094-V	ПРОИЗНЕСТИ, ВЫГОВОРИТЬ, ПРОГОВОРИТЬ
УЛЮЛЮКАТЬ	114103-V	ИЗДАВАТЬ, ИСПУСКАТЬ
УЛЮЛЮКАТЬ	107104-V	КРИЧАТЬ, ИЗДАВАТЬ КРИК
УЛЮЛЮКАТЬ	114089-V	СМЕЯТЬСЯ (ИЗДАВАТЬ СМЕХ)
УЛЮЛЮКАТЬ	107105-V	КРИЧАТЬ, ГОВОРИТЬ ГРОМКО
УЛЮЛЮКАТЬ	124590-V	РАЗРАЗИТЬСЯ (БУРНО ВЫРАЗИТЬ)
УЛЮЛЮКАТЬ	107106-V	ШУМЕТЬ, ИЗДАВАТЬ ШУМ
УЛЮЛЮКАТЬ	106876-V	ВЫСКАЗАТЬ
УЛЮЛЮКАТЬ	107196-V	ПЛАКАТЬ, ПРОЛИВАТЬ СЛЕЗЫ
УМЯТЬ	106933-V	ГЛОТАТЬ ВНУТРЬ СЕБЯ
УМЯТЬ	106934-V	ЕСТЬ, ПРИНИМАТЬ ПИЩУ
УМЯТЬ	115221-V	ВОБРАТЬ В СЕБЯ
УМЯТЬ	109109-V	ПРИГОТОВЛЕНИЕ ПИЩИ
УМЯТЬ	111101-V	НАГРЕТЬСЯ
УМЯТЬ	106534-V	ОБРАБАТЫВАТЬ, ПОДВЕРГАТЬ ОБРАБОТКЕ
УМЯТЬ	111369-V	ПОРТИТЬ, ДЕЛАТЬ ПЛОХИМ
УМЯТЬ	117340-V	ЖЕВАТЬ
УМЯТЬ	111951-V	РАЗРУШИТЬ (НАРУШИТЬ, УНИЧТОЖИТЬ)
УМЯТЬ	118667-V	УДОВЛЕТВОРИТЬСЯ
УСЛАЖДАТЬ	114653-V	ДОСТАВИТЬ УДОВОЛЬСТВИЕ
УСЛАЖДАТЬ	106528-V	УДОВЛЕТВОРИТЬ ТРЕБОВАНИЯ, ЖЕЛАНИЯ
УСЛАЖДАТЬ	149898-V	ВЫЗВАТЬ МЫСЛЬ, ЧУВСТВО
УСЛАЖДАТЬ	116684-V	НРАВИТЬСЯ
УСЛАЖДАТЬ	117696-V	УСПОКОИТЬ, ПРИВЕСТИ В СПОКОЙСТВИЕ
УСЛАЖДАТЬ	129710-V	ИЗМЕНИТЬ СОСТОЯНИЕ
УСЛАЖДАТЬ	111540-V	КЛАСТЬ ВНУТРЬ
УСЛАЖДАТЬ	118594-V	ПРИВЛЕЧЬ ИНТЕРЕС, ВНИМАНИЕ
УСЛАЖДАТЬ	114652-V	РАЗВЛЕЧЬ (ДОСТАВИТЬ УДОВОЛЬСТВИЕ)
УСЛАЖДАТЬ	116921-V	ПЕРЕЖИТЬ, ИСПЫТАТЬ
УТОНЧИТЬ	106637-V	УМЕНЬШИТЬСЯ
УТОНЧИТЬ	106629-V	ИЗМЕНИТЬСЯ, ИЗМЕНЕНИЕ
УТОНЧИТЬ	106639-V	УВЕЛИЧИТЬСЯ
УТОНЧИТЬ	106633-V	УХУДШЕНИЕ
УТОНЧИТЬ	106630-V	УЛУЧШЕНИЕ
УТОНЧИТЬ	111109-V	ТВЕРДЕТЬ, ЗАТВЕРДЕТЬ
УТОНЧИТЬ	152477-V	СНИЖЕНИЕ МАССЫ
УТОНЧИТЬ	111979-V	ПОРТИТЬСЯ (УХУДШАТЬСЯ)
УТОНЧИТЬ	127223-V	УТОНЧИТЬСЯ
УТОНЧИТЬ	130670-V	ПЕРЕЙТИ В ДРУГОЕ СОСТОЯНИЕ, ПОЛОЖЕНИЕ
ФЛУОРЕСЦИРОВАТЬ	113005-V	СВЕТИТЬСЯ, ИЗЛУЧАТЬ СВЕТ
ФЛУОРЕСЦИРОВАТЬ	113003-V	БЛЕСТЕТЬ (ЯРКО СВЕТИТЬСЯ)
ФЛУОРЕСЦИРОВАТЬ	114041-V	ПРОФИЛАКТИКА
ФЛУОРЕСЦИРОВАТЬ	113004-V	ИЗЛУЧАТЬ, ИСПУСКАТЬ ЛУЧИ
ФЛУОРЕСЦИРОВАТЬ	152470-V	ВЫДЕЛЕНИЕ ВЕЩЕСТВА, ЭНЕРГИИ
ФЛУОРЕСЦИРОВАТЬ	9880-V	ДЕЗИНФЕКЦИЯ
ФЛУОРЕСЦИРОВАТЬ	114631-V	ОБЛУЧЕНИЕ
ФЛУОРЕСЦИРОВАТЬ	106631-V	ИЗМЕНИТЬ, СДЕЛАТЬ ИНЫМ
ФЛУОРЕСЦИРОВАТЬ	107325-V	ПОКРЫТЬ ПОВЕРХНОСТЬ
ФЛУОРЕСЦИРОВАТЬ	115570-V	ОБОГАЩЕНИЕ МАТЕРИАЛА, ПРОДУКТА
ХЛОРИРОВАТЬ	111435-V	НАСЫТИТЬ (НАПОЛНИТЬ В БОЛЬШОМ КОЛИЧЕСТВЕ)
ХЛОРИРОВАТЬ	75-V	ЗАГРЯЗНЕНИЕ ПРИРОДЫ
ХЛОРИРОВАТЬ	114441-V	ОЧИСТИТЬ ОТ ПРИСУТСТВИЯ
ХЛОРИРОВАТЬ	111369-V	ПОРТИТЬ, ДЕЛАТЬ ПЛОХИМ
ХЛОРИРОВАТЬ	108948-V	НАГРЕТЬ, ПОВЫСИТЬ ТЕМПЕРАТУРУ
ХЛОРИРОВАТЬ	144157-V	ОЧИСТКА ОТ ВРЕДНЫХ ВЕЩЕСТВ
ХЛОРИРОВАТЬ	4255-V	ОХРАНА ВОД
ХЛОРИРОВАТЬ	111611-V	ВЛИЯТЬ, ВОЗДЕЙСТВОВАТЬ
ХЛОРИРОВАТЬ	106933-V	ГЛОТАТЬ ВНУТРЬ СЕБЯ
ХЛОРИРОВАТЬ	106483-V	УНИЧТОЖИТЬ, ПРЕКРАТИТЬ СУЩЕСТВОВАНИЕ
ХРИСТОСОВАТЬСЯ	106501-V	ЗАНЯТИЕ, ДЕЯТЕЛЬНОСТЬ
ХРИСТОСОВАТЬСЯ	107094-V	ПРОИЗНЕСТИ, ВЫГОВОРИТЬ, ПРОГОВОРИТЬ
ХРИСТОСОВАТЬСЯ	115509-V	ЦЕЛОВАТЬ
ХРИСТОСОВАТЬСЯ	107190-V	РУГАТЬ
ХРИСТОСОВАТЬСЯ	106587-V	ДВИЖЕНИЕ, ПЕРЕМЕЩЕНИЕ
ХРИСТОСОВАТЬСЯ	107214-V	СКАНДАЛ, ССОРА
ХРИСТОСОВАТЬСЯ	107191-V	БРАНИТЬ, РУГАТЬ БРАННЫМИ СЛОВАМИ
ХРИСТОСОВАТЬСЯ	119502-V	ШЕВЕЛИТЬСЯ, ИЗМЕНЯТЬ ПОЛОЖЕНИЕ ТЕЛА
ХРИСТОСОВАТЬСЯ	114793-V	ПРИКОСНУТЬСЯ, СЛЕГКА ДОТРОНУТЬСЯ
ХРИСТОСОВАТЬСЯ	115598-V	ПРИЗНАТЬСЯ, СОЗНАТЬСЯ
ЦИВИЛИЗОВАТЬ	106501-V	ЗАНЯТИЕ, ДЕЯТЕЛЬНОСТЬ
ЦИВИЛИЗОВАТЬ	106632-V	УЛУЧШИТЬ
ЦИВИЛИЗОВАТЬ	106629-V	ИЗМЕНИТЬСЯ, ИЗМЕНЕНИЕ
ЦИВИЛИЗОВАТЬ	106497-V	ИСПОЛЬЗОВАТЬ, УПОТРЕБЛЯТЬ
ЦИВИЛИЗОВАТЬ	151674-V	ОБРАБОТКА ПОЧВЫ
ЦИВИЛИЗОВАТЬ	106631-V	ИЗМЕНИТЬ, СДЕЛАТЬ ИНЫМ
ЦИВИЛИЗОВАТЬ	7936-V	РЕФОРМА
ЦИВИЛИЗОВАТЬ	7237-V	УПРАВЛЕНЧЕСКАЯ ДЕЯТЕЛЬНОСТЬ
ЦИВИЛИЗОВАТЬ	106617-V	СЕЛИТЬСЯ
ЦИВИЛИЗОВАТЬ	129365-V	ПРИБЛИЗИТЬСЯ, УПОДОБИТЬСЯ
ЧАВКАТЬ	107093-V	ИЗДАТЬ ЗВУК
ЧАВКАТЬ	114103-V	ИЗДАВАТЬ, ИСПУСКАТЬ
ЧАВКАТЬ	106934-V	ЕСТЬ, ПРИНИМАТЬ ПИЩУ
ЧАВКАТЬ	106933-V	ГЛОТАТЬ ВНУТРЬ СЕБЯ
ЧАВКАТЬ	107404-V	УДАРИТЬ, НАНЕСТИ УДАР
ЧАВКАТЬ	115221-V	ВОБРАТЬ В СЕБЯ
ЧАВКАТЬ	111775-V	ИЗМЕЛЬЧИТЬ, РАЗМЕЛЬЧИТЬ
ЧАВКАТЬ	111963-V	КАСАТЬСЯ, ДОТРАГИВАТЬСЯ
ЧАВКАТЬ	113841-V	ВОРЧАТЬ (БОРМОТАТЬ)
ЧАВКАТЬ	106932-V	ПИТЬ, ГЛОТАТЬ ЖИДКОСТЬ
ЧЕРТЫХАТЬСЯ	107190-V	РУГАТЬ
ЧЕРТЫХАТЬСЯ	107094-V	ПРОИЗНЕСТИ, ВЫГОВОРИТЬ, ПРОГОВОРИТЬ
ЧЕРТЫХАТЬСЯ	112963-V	ОСУДИТЬ, ВЫРАЗИТЬ НЕОДОБРЕНИЕ
ЧЕРТЫХАТЬСЯ	107093-V	ИЗДАТЬ ЗВУК
ЧЕРТЫХАТЬСЯ	108868-V	БОРМОТАТЬ
ЧЕРТЫХАТЬСЯ	106809-V	УПРЕКАТЬ, УКОРЯТЬ
ЧЕРТЫХАТЬСЯ	120151-V	РУГАТЬСЯ, ВЫРУГАТЬСЯ
ЧЕРТЫХАТЬСЯ	107191-V	БРАНИТЬ, РУГАТЬ БРАННЫМИ СЛОВАМИ
ЧЕРТЫХАТЬСЯ	106876-V	ВЫСКАЗАТЬ
ЧЕРТЫХАТЬСЯ	107214-V	СКАНДАЛ, ССОРА
ЧОКАТЬСЯ	106932-V	ПИТЬ, ГЛОТАТЬ ЖИДКОСТЬ
ЧОКАТЬСЯ	106933-V	ГЛОТАТЬ ВНУТРЬ СЕБЯ
ЧОКАТЬСЯ	110719-V	ЛИТЬ ЖИДКОСТЬ
ЧОКАТЬСЯ	111615-V	ЗАБОЛЕТЬ БОЛЕЗНЬЮ
ЧОКАТЬСЯ	112145-V	КОНЧИТЬ, ЗАВЕРШИТЬ ДО КОНЦА
ЧОКАТЬСЯ	106938-V	ПЕРЕМЕСТИТЬ
ЧОКАТЬСЯ	106934-V	ЕСТЬ, ПРИНИМАТЬ ПИЩУ
ЧОКАТЬСЯ	110727-V	ПРОЛИТЬ, СЛУЧАЙНО ВЫЛИТЬ
ЧОКАТЬСЯ	115221-V	ВОБРАТЬ В СЕБЯ
ЧОКАТЬСЯ	111042-V	ПЕРЕЛИТЬ В ДРУГУЮ ЕМКОСТЬ
ШТОПАТЬ	106557-V	СОЕДИНИТЬ В ОДНО ЦЕЛОЕ
ШТОПАТЬ	111568-V	ЗАДЕЛАТЬ ОТВЕРСТИЕ
ШТОПАТЬ	106495-V	ИЗГОТОВИТЬ, ВЫРАБОТАТЬ
ШТОПАТЬ	111576-V	ЗАШИТЬ ДЫРУ
ШТОПАТЬ	116799-V	НАШИТЬ СВЕРХУ
ШТОПАТЬ	110801-V	ШИТЬЕ, ПОШИВ
ШТОПАТЬ	113291-V	СШИВАТЬ
ШТОПАТЬ	106493-V	СОЗДАТЬ (СДЕЛАТЬ СУЩЕСТВУЮЩИМ)
ШТОПАТЬ	110795-V	ПРИШИТЬ (ПРИКРЕПИТЬ)
ШТОПАТЬ	111375-V	ПОЧИНКА НЕИСПРАВНОГО
