АБСОЛЮТИЗИРОВАТЬ	106501-V	ЗАНЯТИЕ, ДЕЯТЕЛЬНОСТЬ
АБСОЛЮТИЗИРОВАТЬ	141697-V	ПРЕДСТАВИТЬ В ВИДЕ
АБСОЛЮТИЗИРОВАТЬ	7237-V	УПРАВЛЕНЧЕСКАЯ ДЕЯТЕЛЬНОСТЬ
АБСОЛЮТИЗИРОВАТЬ	119125-V	РАСПРОСТРАНИТЬСЯ, ПОЛУЧИТЬ РАСПРОСТРАНЕНИЕ
АБСОЛЮТИЗИРОВАТЬ	149806-V	УТВЕРЖДАТЬ, ДЕЛАТЬ УТВЕРЖДЕНИЕ
АБСОЛЮТИЗИРОВАТЬ	106629-V	ИЗМЕНИТЬСЯ, ИЗМЕНЕНИЕ
АБСОЛЮТИЗИРОВАТЬ	7936-V	РЕФОРМА
АБСОЛЮТИЗИРОВАТЬ	116751-V	ПРИУКРАСИТЬ, ВЫГОДНО ПРЕДСТАВИТЬ
АБСОЛЮТИЗИРОВАТЬ	123550-V	УТОЧНИТЬ, СДЕЛАТЬ ТОЧНЕЕ
АБСОЛЮТИЗИРОВАТЬ	116115-V	ПРЕУВЕЛИЧИТЬ
АКТИВИРОВАТЬ	4661-V	ОЗДОРОВЛЕНИЕ ПРИРОДЫ
АКТИВИРОВАТЬ	6444-V	ЛИКВИДАЦИЯ ЧРЕЗВЫЧАЙНЫХ СИТУАЦИЙ
АКТИВИРОВАТЬ	144157-V	ОЧИСТКА ОТ ВРЕДНЫХ ВЕЩЕСТВ
АКТИВИРОВАТЬ	110474-V	ВЫЗВАТЬ, ПОРОДИТЬ
АКТИВИРОВАТЬ	120784-V	ПОЛУЧИТЬ (ДОБЫТЬ, ПРОИЗВЕСТИ)
АКТИВИРОВАТЬ	116118-V	ОЗДОРОВИТЬ (УЛУЧШИТЬ)
АКТИВИРОВАТЬ	120406-V	ЛИКВИДИРОВАТЬ (УНИЧТОЖАТЬ)
АКТИВИРОВАТЬ	106483-V	УНИЧТОЖИТЬ, ПРЕКРАТИТЬ СУЩЕСТВОВАНИЕ
АКТИВИРОВАТЬ	128431-V	ОБЕЗВРЕДИТЬ
АКТИВИРОВАТЬ	114441-V	ОЧИСТИТЬ ОТ ПРИСУТСТВИЯ
АМЕРИКАНИЗИРОВАТЬ	106501-V	ЗАНЯТИЕ, ДЕЯТЕЛЬНОСТЬ
АМЕРИКАНИЗИРОВАТЬ	129365-V	ПРИБЛИЗИТЬСЯ, УПОДОБИТЬСЯ
АМЕРИКАНИЗИРОВАТЬ	7237-V	УПРАВЛЕНЧЕСКАЯ ДЕЯТЕЛЬНОСТЬ
АМЕРИКАНИЗИРОВАТЬ	116390-V	ИСКАЗИТЬ, ПРЕДСТАВИТЬ В ЛОЖНОМ СВЕТЕ
АМЕРИКАНИЗИРОВАТЬ	106629-V	ИЗМЕНИТЬСЯ, ИЗМЕНЕНИЕ
АМЕРИКАНИЗИРОВАТЬ	116640-V	ПЕРЕСЕЛЕНИЕ НА ДРУГОЕ МЕСТО ЖИТЕЛЬСТВА
АМЕРИКАНИЗИРОВАТЬ	112075-V	СОСРЕДОТОЧИТЬ В ОДНОМ МЕСТЕ
АМЕРИКАНИЗИРОВАТЬ	106607-V	УПРАВЛЯТЬ, РУКОВОДИТЬ
АМЕРИКАНИЗИРОВАТЬ	924-V	АВТОМАТИЗАЦИЯ
АМЕРИКАНИЗИРОВАТЬ	106617-V	СЕЛИТЬСЯ
АНОДИРОВАТЬ	106950-V	ПРЕВРАТИТЬ (ПРИДАТЬ ИНОЙ ВИД, КАЧЕСТВО)
АНОДИРОВАТЬ	106501-V	ЗАНЯТИЕ, ДЕЯТЕЛЬНОСТЬ
АНОДИРОВАТЬ	106631-V	ИЗМЕНИТЬ, СДЕЛАТЬ ИНЫМ
АНОДИРОВАТЬ	106709-V	УЗНАТЬ, ПОЛУЧИТЬ СВЕДЕНИЯ
АНОДИРОВАТЬ	4225-V	ДЕГРАДАЦИЯ ПОЧВ
АНОДИРОВАТЬ	136573-V	РАСКОДИРОВАТЬ (УЗНАТЬ КОД)
АНОДИРОВАТЬ	106632-V	УЛУЧШИТЬ
АНОДИРОВАТЬ	106785-V	ПРЕОБРАЗОВАТЬ, ПЕРЕДЕЛАТЬ
АНОДИРОВАТЬ	106529-V	ОБСЛУЖИТЬ (УДОВЛЕТВОРИТЬ НУЖДЫ)
АНОДИРОВАТЬ	106472-V	ПОМОЩЬ, ПОДДЕРЖКА
БИНТОВАТЬ	111427-V	НАЛОЖИТЬ СВЕРХУ
БИНТОВАТЬ	107325-V	ПОКРЫТЬ ПОВЕРХНОСТЬ
БИНТОВАТЬ	107326-V	КЛАСТЬ НА ПОВЕРХНОСТЬ
БИНТОВАТЬ	115187-V	ОБМОТАТЬ, ОБКРУТИТЬ
БИНТОВАТЬ	116334-V	ОБВЯЗАТЬ (ОБМОТАТЬ И ЗАВЯЗАТЬ)
БИНТОВАТЬ	111467-V	ВЯЗАНИЕ (РУКОДЕЛИЕ)
БИНТОВАТЬ	120969-V	ПЕРЕДЕЛАТЬ, СДЕЛАТЬ ЗАНОВО
БИНТОВАТЬ	112000-V	МОТАТЬ, НАКРУЧИВАТЬ
БИНТОВАТЬ	134618-V	РУКОДЕЛИЕ
БИНТОВАТЬ	111466-V	ПЛЕСТИ ИЗ ПОЛОС, НИТЕЙ
БОДРИТЬСЯ	118574-V	ВНУШИТЬ МЫСЛЬ, ЧУВСТВО
БОДРИТЬСЯ	120955-V	ИЗМЕНЕНИЕ СОСТОЯНИЯ
БОДРИТЬСЯ	125736-V	ОЖИВИТЬСЯ (СТАТЬ ОЖИВЛЕННЫМ)
БОДРИТЬСЯ	107253-V	ВООДУШЕВЛЕНИЕ, ПОДЪЕМ ДУХА
БОДРИТЬСЯ	115900-V	ПРИТВОРИТЬСЯ, ПРИКИНУТЬСЯ
БОДРИТЬСЯ	149898-V	ВЫЗВАТЬ МЫСЛЬ, ЧУВСТВО
БОДРИТЬСЯ	106565-V	САМОЧУВСТВИЕ
БОДРИТЬСЯ	123840-V	ЧУВСТВОВАТЬ (ИСПЫТЫВАТЬ ЭМОЦИИ)
БОДРИТЬСЯ	148270-V	ПРИЛИВ МЫСЛЕЙ, ЧУВСТВ
БОДРИТЬСЯ	113119-V	ОБМАНУТЬ, ВВЕСТИ В ЗАБЛУЖДЕНИЕ
БУРЕТЬ	106629-V	ИЗМЕНИТЬСЯ, ИЗМЕНЕНИЕ
БУРЕТЬ	110416-V	ИЗМЕНЯТЬСЯ В ЦВЕТЕ
БУРЕТЬ	113780-V	ПОКРЫТЬСЯ НА ПОВЕРХНОСТИ
БУРЕТЬ	111001-V	ВИДНЕТЬСЯ
БУРЕТЬ	125595-V	ТЕМНЕТЬ (ПОГРУЖАТЬСЯ ВО ТЬМУ)
БУРЕТЬ	106633-V	УХУДШЕНИЕ
БУРЕТЬ	110483-V	ЗЕЛЕНЕТЬ, СТАНОВИТЬСЯ ЗЕЛЕНЫМ
БУРЕТЬ	130453-V	ГИБЕЛЬ (ПРЕКРАЩЕНИЕ СУЩЕСТВОВАНИЯ)
БУРЕТЬ	115269-V	СОХНУТЬ, СТАНОВИТЬСЯ СУХИМ
БУРЕТЬ	106646-V	ОТНОШЕНИЕ МЕЖДУ СУЩНОСТЯМИ
ВБУХИВАТЬ	111022-V	БРОСИТЬ (ПЕРЕМЕСТИТЬ)
ВБУХИВАТЬ	106504-V	ПОСТУПОК ЧЕЛОВЕКА
ВБУХИВАТЬ	106915-V	ОЩУЩАТЬ, ВОСПРИНИМАТЬ
ВБУХИВАТЬ	106802-V	ИЗБАВИТЬСЯ
ВБУХИВАТЬ	116921-V	ПЕРЕЖИТЬ, ИСПЫТАТЬ
ВБУХИВАТЬ	106587-V	ДВИЖЕНИЕ, ПЕРЕМЕЩЕНИЕ
ВБУХИВАТЬ	106698-V	ПОМЕСТИТЬ, НАЙТИ МЕСТО
ВБУХИВАТЬ	107404-V	УДАРИТЬ, НАНЕСТИ УДАР
ВБУХИВАТЬ	107093-V	ИЗДАТЬ ЗВУК
ВБУХИВАТЬ	117948-V	УДАРИТЬ (РАЗДАТЬСЯ О РЕЗКОМ ЗВУКЕ)
ВЕРЕЩАТЬ	107093-V	ИЗДАТЬ ЗВУК
ВЕРЕЩАТЬ	107094-V	ПРОИЗНЕСТИ, ВЫГОВОРИТЬ, ПРОГОВОРИТЬ
ВЕРЕЩАТЬ	114103-V	ИЗДАВАТЬ, ИСПУСКАТЬ
ВЕРЕЩАТЬ	107104-V	КРИЧАТЬ, ИЗДАВАТЬ КРИК
ВЕРЕЩАТЬ	106876-V	ВЫСКАЗАТЬ
ВЕРЕЩАТЬ	107196-V	ПЛАКАТЬ, ПРОЛИВАТЬ СЛЕЗЫ
ВЕРЕЩАТЬ	107252-V	ВЫТЬ
ВЕРЕЩАТЬ	107366-V	ВИЗЖАТЬ
ВЕРЕЩАТЬ	118140-V	БОЛТАТЬ, ЧЕСАТЬ ЯЗЫКОМ
ВЕРЕЩАТЬ	110719-V	ЛИТЬ ЖИДКОСТЬ
ВЗЪЕРОШИТЬ	123814-V	РАЗЗВОНИТЬ, РАСТРУБИТЬ
ВЗЪЕРОШИТЬ	118138-V	ПРОГОВОРИТЬСЯ
ВЗЪЕРОШИТЬ	117735-V	МОРЩИТЬ ЛИЦО
ВЗЪЕРОШИТЬ	106887-V	РАССКАЗАТЬ
ВЗЪЕРОШИТЬ	1885-V	РАСПРОСТРАНЕНИЕ ИНФОРМАЦИИ
ВЗЪЕРОШИТЬ	107094-V	ПРОИЗНЕСТИ, ВЫГОВОРИТЬ, ПРОГОВОРИТЬ
ВЗЪЕРОШИТЬ	120087-V	РАСКРЫТИЕ ИНФОРМАЦИИ
ВЗЪЕРОШИТЬ	116921-V	ПЕРЕЖИТЬ, ИСПЫТАТЬ
ВЗЪЕРОШИТЬ	118191-V	РАЗРОВНЯТЬ
ВЗЪЕРОШИТЬ	117094-V	ШЕВЕЛИТЬ ЧАСТЬЮ ТЕЛА
ВКРУТИТЬ	111047-V	ВЕРТЕТЬ, ВРАЩАТЬ
ВКРУТИТЬ	110790-V	ПРИКРЕПИТЬ, ПРИДЕЛАТЬ
ВКРУТИТЬ	106888-V	ПОВЕРНУТЬ, ИЗМЕНИТЬ ПОЛОЖЕНИЕ
ВКРУТИТЬ	111596-V	ДВИГАТЬ (ПЕРЕМЕЩАТЬ)
ВКРУТИТЬ	115727-V	КРУТИТЬ (ВЕРТЕТЬ КРУГООБРАЗНО)
ВКРУТИТЬ	107417-V	ОТДЕЛИТЬ ЧАСТЬ ОТ ЦЕЛОГО
ВКРУТИТЬ	111668-V	ПРИСОЕДИНИТЬ
ВКРУТИТЬ	106493-V	СОЗДАТЬ (СДЕЛАТЬ СУЩЕСТВУЮЩИМ)
ВКРУТИТЬ	116418-V	ЗАВЯЗАТЬ (ЗАКРЕПИТЬ)
ВКРУТИТЬ	116164-V	ОТЖАТЬ, ВЫЖАТЬ
ВПАЯТЬ	106646-V	ОТНОШЕНИЕ МЕЖДУ СУЩНОСТЯМИ
ВПАЯТЬ	128395-V	ЗАВИСИМОСТЬ (ОТНОШЕНИЕ)
ВПАЯТЬ	116488-V	ВЗЫСКАНИЕ ДЕНЕЖНЫХ СРЕДСТВ
ВПАЯТЬ	149104-V	НАЛОЖИТЬ ВЗЫСКАНИЕ
ВПАЯТЬ	110790-V	ПРИКРЕПИТЬ, ПРИДЕЛАТЬ
ВПАЯТЬ	106817-V	ПРИНУДИТЬ, ЗАСТАВИТЬ
ВПАЯТЬ	111944-V	НАЗНАЧИТЬ, УСТАНОВИТЬ, ОПРЕДЕЛИТЬ
ВПАЯТЬ	107707-V	СКРЕПИТЬ (ПРОЧНО СОЕДИНИТЬ)
ВПАЯТЬ	116821-V	ОБЛОЖИТЬ, ОБЯЗАТЬ К ОПЛАТЕ
ВПАЯТЬ	112935-V	НАКАЗАТЬ (ВОЗДЕЙСТВОВАТЬ)
ВПРАВИТЬ	145757-V	НАПРАВИТЬ ДЕЯТЕЛЬНОСТЬ
ВПРАВИТЬ	107123-V	СОВЕТОВАТЬ
ВПРАВИТЬ	116198-V	УКАЗАТЬ (ДАТЬ ЗНАТЬ)
ВПРАВИТЬ	106877-V	ВЫСКАЗАТЬ МНЕНИЕ
ВПРАВИТЬ	113825-V	ВЫПРЯМИТЬ, РАСПРЯМИТЬ
ВПРАВИТЬ	111360-V	УСТРАНИТЬ (УНИЧТОЖИТЬ)
ВПРАВИТЬ	111362-V	ИСПРАВИТЬ (УЛУЧШИТЬ)
ВПРАВИТЬ	111361-V	ИСПРАВИТЬ НЕДОСТАТКИ, ОШИБКИ
ВПРАВИТЬ	111191-V	ВСТАВИТЬ ВНУТРЬ
ВПРАВИТЬ	106632-V	УЛУЧШИТЬ
ВРЫТЬ	111085-V	ОПУСТИТЬСЯ ВНИЗ
ВРЫТЬ	106772-V	УГЛУБИТЬ, УВЕЛИЧИТЬ ГЛУБИНУ (РАССТОЯНИЕ)
ВРЫТЬ	112004-V	РАЗБРОСАТЬ, РАСШВЫРЯТЬ
ВРЫТЬ	106587-V	ДВИЖЕНИЕ, ПЕРЕМЕЩЕНИЕ
ВРЫТЬ	111791-V	КОПАТЬ ЯМУ
ВРЫТЬ	110916-V	ИЗВЛЕЧЬ, ДОСТАТЬ
ВРЫТЬ	106640-V	УВЕЛИЧИТЬ
ВРЫТЬ	111022-V	БРОСИТЬ (ПЕРЕМЕСТИТЬ)
ВРЫТЬ	106698-V	ПОМЕСТИТЬ, НАЙТИ МЕСТО
ВРЫТЬ	120189-V	УКРЕПИТЬСЯ (РАСПОЛОЖИТЬСЯ ПОСТРОИВ ОБОР.СООРУЖ.)
ВСКРУЖИТЬ	145703-V	ДЕЛАТЬ КРУГ (ПЕРЕМЕЩАТЬСЯ)
ВСКРУЖИТЬ	106587-V	ДВИЖЕНИЕ, ПЕРЕМЕЩЕНИЕ
ВСКРУЖИТЬ	107445-V	ЛЕТЕТЬ (ПЕРЕДВИГАТЬСЯ)
ВСКРУЖИТЬ	111596-V	ДВИГАТЬ (ПЕРЕМЕЩАТЬ)
ВСКРУЖИТЬ	155113-V	УХУДШЕНИЕ САМОЧУВСТВИЯ
ВСКРУЖИТЬ	106565-V	САМОЧУВСТВИЕ
ВСКРУЖИТЬ	117320-V	УТОМИТЬСЯ, УСТАТЬ
ВСКРУЖИТЬ	113119-V	ОБМАНУТЬ, ВВЕСТИ В ЗАБЛУЖДЕНИЕ
ВСКРУЖИТЬ	116921-V	ПЕРЕЖИТЬ, ИСПЫТАТЬ
ВСКРУЖИТЬ	120955-V	ИЗМЕНЕНИЕ СОСТОЯНИЯ
ВСХЛИПЫВАТЬ	107093-V	ИЗДАТЬ ЗВУК
ВСХЛИПЫВАТЬ	110719-V	ЛИТЬ ЖИДКОСТЬ
ВСХЛИПЫВАТЬ	120904-V	ВЫСТУПИТЬ НАРУЖУ
ВСХЛИПЫВАТЬ	107196-V	ПЛАКАТЬ, ПРОЛИВАТЬ СЛЕЗЫ
ВСХЛИПЫВАТЬ	114103-V	ИЗДАВАТЬ, ИСПУСКАТЬ
ВСХЛИПЫВАТЬ	107094-V	ПРОИЗНЕСТИ, ВЫГОВОРИТЬ, ПРОГОВОРИТЬ
ВСХЛИПЫВАТЬ	116102-V	НАДОЕСТЬ
ВСХЛИПЫВАТЬ	115752-V	ЖАЛОВАТЬСЯ (ВЫСКАЗЫВАТЬ НЕУДОВОЛЬСТВИЕ)
ВСХЛИПЫВАТЬ	106876-V	ВЫСКАЗАТЬ
ВСХЛИПЫВАТЬ	106938-V	ПЕРЕМЕСТИТЬ
ВШИВАТЬ	113291-V	СШИВАТЬ
ВШИВАТЬ	106557-V	СОЕДИНИТЬ В ОДНО ЦЕЛОЕ
ВШИВАТЬ	110795-V	ПРИШИТЬ (ПРИКРЕПИТЬ)
ВШИВАТЬ	110790-V	ПРИКРЕПИТЬ, ПРИДЕЛАТЬ
ВШИВАТЬ	111568-V	ЗАДЕЛАТЬ ОТВЕРСТИЕ
ВШИВАТЬ	106493-V	СОЗДАТЬ (СДЕЛАТЬ СУЩЕСТВУЮЩИМ)
ВШИВАТЬ	106495-V	ИЗГОТОВИТЬ, ВЫРАБОТАТЬ
ВШИВАТЬ	111572-V	ЗАКРЫТЬ ОТВЕРСТИЕ, ПРОХОД
ВШИВАТЬ	111375-V	ПОЧИНКА НЕИСПРАВНОГО
ВШИВАТЬ	107707-V	СКРЕПИТЬ (ПРОЧНО СОЕДИНИТЬ)
ВЫКЛЕВАТЬ	106934-V	ЕСТЬ, ПРИНИМАТЬ ПИЩУ
ВЫКЛЕВАТЬ	107404-V	УДАРИТЬ, НАНЕСТИ УДАР
ВЫКЛЕВАТЬ	115010-V	РОДИТЬСЯ НА СВЕТ
ВЫКЛЕВАТЬ	106933-V	ГЛОТАТЬ ВНУТРЬ СЕБЯ
ВЫКЛЕВАТЬ	115102-V	МУЧИТЬ
ВЫКЛЕВАТЬ	112339-V	ПРИДРАТЬСЯ
ВЫКЛЕВАТЬ	115593-V	ХВАТАТЬ, СХВАТИТЬ
ВЫКЛЕВАТЬ	110911-V	ВЫРВАТЬ, ВЫДРАТЬ
ВЫКЛЕВАТЬ	111963-V	КАСАТЬСЯ, ДОТРАГИВАТЬСЯ
ВЫКЛЕВАТЬ	111853-V	ПРОДЕЛАТЬ ОТВЕРСТИЕ
ВЫПЛАКАТЬ	110719-V	ЛИТЬ ЖИДКОСТЬ
ВЫПЛАКАТЬ	120904-V	ВЫСТУПИТЬ НАРУЖУ
ВЫПЛАКАТЬ	107196-V	ПЛАКАТЬ, ПРОЛИВАТЬ СЛЕЗЫ
ВЫПЛАКАТЬ	106938-V	ПЕРЕМЕСТИТЬ
ВЫПЛАКАТЬ	111329-V	ПОЯВИТЬСЯ, ПОКАЗАТЬСЯ
ВЫПЛАКАТЬ	120905-V	ВЫЙТИ (ПОКАЗАТЬСЯ, ПОЯВИТЬСЯ)
ВЫПЛАКАТЬ	116921-V	ПЕРЕЖИТЬ, ИСПЫТАТЬ
ВЫПЛАКАТЬ	116102-V	НАДОЕСТЬ
ВЫПЛАКАТЬ	115752-V	ЖАЛОВАТЬСЯ (ВЫСКАЗЫВАТЬ НЕУДОВОЛЬСТВИЕ)
ВЫПЛАКАТЬ	106876-V	ВЫСКАЗАТЬ
ВЫСПРАШИВАТЬ	106876-V	ВЫСКАЗАТЬ
ВЫСПРАШИВАТЬ	116816-V	ОБРАТИТЬСЯ СО СЛОВАМИ
ВЫСПРАШИВАТЬ	106709-V	УЗНАТЬ, ПОЛУЧИТЬ СВЕДЕНИЯ
ВЫСПРАШИВАТЬ	107256-V	СПРОСИТЬ, ЗАДАТЬ ВОПРОС
ВЫСПРАШИВАТЬ	150471-V	ЗАКИДАТЬ (ОБРАТИТЬСЯ)
ВЫСПРАШИВАТЬ	116303-V	ПОЛУЧИТЬ В РАСПОРЯЖЕНИЕ
ВЫСПРАШИВАТЬ	118698-V	ДЕЙСТВИЕ, ЦЕЛЕНАПРАВЛЕННОЕ ДЕЙСТВИЕ
ВЫСПРАШИВАТЬ	129792-V	ВОЗЛОЖИТЬ ОТВЕТСТВЕННОСТЬ
ВЫСПРАШИВАТЬ	116932-V	СПРАВИТЬСЯ, ОСВЕДОМИТЬСЯ
ВЫСПРАШИВАТЬ	106457-V	ПОКАЗАТЬ, СДЕЛАТЬ ЯВНЫМ, ВИДИМЫМ
ВЫТАПТЫВАТЬ	111192-V	ДАВИТЬ, ЖАТЬ
ВЫТАПТЫВАТЬ	107013-V	ГРЯЗНИТЬ, ПАЧКАТЬ
ВЫТАПТЫВАТЬ	106483-V	УНИЧТОЖИТЬ, ПРЕКРАТИТЬ СУЩЕСТВОВАНИЕ
ВЫТАПТЫВАТЬ	111881-V	НАНЕСЕНИЕ НА ПОВЕРХНОСТЬ
ВЫТАПТЫВАТЬ	116661-V	ВДАВИТЬ ВНУТРЬ
ВЫТАПТЫВАТЬ	140829-V	СБИТЬСЯ (ПОВРЕДИТЬСЯ)
ВЫТАПТЫВАТЬ	116360-V	ИЗНОСИТЬСЯ ОТ УПОТРЕБЛЕНИЯ
ВЫТАПТЫВАТЬ	129004-V	ИСКРИВИТЬ (ИЗОГНУТЬ)
ВЫТАПТЫВАТЬ	120791-V	ДАВИТЬ, ЗАДАВИТЬ
ВЫТАПТЫВАТЬ	111369-V	ПОРТИТЬ, ДЕЛАТЬ ПЛОХИМ
ВЫЧЕРПЫВАТЬ	110916-V	ИЗВЛЕЧЬ, ДОСТАТЬ
ВЫЧЕРПЫВАТЬ	110910-V	ВЫНУТЬ
ВЫЧЕРПЫВАТЬ	115594-V	БРАТЬ РУКОЙ, ЗУБАМИ, ОРУДИЕМ
ВЫЧЕРПЫВАТЬ	110908-V	УДАЛИТЬ НАРУЖУ
ВЫЧЕРПЫВАТЬ	150231-V	ВЫБРОСИТЬ ИЗ СЕБЯ
ВЫЧЕРПЫВАТЬ	154208-V	ВЫНЕСТИ СТИХИЕЙ
ВЫЧЕРПЫВАТЬ	118403-V	УСВОИТЬ (СДЕЛАТЬ ПРИВЫЧНЫМ ДЛЯ СЕБЯ)
ВЫЧЕРПЫВАТЬ	116296-V	ВЗЯТЬ В СВОЕ РАСПОРЯЖЕНИЕ
ВЫЧЕРПЫВАТЬ	112044-V	ПОДРАЖАТЬ
ВЫЧЕРПЫВАТЬ	110752-V	ОПОРОЖНИТЬ
ВЯЛИТЬ	109109-V	ПРИГОТОВЛЕНИЕ ПИЩИ
ВЯЛИТЬ	111101-V	НАГРЕТЬСЯ
ВЯЛИТЬ	111554-V	ЗАПАСТИ, ЗАГОТОВИТЬ
ВЯЛИТЬ	106534-V	ОБРАБАТЫВАТЬ, ПОДВЕРГАТЬ ОБРАБОТКЕ
ВЯЛИТЬ	106629-V	ИЗМЕНИТЬСЯ, ИЗМЕНЕНИЕ
ВЯЛИТЬ	111540-V	КЛАСТЬ ВНУТРЬ
ВЯЛИТЬ	111658-V	ПОСЫПАТЬ (ПОКРЫТЬ СЫПУЧИМ)
ВЯЛИТЬ	107325-V	ПОКРЫТЬ ПОВЕРХНОСТЬ
ВЯЛИТЬ	5731-V	КОНСЕРВИРОВАНИЕ ПИЩЕВЫХ ПРОДУКТОВ
ВЯЛИТЬ	116549-V	КОПИТЬ, НАКАПЛИВАТЬ
ГАТИТЬ	106501-V	ЗАНЯТИЕ, ДЕЯТЕЛЬНОСТЬ
ГАТИТЬ	106493-V	СОЗДАТЬ (СДЕЛАТЬ СУЩЕСТВУЮЩИМ)
ГАТИТЬ	115672-V	ДОСТАВИТЬ К МЕСТУ НАЗНАЧЕНИЯ
ГАТИТЬ	115674-V	ПРИВЕЗТИ
ГАТИТЬ	107008-V	ПОСЛАТЬ, ОТПРАВИТЬ ДЛЯ ДОСТАВКИ
ГАТИТЬ	106819-V	СОКРАТИТЬ, УМЕНЬШИТЬ В КОЛИЧЕСТВЕ
ГАТИТЬ	107417-V	ОТДЕЛИТЬ ЧАСТЬ ОТ ЦЕЛОГО
ГАТИТЬ	116051-V	ОТБАВИТЬ
ГАТИТЬ	111998-V	СНЯТЬ (ОТДЕЛИТЬ, ДОСТАТЬ)
ГАТИТЬ	106710-V	ОПРЕДЕЛИТЬ, ВЫЯСНИТЬ
ГИПЕРТРОФИРОВАТЬ	141697-V	ПРЕДСТАВИТЬ В ВИДЕ
ГИПЕРТРОФИРОВАТЬ	116390-V	ИСКАЗИТЬ, ПРЕДСТАВИТЬ В ЛОЖНОМ СВЕТЕ
ГИПЕРТРОФИРОВАТЬ	106629-V	ИЗМЕНИТЬСЯ, ИЗМЕНЕНИЕ
ГИПЕРТРОФИРОВАТЬ	118698-V	ДЕЙСТВИЕ, ЦЕЛЕНАПРАВЛЕННОЕ ДЕЙСТВИЕ
ГИПЕРТРОФИРОВАТЬ	106710-V	ОПРЕДЕЛИТЬ, ВЫЯСНИТЬ
ГИПЕРТРОФИРОВАТЬ	106633-V	УХУДШЕНИЕ
ГИПЕРТРОФИРОВАТЬ	116789-V	СРАВНЯТЬ (СДЕЛАТЬ РАВНЫМ)
ГИПЕРТРОФИРОВАТЬ	5390-V	ХИРУРГИЧЕСКАЯ ОПЕРАЦИЯ
ГИПЕРТРОФИРОВАТЬ	116115-V	ПРЕУВЕЛИЧИТЬ
ГИПЕРТРОФИРОВАТЬ	110242-V	ПОВЕДЕНИЕ
ГРУБЕТЬ	106629-V	ИЗМЕНИТЬСЯ, ИЗМЕНЕНИЕ
ГРУБЕТЬ	110416-V	ИЗМЕНЯТЬСЯ В ЦВЕТЕ
ГРУБЕТЬ	111109-V	ТВЕРДЕТЬ, ЗАТВЕРДЕТЬ
ГРУБЕТЬ	118530-V	ЗАМЕРЕТЬ, ЗАСТЫТЬ
ГРУБЕТЬ	130825-V	НЕМЕТЬ, ЗАНЕМЕТЬ
ГРУБЕТЬ	106639-V	УВЕЛИЧИТЬСЯ
ГРУБЕТЬ	106633-V	УХУДШЕНИЕ
ГРУБЕТЬ	118992-V	ХУДЕТЬ, ПОХУДЕТЬ
ГРУБЕТЬ	119625-V	СЛАБЕТЬ, ТЕРЯТЬ СИЛУ
ГРУБЕТЬ	116388-V	УТРАТИТЬ
ДИРЕКТОРСТВОВАТЬ	106607-V	УПРАВЛЯТЬ, РУКОВОДИТЬ
ДИРЕКТОРСТВОВАТЬ	106501-V	ЗАНЯТИЕ, ДЕЯТЕЛЬНОСТЬ
ДИРЕКТОРСТВОВАТЬ	145757-V	НАПРАВИТЬ ДЕЯТЕЛЬНОСТЬ
ДИРЕКТОРСТВОВАТЬ	840-V	ТРУД
ДИРЕКТОРСТВОВАТЬ	148420-V	ОТНОШЕНИЯ МЕЖДУ ЛЮДЬМИ
ДИРЕКТОРСТВОВАТЬ	106684-V	ИЗУЧИТЬ, ПОСТИЧЬ УЧЕНИЕМ
ДИРЕКТОРСТВОВАТЬ	106506-V	СЛУЖБА, ЗАНЯТИЕ (ИСТОЧНИК ЗАРАБОТКА)
ДИРЕКТОРСТВОВАТЬ	121284-V	ОТЧИСЛИТЬ (ИСКЛЮЧИТЬ, УВОЛИТЬ)
ДИРЕКТОРСТВОВАТЬ	117914-V	ОСВОБОДИТЬСЯ ОТ ОБЯЗАННОСТИ
ДИРЕКТОРСТВОВАТЬ	145935-V	УЙТИ (ПЕРЕСТАТЬ ЗАНИМАТЬСЯ)
ДОКИНУТЬ	106938-V	ПЕРЕМЕСТИТЬ
ДОКИНУТЬ	111022-V	БРОСИТЬ (ПЕРЕМЕСТИТЬ)
ДОКИНУТЬ	145755-V	НАПРАВИТЬ (ПРИДАТЬ, УКАЗАТЬ НАПРАВЛЕНИЕ)
ДОКИНУТЬ	114501-V	НАПРАВИТЬ, УСТРЕМИТЬ
ДОКИНУТЬ	108821-V	ПОДНЯТЬ, ПЕРЕМЕСТИТЬ ВВЕРХ
ДОКИНУТЬ	112550-V	ПОКИНУТЬ МЕСТО
ДОКИНУТЬ	107325-V	ПОКРЫТЬ ПОВЕРХНОСТЬ
ДОКИНУТЬ	106903-V	СМОТРЕТЬ, НАПРАВЛЯТЬ ВЗГЛЯД
ДОКИНУТЬ	116816-V	ОБРАТИТЬСЯ СО СЛОВАМИ
ДОКИНУТЬ	106817-V	ПРИНУДИТЬ, ЗАСТАВИТЬ
ДОРАБОТАТЬСЯ	106501-V	ЗАНЯТИЕ, ДЕЯТЕЛЬНОСТЬ
ДОРАБОТАТЬСЯ	106534-V	ОБРАБАТЫВАТЬ, ПОДВЕРГАТЬ ОБРАБОТКЕ
ДОРАБОТАТЬСЯ	114999-V	ДОДЕЛАТЬ (ЗАКОНЧИТЬ РАБОТУ)
ДОРАБОТАТЬСЯ	840-V	ТРУД
ДОРАБОТАТЬСЯ	107599-V	ПРОДОЛЖАТЬ
ДОРАБОТАТЬСЯ	106631-V	ИЗМЕНИТЬ, СДЕЛАТЬ ИНЫМ
ДОРАБОТАТЬСЯ	117035-V	ПРИГОТОВИТЬ, СДЕЛАТЬ ГОДНЫМ
ДОРАБОТАТЬСЯ	112145-V	КОНЧИТЬ, ЗАВЕРШИТЬ ДО КОНЦА
ДОРАБОТАТЬСЯ	106503-V	РАБОТА, ФУНКЦИОНИРОВАНИЕ
ДОРАБОТАТЬСЯ	117320-V	УТОМИТЬСЯ, УСТАТЬ
ДОТЕЧЬ	115522-V	ДОБРАТЬСЯ ДО МЕСТА
ДОТЕЧЬ	115672-V	ДОСТАВИТЬ К МЕСТУ НАЗНАЧЕНИЯ
ДОТЕЧЬ	125768-V	ТАЩИТЬ ТЯЖЕЛОЕ
ДОТЕЧЬ	106629-V	ИЗМЕНИТЬСЯ, ИЗМЕНЕНИЕ
ДОТЕЧЬ	106938-V	ПЕРЕМЕСТИТЬ
ДОТЕЧЬ	115389-V	НЕСТИ С СОБОЙ
ДОТЕЧЬ	106493-V	СОЗДАТЬ (СДЕЛАТЬ СУЩЕСТВУЮЩИМ)
ДОТЕЧЬ	116659-V	ВЛИТЬСЯ ВНУТРЬ
ДОТЕЧЬ	106473-V	ОБУСЛАВЛИВАТЬ, СПОСОБСТВОВАТЬ
ДОТЕЧЬ	114637-V	МОЧИТЬ, НАМОЧИТЬ
ДРЯХЛЕТЬ	106629-V	ИЗМЕНИТЬСЯ, ИЗМЕНЕНИЕ
ДРЯХЛЕТЬ	119625-V	СЛАБЕТЬ, ТЕРЯТЬ СИЛУ
ДРЯХЛЕТЬ	120955-V	ИЗМЕНЕНИЕ СОСТОЯНИЯ
ДРЯХЛЕТЬ	155114-V	РАСПРОСТРАНЕНИЕ В ОБЩЕСТВЕ
ДРЯХЛЕТЬ	133542-V	ОХВАТИТЬ (ВКЛЮЧИТЬ, ВВЕСТИ В КРУГ)
ДРЯХЛЕТЬ	120602-V	ВЫЙТИ ИЗ СОСТОЯНИЯ
ДРЯХЛЕТЬ	106633-V	УХУДШЕНИЕ
ДРЯХЛЕТЬ	135622-V	ХИЛЕТЬ, ХИРЕТЬ
ДРЯХЛЕТЬ	118993-V	ИСХУДАТЬ
ДРЯХЛЕТЬ	118082-V	СТАРЕТЬ, СТАРИТЬСЯ
ЗАВЕШАТЬ	113352-V	ВЕШАТЬ (ПОМЕСТИТЬ)
ЗАВЕШАТЬ	111572-V	ЗАКРЫТЬ ОТВЕРСТИЕ, ПРОХОД
ЗАВЕШАТЬ	106698-V	ПОМЕСТИТЬ, НАЙТИ МЕСТО
ЗАВЕШАТЬ	108830-V	НАКРЫТЬ, ПОКРЫТЬ СВЕРХУ
ЗАВЕШАТЬ	118698-V	ДЕЙСТВИЕ, ЦЕЛЕНАПРАВЛЕННОЕ ДЕЙСТВИЕ
ЗАВЕШАТЬ	131069-V	ЗАВЕСИТЬ (ЗАКРЫТЬ)
ЗАВЕШАТЬ	114571-V	ЗАДВИНУТЬ (ЗАКРЫТЬ (ШТОРУ, ДВЕРЦУ)
ЗАВЕШАТЬ	3649-V	ИЗМЕРЕНИЕ
ЗАВЕШАТЬ	107325-V	ПОКРЫТЬ ПОВЕРХНОСТЬ
ЗАВЕШАТЬ	107410-V	ДЕЛИТЬ, РАЗДЕЛЯТЬ НА ЧАСТИ
ЗАГОВОРИТЬСЯ	107094-V	ПРОИЗНЕСТИ, ВЫГОВОРИТЬ, ПРОГОВОРИТЬ
ЗАГОВОРИТЬСЯ	106876-V	ВЫСКАЗАТЬ
ЗАГОВОРИТЬСЯ	107441-V	НАЧАТЬ, ПРИСТУПИТЬ, ПРИНЯТЬСЯ
ЗАГОВОРИТЬСЯ	118698-V	ДЕЙСТВИЕ, ЦЕЛЕНАПРАВЛЕННОЕ ДЕЙСТВИЕ
ЗАГОВОРИТЬСЯ	120087-V	РАСКРЫТИЕ ИНФОРМАЦИИ
ЗАГОВОРИТЬСЯ	119978-V	ЗАВЯЗАТЬ ОТНОШЕНИЯ
ЗАГОВОРИТЬСЯ	116921-V	ПЕРЕЖИТЬ, ИСПЫТАТЬ
ЗАГОВОРИТЬСЯ	106648-V	ОБЩЕНИЕ, СВЯЗЬ
ЗАГОВОРИТЬСЯ	115751-V	ОШИБИТЬСЯ
ЗАГОВОРИТЬСЯ	106895-V	ОБЪЯСНИТЬ, РАЗЪЯСНИТЬ
ЗАДАРИТЬ	144578-V	БЕЗВОЗМЕЗДНАЯ ПЕРЕДАЧА
ЗАДАРИТЬ	149898-V	ВЫЗВАТЬ МЫСЛЬ, ЧУВСТВО
ЗАДАРИТЬ	107140-V	ЛЬСТИТЬ, ХВАЛИТЬ ИЗ ЛЕСТИ
ЗАДАРИТЬ	115441-V	РАСПОЛОЖИТЬ В СВОЮ ПОЛЬЗУ
ЗАДАРИТЬ	106535-V	СКЛОНИТЬ, ПОБУДИТЬ
ЗАДАРИТЬ	116746-V	СООБЩИТЬ СВОЙСТВО
ЗАДАРИТЬ	106935-V	ДАТЬ, ВРУЧИТЬ
ЗАДАРИТЬ	150861-V	ПЕРЕДАЧА ИМУЩЕСТВЕННЫХ ПРАВ
ЗАДАРИТЬ	106811-V	ОТДАТЬ, ДАТЬ, ПРЕДОСТАВИТЬ
ЗАДАРИТЬ	116751-V	ПРИУКРАСИТЬ, ВЫГОДНО ПРЕДСТАВИТЬ
ЗАЛИЗАТЬ	107011-V	ЧИСТИТЬ, УДАЛЯТЬ ГРЯЗЬ
ЗАЛИЗАТЬ	107010-V	МЫТЬ ОТ ГРЯЗИ
ЗАЛИЗАТЬ	111865-V	ПРОВЕСТИ ПО ПОВЕРХНОСТИ
ЗАЛИЗАТЬ	107325-V	ПОКРЫТЬ ПОВЕРХНОСТЬ
ЗАЛИЗАТЬ	111903-V	УБРАТЬ, СДЕЛАТЬ УБОРКУ
ЗАЛИЗАТЬ	123435-V	СТАРАТЬСЯ, ДЕЛАТЬ СО СТАРАНИЕМ
ЗАЛИЗАТЬ	110719-V	ЛИТЬ ЖИДКОСТЬ
ЗАЛИЗАТЬ	107013-V	ГРЯЗНИТЬ, ПАЧКАТЬ
ЗАЛИЗАТЬ	106938-V	ПЕРЕМЕСТИТЬ
ЗАЛИЗАТЬ	108870-V	УДАЛИТЬ, ОТДАЛИТЬ НА РАССТОЯНИЕ
ЗАМАЛИВАТЬ	117384-V	СОЖАЛЕТЬ О ПРОШЛОМ
ЗАМАЛИВАТЬ	115963-V	КАЯТЬСЯ (ПРИЗНАТЬСЯ)
ЗАМАЛИВАТЬ	106535-V	СКЛОНИТЬ, ПОБУДИТЬ
ЗАМАЛИВАТЬ	107345-V	МОЛИТЬ
ЗАМАЛИВАТЬ	116735-V	ВЫПРОСИТЬ
ЗАМАЛИВАТЬ	117141-V	ГРУСТИТЬ
ЗАМАЛИВАТЬ	106504-V	ПОСТУПОК ЧЕЛОВЕКА
ЗАМАЛИВАТЬ	106701-V	ДОСТИЧЬ, ДОБИТЬСЯ
ЗАМАЛИВАТЬ	120154-V	ПРИЗНАТЬ СВОЮ ВИНУ
ЗАМАЛИВАТЬ	107344-V	ПРОСИТЬ, ОБРАЩАТЬСЯ С ПРОСЬБОЙ
ЗАМОЛИТЬ	107344-V	ПРОСИТЬ, ОБРАЩАТЬСЯ С ПРОСЬБОЙ
ЗАМОЛИТЬ	106535-V	СКЛОНИТЬ, ПОБУДИТЬ
ЗАМОЛИТЬ	107345-V	МОЛИТЬ
ЗАМОЛИТЬ	116735-V	ВЫПРОСИТЬ
ЗАМОЛИТЬ	106876-V	ВЫСКАЗАТЬ
ЗАМОЛИТЬ	106701-V	ДОСТИЧЬ, ДОБИТЬСЯ
ЗАМОЛИТЬ	111611-V	ВЛИЯТЬ, ВОЗДЕЙСТВОВАТЬ
ЗАМОЛИТЬ	107094-V	ПРОИЗНЕСТИ, ВЫГОВОРИТЬ, ПРОГОВОРИТЬ
ЗАМОЛИТЬ	116816-V	ОБРАТИТЬСЯ СО СЛОВАМИ
ЗАМОЛИТЬ	147141-V	ПРИНЯТЬ ВЕРУ
ЗАПРОКИДЫВАТЬ	119796-V	ОТКЛОНИТЬСЯ, СМЕСТИТЬСЯ В СТОРОНУ
ЗАПРОКИДЫВАТЬ	106938-V	ПЕРЕМЕСТИТЬ
ЗАПРОКИДЫВАТЬ	108821-V	ПОДНЯТЬ, ПЕРЕМЕСТИТЬ ВВЕРХ
ЗАПРОКИДЫВАТЬ	111040-V	ПЕРЕВЕРНУТЬСЯ (ПОВЕРНУТЬСЯ)
ЗАПРОКИДЫВАТЬ	118072-V	СДВИНУТЬСЯ С МЕСТА
ЗАПРОКИДЫВАТЬ	111031-V	ВАЛИТЬСЯ
ЗАПРОКИДЫВАТЬ	106587-V	ДВИЖЕНИЕ, ПЕРЕМЕЩЕНИЕ
ЗАПРОКИДЫВАТЬ	111038-V	ПОВЕРНУТЬСЯ (ИЗМЕНИТЬ ПОЛОЖЕНИЕ)
ЗАПРОКИДЫВАТЬ	111022-V	БРОСИТЬ (ПЕРЕМЕСТИТЬ)
ЗАПРОКИДЫВАТЬ	111030-V	ВАЛИТЬ (ЗАСТАВЛЯТЬ ПАДАТЬ)
ЗАРАБОТАТЬСЯ	148420-V	ОТНОШЕНИЯ МЕЖДУ ЛЮДЬМИ
ЗАРАБОТАТЬСЯ	106501-V	ЗАНЯТИЕ, ДЕЯТЕЛЬНОСТЬ
ЗАРАБОТАТЬСЯ	840-V	ТРУД
ЗАРАБОТАТЬСЯ	116538-V	ЗАРАБОТАТЬ (ПРИОБРЕСТИ РАБОТОЙ, ТРУДОМ)
ЗАРАБОТАТЬСЯ	113796-V	ПРИОБРЕСТИ, СТАТЬ ВЛАДЕЛЬЦЕМ
ЗАРАБОТАТЬСЯ	144027-V	СОВМЕСТНАЯ ДЕЯТЕЛЬНОСТЬ
ЗАРАБОТАТЬСЯ	106534-V	ОБРАБАТЫВАТЬ, ПОДВЕРГАТЬ ОБРАБОТКЕ
ЗАРАБОТАТЬСЯ	114999-V	ДОДЕЛАТЬ (ЗАКОНЧИТЬ РАБОТУ)
ЗАРАБОТАТЬСЯ	147768-V	ФИНАНСОВЫЕ РАСЧЕТЫ
ЗАРАБОТАТЬСЯ	119132-V	НАПРЯЧЬСЯ, ПРИЛОЖИТЬ УСИЛИЕ
ЗАРЕШЕТИТЬ	111572-V	ЗАКРЫТЬ ОТВЕРСТИЕ, ПРОХОД
ЗАРЕШЕТИТЬ	106501-V	ЗАНЯТИЕ, ДЕЯТЕЛЬНОСТЬ
ЗАРЕШЕТИТЬ	118698-V	ДЕЙСТВИЕ, ЦЕЛЕНАПРАВЛЕННОЕ ДЕЙСТВИЕ
ЗАРЕШЕТИТЬ	116677-V	ЗАКЛЮЧИТЬ (ПОМЕСТИТЬ)
ЗАРЕШЕТИТЬ	106698-V	ПОМЕСТИТЬ, НАЙТИ МЕСТО
ЗАРЕШЕТИТЬ	111191-V	ВСТАВИТЬ ВНУТРЬ
ЗАРЕШЕТИТЬ	107325-V	ПОКРЫТЬ ПОВЕРХНОСТЬ
ЗАРЕШЕТИТЬ	115969-V	ОТКРЫТЬ ОТВЕРСТИЕ, ПРОХОД
ЗАРЕШЕТИТЬ	111568-V	ЗАДЕЛАТЬ ОТВЕРСТИЕ
ЗАРЕШЕТИТЬ	106646-V	ОТНОШЕНИЕ МЕЖДУ СУЩНОСТЯМИ
ЗАСТУДИТЬ	110474-V	ВЫЗВАТЬ, ПОРОДИТЬ
ЗАСТУДИТЬ	111615-V	ЗАБОЛЕТЬ БОЛЕЗНЬЮ
ЗАСТУДИТЬ	106473-V	ОБУСЛАВЛИВАТЬ, СПОСОБСТВОВАТЬ
ЗАСТУДИТЬ	116929-V	СТРАДАТЬ, ИСПЫТЫВАТЬ СТРАДАНИЯ
ЗАСТУДИТЬ	120956-V	ВПАСТЬ В СОСТОЯНИЕ
ЗАСТУДИТЬ	116921-V	ПЕРЕЖИТЬ, ИСПЫТАТЬ
ЗАСТУДИТЬ	106638-V	УМЕНЬШИТЬ
ЗАСТУДИТЬ	111942-V	УМЕРИТЬ
ЗАСТУДИТЬ	111979-V	ПОРТИТЬСЯ (УХУДШАТЬСЯ)
ЗАСТУДИТЬ	111614-V	БОЛЕТЬ, БЫТЬ БОЛЬНЫМ
ЗАЧИТАТЬСЯ	114267-V	ЧТЕНИЕ ТЕКСТА
ЗАЧИТАТЬСЯ	106915-V	ОЩУЩАТЬ, ВОСПРИНИМАТЬ
ЗАЧИТАТЬСЯ	107094-V	ПРОИЗНЕСТИ, ВЫГОВОРИТЬ, ПРОГОВОРИТЬ
ЗАЧИТАТЬСЯ	106886-V	ИЗЛОЖИТЬ
ЗАЧИТАТЬСЯ	110440-V	ИСПОЛНИТЬ (ВОСПРОИЗВЕСТИ)
ЗАЧИТАТЬСЯ	106876-V	ВЫСКАЗАТЬ
ЗАЧИТАТЬСЯ	110447-V	ВОСПРОИЗВЕСТИ (ВОССОЗДАТЬ, ПОВТОРИТЬ В КОПИИ)
ЗАЧИТАТЬСЯ	116921-V	ПЕРЕЖИТЬ, ИСПЫТАТЬ
ЗАЧИТАТЬСЯ	106542-V	СООБЩИТЬ, УВЕДОМИТЬ
ЗАЧИТАТЬСЯ	117028-V	ДОГАДАТЬСЯ
ЗЛОБСТВОВАТЬ	116921-V	ПЕРЕЖИТЬ, ИСПЫТАТЬ
ЗЛОБСТВОВАТЬ	111260-V	ПЛОХОЙ ПОСТУПОК
ЗЛОБСТВОВАТЬ	148420-V	ОТНОШЕНИЯ МЕЖДУ ЛЮДЬМИ
ЗЛОБСТВОВАТЬ	106504-V	ПОСТУПОК ЧЕЛОВЕКА
ЗЛОБСТВОВАТЬ	115208-V	ОСКОРБИТЬ
ЗЛОБСТВОВАТЬ	107094-V	ПРОИЗНЕСТИ, ВЫГОВОРИТЬ, ПРОГОВОРИТЬ
ЗЛОБСТВОВАТЬ	116283-V	ИЗДЕВАТЬСЯ
ЗЛОБСТВОВАТЬ	106478-V	ПРОИЗОЙТИ, СЛУЧИТЬСЯ
ЗЛОБСТВОВАТЬ	119699-V	ПРОЯВЛЕНИЕ СВОЙСТВ, СОСТОЯНИЙ
ЗЛОБСТВОВАТЬ	117673-V	СЕРДИТЬСЯ
ИЗВЕДАТЬ	116921-V	ПЕРЕЖИТЬ, ИСПЫТАТЬ
ИЗВЕДАТЬ	150230-V	ПРЕБЫВАТЬ В СОСТОЯНИИ
ИЗВЕДАТЬ	106646-V	ОТНОШЕНИЕ МЕЖДУ СУЩНОСТЯМИ
ИЗВЕДАТЬ	106709-V	УЗНАТЬ, ПОЛУЧИТЬ СВЕДЕНИЯ
ИЗВЕДАТЬ	106678-V	ПОНЯТЬ
ИЗВЕДАТЬ	106467-V	МЫСЛИТЕЛЬНЫЙ ПРОЦЕСС
ИЗВЕДАТЬ	116303-V	ПОЛУЧИТЬ В РАСПОРЯЖЕНИЕ
ИЗВЕДАТЬ	118698-V	ДЕЙСТВИЕ, ЦЕЛЕНАПРАВЛЕННОЕ ДЕЙСТВИЕ
ИЗВЕДАТЬ	116684-V	НРАВИТЬСЯ
ИЗВЕДАТЬ	116929-V	СТРАДАТЬ, ИСПЫТЫВАТЬ СТРАДАНИЯ
ИНКОРПОРИРОВАТЬ	106501-V	ЗАНЯТИЕ, ДЕЯТЕЛЬНОСТЬ
ИНКОРПОРИРОВАТЬ	107533-V	ОБЪЕДИНИТЬ В ЕДИНОЕ ЦЕЛОЕ
ИНКОРПОРИРОВАТЬ	138362-V	УПОРЯДОЧИТЬ (ПРИВЕСТИ В ПОРЯДОК)
ИНКОРПОРИРОВАТЬ	118698-V	ДЕЙСТВИЕ, ЦЕЛЕНАПРАВЛЕННОЕ ДЕЙСТВИЕ
ИНКОРПОРИРОВАТЬ	106631-V	ИЗМЕНИТЬ, СДЕЛАТЬ ИНЫМ
ИНКОРПОРИРОВАТЬ	106557-V	СОЕДИНИТЬ В ОДНО ЦЕЛОЕ
ИНКОРПОРИРОВАТЬ	131954-V	БОРОТЬСЯ С СОПЕРНИКОМ
ИНКОРПОРИРОВАТЬ	111902-V	НАВОДИТЬ ПОРЯДОК
ИНКОРПОРИРОВАТЬ	148420-V	ОТНОШЕНИЯ МЕЖДУ ЛЮДЬМИ
ИНКОРПОРИРОВАТЬ	112078-V	СОСТАВИТЬ (СОБРАВ СОЕДИНИТЬ)
ИСПОЛОСОВАТЬ	107410-V	ДЕЛИТЬ, РАЗДЕЛЯТЬ НА ЧАСТИ
ИСПОЛОСОВАТЬ	111853-V	ПРОДЕЛАТЬ ОТВЕРСТИЕ
ИСПОЛОСОВАТЬ	107412-V	РЕЗАТЬ, ПОРЕЗАТЬ
ИСПОЛОСОВАТЬ	106493-V	СОЗДАТЬ (СДЕЛАТЬ СУЩЕСТВУЮЩИМ)
ИСПОЛОСОВАТЬ	126314-V	ПЕРЕСЕЧЬ (ПРОЙТИ ПО ПОВЕРХНОСТИ ОТ ОДНОГО КРАЯ К ДРУГОМУ)
ИСПОЛОСОВАТЬ	111690-V	ЧЛЕНИТЬ
ИСПОЛОСОВАТЬ	129756-V	ПРОКЛАДКА ЛИНИИ, КОММУНИКАЦИЙ
ИСПОЛОСОВАТЬ	2292-V	РАНЕНИЕ, НАНЕСЕНИЕ РАНЫ
ИСПОЛОСОВАТЬ	120595-V	ПРОЛЕГАТЬ, ПРОХОДИТЬ
ИСПОЛОСОВАТЬ	107409-V	РАЗЪЕДИНИТЬ, ПРЕРВАТЬ СОЕДИНЕНИЕ
ИСЦАРАПАТЬ	111865-V	ПРОВЕСТИ ПО ПОВЕРХНОСТИ
ИСЦАРАПАТЬ	111369-V	ПОРТИТЬ, ДЕЛАТЬ ПЛОХИМ
ИСЦАРАПАТЬ	111963-V	КАСАТЬСЯ, ДОТРАГИВАТЬСЯ
ИСЦАРАПАТЬ	106938-V	ПЕРЕМЕСТИТЬ
ИСЦАРАПАТЬ	107013-V	ГРЯЗНИТЬ, ПАЧКАТЬ
ИСЦАРАПАТЬ	107002-V	ИЗОБРАЗИТЬ (ВОСПРОИЗВЕСТИ)
ИСЦАРАПАТЬ	111916-V	ЧЕРТИТЬ, ПРОВОДИТЬ ЧЕРТУ
ИСЦАРАПАТЬ	111370-V	ПОВРЕДИТЬ
ИСЦАРАПАТЬ	106634-V	УХУДШИТЬ
ИСЦАРАПАТЬ	107416-V	РВАТЬ, РАЗОРВАТЬ НА ЧАСТИ
КАРКАТЬ	107093-V	ИЗДАТЬ ЗВУК
КАРКАТЬ	107094-V	ПРОИЗНЕСТИ, ВЫГОВОРИТЬ, ПРОГОВОРИТЬ
КАРКАТЬ	114103-V	ИЗДАВАТЬ, ИСПУСКАТЬ
КАРКАТЬ	115704-V	ПЕНИЕ ПТИЦЫ
КАРКАТЬ	106876-V	ВЫСКАЗАТЬ
КАРКАТЬ	107104-V	КРИЧАТЬ, ИЗДАВАТЬ КРИК
КАРКАТЬ	113841-V	ВОРЧАТЬ (БОРМОТАТЬ)
КАРКАТЬ	107252-V	ВЫТЬ
КАРКАТЬ	107366-V	ВИЗЖАТЬ
КАРКАТЬ	107196-V	ПЛАКАТЬ, ПРОЛИВАТЬ СЛЕЗЫ
КАТАЛОГИЗИРОВАТЬ	138362-V	УПОРЯДОЧИТЬ (ПРИВЕСТИ В ПОРЯДОК)
КАТАЛОГИЗИРОВАТЬ	111902-V	НАВОДИТЬ ПОРЯДОК
КАТАЛОГИЗИРОВАТЬ	106489-V	РЕГУЛИРОВАТЬ, УПОРЯДОЧИВАТЬ
КАТАЛОГИЗИРОВАТЬ	145152-V	ОБРАБОТКА ИНФОРМАЦИИ
КАТАЛОГИЗИРОВАТЬ	107129-V	СИСТЕМАТИЗИРОВАТЬ
КАТАЛОГИЗИРОВАТЬ	118456-V	ПОДРАЗДЕЛИТЬ
КАТАЛОГИЗИРОВАТЬ	106897-V	АНАЛИЗ (РАССМОТРЕНИЕ)
КАТАЛОГИЗИРОВАТЬ	106585-V	РАСПОЛОЖИТЬ, РАЗМЕСТИТЬ
КАТАЛОГИЗИРОВАТЬ	106898-V	РАССМОТРЕТЬ, РАЗОБРАТЬ
КАТАЛОГИЗИРОВАТЬ	112078-V	СОСТАВИТЬ (СОБРАВ СОЕДИНИТЬ)
КНЯЖИТЬ	123566-V	ПРАВИТЬ (РУКОВОДИТЬ)
КНЯЖИТЬ	106501-V	ЗАНЯТИЕ, ДЕЯТЕЛЬНОСТЬ
КНЯЖИТЬ	124799-V	ПОСВЯТИТЬ В ЗВАНИЕ, В САН
КНЯЖИТЬ	118698-V	ДЕЙСТВИЕ, ЦЕЛЕНАПРАВЛЕННОЕ ДЕЙСТВИЕ
КНЯЖИТЬ	148420-V	ОТНОШЕНИЯ МЕЖДУ ЛЮДЬМИ
КНЯЖИТЬ	129735-V	ВЕНЧАТЬ (ВОЗВОДИТЬ В ЗВАНИЕ)
КНЯЖИТЬ	118038-V	ПОДЧИНИТЬ СВОЕЙ ВЛАСТИ
КНЯЖИТЬ	106607-V	УПРАВЛЯТЬ, РУКОВОДИТЬ
КНЯЖИТЬ	110242-V	ПОВЕДЕНИЕ
КНЯЖИТЬ	106947-V	СУЩЕСТВОВАТЬ, БЫТЬ, ИМЕТЬСЯ
КОМПОСТИРОВАТЬ	106501-V	ЗАНЯТИЕ, ДЕЯТЕЛЬНОСТЬ
КОМПОСТИРОВАТЬ	5390-V	ХИРУРГИЧЕСКАЯ ОПЕРАЦИЯ
КОМПОСТИРОВАТЬ	123844-V	ПЕРЕСАДКА ТКАНИ, ОРГАНА
КОМПОСТИРОВАТЬ	112070-V	РАЗОБРАТЬ (НАВЕСТИ ПОРЯДОК)
КОМПОСТИРОВАТЬ	111592-V	РАСПРЕДЕЛИТЬ ПО ДОЛЯМ
КОМПОСТИРОВАТЬ	106710-V	ОПРЕДЕЛИТЬ, ВЫЯСНИТЬ
КОМПОСТИРОВАТЬ	106534-V	ОБРАБАТЫВАТЬ, ПОДВЕРГАТЬ ОБРАБОТКЕ
КОМПОСТИРОВАТЬ	115773-V	ВЫРЕЗАТЬ (ВЫНУТЬ)
КОМПОСТИРОВАТЬ	123845-V	ПРИЖИВИТЬ (СРАСТИТЬ)
КОМПОСТИРОВАТЬ	1221-V	ПРОИЗВОДСТВО ПРОДУКЦИИ
КООПЕРИРОВАТЬСЯ	107614-V	СОТРУДНИЧЕСТВО
КООПЕРИРОВАТЬСЯ	144027-V	СОВМЕСТНАЯ ДЕЯТЕЛЬНОСТЬ
КООПЕРИРОВАТЬСЯ	123479-V	ВЗАИМОДЕЙСТВИЕ (ВЗАИМНАЯ ПОДДЕРЖКА)
КООПЕРИРОВАТЬСЯ	106856-V	УЧАСТИЕ, УЧАСТВОВАТЬ
КООПЕРИРОВАТЬСЯ	106493-V	СОЗДАТЬ (СДЕЛАТЬ СУЩЕСТВУЮЩИМ)
КООПЕРИРОВАТЬСЯ	111484-V	СОЕДИНИТЬСЯ В ОДНО ЦЕЛОЕ
КООПЕРИРОВАТЬСЯ	106501-V	ЗАНЯТИЕ, ДЕЯТЕЛЬНОСТЬ
КООПЕРИРОВАТЬСЯ	106618-V	РАЗМЕСТИТЬСЯ
КООПЕРИРОВАТЬСЯ	111485-V	ОБЪЕДИНИТЬСЯ (СОЕДИНИТЬСЯ)
КООПЕРИРОВАТЬСЯ	106473-V	ОБУСЛАВЛИВАТЬ, СПОСОБСТВОВАТЬ
КРИВИТЬ	107180-V	ЛГАТЬ, ГОВОРИТЬ НЕПРАВДУ
КРИВИТЬ	126522-V	ГРИМАСНИЧАТЬ, ДЕЛАТЬ ГРИМАСЫ
КРИВИТЬ	117094-V	ШЕВЕЛИТЬ ЧАСТЬЮ ТЕЛА
КРИВИТЬ	113119-V	ОБМАНУТЬ, ВВЕСТИ В ЗАБЛУЖДЕНИЕ
КРИВИТЬ	106876-V	ВЫСКАЗАТЬ
КРИВИТЬ	111260-V	ПЛОХОЙ ПОСТУПОК
КРИВИТЬ	116367-V	ДЕФОРМИРОВАТЬ
КРИВИТЬ	111050-V	ГНУТЬ, ИЗОГНУТЬ
КРИВИТЬ	106631-V	ИЗМЕНИТЬ, СДЕЛАТЬ ИНЫМ
КРИВИТЬ	111086-V	ГНУТЬСЯ, СОГНУТЬСЯ
КРОНИРОВАТЬ	118698-V	ДЕЙСТВИЕ, ЦЕЛЕНАПРАВЛЕННОЕ ДЕЙСТВИЕ
КРОНИРОВАТЬ	112275-V	ПРОВЕТРИВАНИЕ ПОМЕЩЕНИЯ
КРОНИРОВАТЬ	150985-V	СМЕНА ВЛАДЕЛЬЦА
КРОНИРОВАТЬ	148420-V	ОТНОШЕНИЯ МЕЖДУ ЛЮДЬМИ
КРОНИРОВАТЬ	140492-V	ЗАЩИТА ОТ ВОЗДЕЙСТВИЯ
КРОНИРОВАТЬ	115880-V	ВЫДЕЛИТЬ, ОТЛИЧИТЬ ОТ ОСТАЛЬНЫХ
КРОНИРОВАТЬ	114501-V	НАПРАВИТЬ, УСТРЕМИТЬ
КРОНИРОВАТЬ	110751-V	НАПОЛНИТЬ
КРОНИРОВАТЬ	110437-V	СОХРАНИТЬ, СБЕРЕЧЬ
КРОНИРОВАТЬ	126259-V	СМЕНИТЬ (ЗАМЕНИТЬ СОБОЙ)
КУДАХТАТЬ	107093-V	ИЗДАТЬ ЗВУК
КУДАХТАТЬ	107094-V	ПРОИЗНЕСТИ, ВЫГОВОРИТЬ, ПРОГОВОРИТЬ
КУДАХТАТЬ	114103-V	ИЗДАВАТЬ, ИСПУСКАТЬ
КУДАХТАТЬ	106876-V	ВЫСКАЗАТЬ
КУДАХТАТЬ	115704-V	ПЕНИЕ ПТИЦЫ
КУДАХТАТЬ	107196-V	ПЛАКАТЬ, ПРОЛИВАТЬ СЛЕЗЫ
КУДАХТАТЬ	107104-V	КРИЧАТЬ, ИЗДАВАТЬ КРИК
КУДАХТАТЬ	107252-V	ВЫТЬ
КУДАХТАТЬ	107366-V	ВИЗЖАТЬ
КУДАХТАТЬ	114089-V	СМЕЯТЬСЯ (ИЗДАВАТЬ СМЕХ)
ЛАЙКНУТЬ	107093-V	ИЗДАТЬ ЗВУК
ЛАЙКНУТЬ	107404-V	УДАРИТЬ, НАНЕСТИ УДАР
ЛАЙКНУТЬ	108870-V	УДАЛИТЬ, ОТДАЛИТЬ НА РАССТОЯНИЕ
ЛАЙКНУТЬ	106938-V	ПЕРЕМЕСТИТЬ
ЛАЙКНУТЬ	115535-V	НАДАВИТЬ, НАЖАТЬ
ЛАЙКНУТЬ	111963-V	КАСАТЬСЯ, ДОТРАГИВАТЬСЯ
ЛАЙКНУТЬ	107011-V	ЧИСТИТЬ, УДАЛЯТЬ ГРЯЗЬ
ЛАЙКНУТЬ	111656-V	РОНЯТЬ (ДАТЬ УПАСТЬ)
ЛАЙКНУТЬ	114103-V	ИЗДАВАТЬ, ИСПУСКАТЬ
ЛАЙКНУТЬ	117094-V	ШЕВЕЛИТЬ ЧАСТЬЮ ТЕЛА
ЛЕГИРОВАТЬ	106501-V	ЗАНЯТИЕ, ДЕЯТЕЛЬНОСТЬ
ЛЕГИРОВАТЬ	111189-V	ВВЕСТИ ВНУТРЬ
ЛЕГИРОВАТЬ	135467-V	УПРОЧНИТЬ (СДЕЛАТЬ ПРОЧНЕЕ, КРЕПЧЕ)
ЛЕГИРОВАТЬ	106631-V	ИЗМЕНИТЬ, СДЕЛАТЬ ИНЫМ
ЛЕГИРОВАТЬ	106698-V	ПОМЕСТИТЬ, НАЙТИ МЕСТО
ЛЕГИРОВАТЬ	106950-V	ПРЕВРАТИТЬ (ПРИДАТЬ ИНОЙ ВИД, КАЧЕСТВО)
ЛЕГИРОВАТЬ	107533-V	ОБЪЕДИНИТЬ В ЕДИНОЕ ЦЕЛОЕ
ЛЕГИРОВАТЬ	4688-V	СТЕРИЛИЗАЦИЯ
ЛЕГИРОВАТЬ	106632-V	УЛУЧШИТЬ
ЛЕГИРОВАТЬ	112429-V	ПРОБИВАНИЕ ОТВЕРСТИЯ
ЛОСНИТЬСЯ	113780-V	ПОКРЫТЬСЯ НА ПОВЕРХНОСТИ
ЛОСНИТЬСЯ	106629-V	ИЗМЕНИТЬСЯ, ИЗМЕНЕНИЕ
ЛОСНИТЬСЯ	107013-V	ГРЯЗНИТЬ, ПАЧКАТЬ
ЛОСНИТЬСЯ	113005-V	СВЕТИТЬСЯ, ИЗЛУЧАТЬ СВЕТ
ЛОСНИТЬСЯ	107325-V	ПОКРЫТЬ ПОВЕРХНОСТЬ
ЛОСНИТЬСЯ	110780-V	ОБЛИТЬ (ОБДАТЬ)
ЛОСНИТЬСЯ	106639-V	УВЕЛИЧИТЬСЯ
ЛОСНИТЬСЯ	107324-V	МАЗАТЬ, НАМАЗАТЬ
ЛОСНИТЬСЯ	111369-V	ПОРТИТЬ, ДЕЛАТЬ ПЛОХИМ
ЛОСНИТЬСЯ	113004-V	ИЗЛУЧАТЬ, ИСПУСКАТЬ ЛУЧИ
ЛЬГОТИРОВАТЬ	106501-V	ЗАНЯТИЕ, ДЕЯТЕЛЬНОСТЬ
ЛЬГОТИРОВАТЬ	106472-V	ПОМОЩЬ, ПОДДЕРЖКА
ЛЬГОТИРОВАТЬ	115176-V	ЛИМИТИРОВАТЬ
ЛЬГОТИРОВАТЬ	112905-V	СОДЕЙСТВИЕ
ЛЬГОТИРОВАТЬ	118698-V	ДЕЙСТВИЕ, ЦЕЛЕНАПРАВЛЕННОЕ ДЕЙСТВИЕ
ЛЬГОТИРОВАТЬ	112280-V	ПЛАТИТЬ (ОТДАВАТЬ ДЕНЬГИ)
ЛЬГОТИРОВАТЬ	111943-V	ОГРАНИЧИТЬ
ЛЬГОТИРОВАТЬ	106811-V	ОТДАТЬ, ДАТЬ, ПРЕДОСТАВИТЬ
ЛЬГОТИРОВАТЬ	111985-V	ПОДПИСАТЬ, СТАВИТЬ ПОДПИСЬ
ЛЬГОТИРОВАТЬ	106878-V	ОДОБРИТЬ
ЛЯЗГАТЬ	107093-V	ИЗДАТЬ ЗВУК
ЛЯЗГАТЬ	114103-V	ИЗДАВАТЬ, ИСПУСКАТЬ
ЛЯЗГАТЬ	107402-V	СТУЧАТЬ, ПРОИЗВОДИТЬ СТУК
ЛЯЗГАТЬ	107404-V	УДАРИТЬ, НАНЕСТИ УДАР
ЛЯЗГАТЬ	107094-V	ПРОИЗНЕСТИ, ВЫГОВОРИТЬ, ПРОГОВОРИТЬ
ЛЯЗГАТЬ	111795-V	ЗВЕНЕТЬ
ЛЯЗГАТЬ	113024-V	ГРЕМЕТЬ, ГРОМЫХАТЬ
ЛЯЗГАТЬ	107106-V	ШУМЕТЬ, ИЗДАВАТЬ ШУМ
ЛЯЗГАТЬ	118140-V	БОЛТАТЬ, ЧЕСАТЬ ЯЗЫКОМ
ЛЯЗГАТЬ	106876-V	ВЫСКАЗАТЬ
МАНКИРОВАТЬ	117765-V	УКЛОНИТЬСЯ (ОТКАЗАТЬСЯ)
МАНКИРОВАТЬ	134385-V	УВИЛИВАТЬ, ОТЛЫНИВАТЬ
МАНКИРОВАТЬ	114073-V	БЕЗДЕЛЬНИЧАТЬ
МАНКИРОВАТЬ	139083-V	НЕДОСТОЙНОЕ ПОВЕДЕНИЕ
МАНКИРОВАТЬ	106497-V	ИСПОЛЬЗОВАТЬ, УПОТРЕБЛЯТЬ
МАНКИРОВАТЬ	117017-V	ОТКАЗАТЬСЯ, НЕ СОГЛАСИТЬСЯ
МАНКИРОВАТЬ	106882-V	ПРОТИВОДЕЙСТВОВАТЬ
МАНКИРОВАТЬ	151770-V	ПРЕДНАМЕРЕННО ВРЕДИТЬ
МАНКИРОВАТЬ	116390-V	ИСКАЗИТЬ, ПРЕДСТАВИТЬ В ЛОЖНОМ СВЕТЕ
МАНКИРОВАТЬ	117840-V	СПРЯТАТЬ, СКРЫТЬ
МИКШИРОВАТЬ	116876-V	ПОДРИСОВАТЬ, ПОДПРАВИТЬ РИСУНОК
МИКШИРОВАТЬ	111619-V	КОПИРОВАНИЕ, СНЯТИЕ КОПИИ
МИКШИРОВАТЬ	110447-V	ВОСПРОИЗВЕСТИ (ВОССОЗДАТЬ, ПОВТОРИТЬ В КОПИИ)
МИКШИРОВАТЬ	111361-V	ИСПРАВИТЬ НЕДОСТАТКИ, ОШИБКИ
МИКШИРОВАТЬ	110440-V	ИСПОЛНИТЬ (ВОСПРОИЗВЕСТИ)
МИКШИРОВАТЬ	106501-V	ЗАНЯТИЕ, ДЕЯТЕЛЬНОСТЬ
МИКШИРОВАТЬ	112564-V	ВЫСТУПИТЬ (ИСПОЛНИТЬ)
МИКШИРОВАТЬ	3513-V	КОНТРОЛЬ
МИКШИРОВАТЬ	106629-V	ИЗМЕНИТЬСЯ, ИЗМЕНЕНИЕ
МИКШИРОВАТЬ	118698-V	ДЕЙСТВИЕ, ЦЕЛЕНАПРАВЛЕННОЕ ДЕЙСТВИЕ
МОЛОДИТЬ	106629-V	ИЗМЕНИТЬСЯ, ИЗМЕНЕНИЕ
МОЛОДИТЬ	111769-V	ПРИДАВАТЬ ВИД
МОЛОДИТЬ	125641-V	ВВЕСТИ В СОСТАВ
МОЛОДИТЬ	115486-V	ВКЛЮЧИТЬ В СОСТАВ
МОЛОДИТЬ	155114-V	РАСПРОСТРАНЕНИЕ В ОБЩЕСТВЕ
МОЛОДИТЬ	133542-V	ОХВАТИТЬ (ВКЛЮЧИТЬ, ВВЕСТИ В КРУГ)
МОЛОДИТЬ	106631-V	ИЗМЕНИТЬ, СДЕЛАТЬ ИНЫМ
МОЛОДИТЬ	119125-V	РАСПРОСТРАНИТЬСЯ, ПОЛУЧИТЬ РАСПРОСТРАНЕНИЕ
МОЛОДИТЬ	151402-V	УТРАТИТЬ СВОЮ ЧАСТЬ
МОЛОДИТЬ	106633-V	УХУДШЕНИЕ
МОТОРИЗОВАТЬ	114726-V	ПОПОЛНИТЬ
МОТОРИЗОВАТЬ	112078-V	СОСТАВИТЬ (СОБРАВ СОЕДИНИТЬ)
МОТОРИЗОВАТЬ	106585-V	РАСПОЛОЖИТЬ, РАЗМЕСТИТЬ
МОТОРИЗОВАТЬ	106501-V	ЗАНЯТИЕ, ДЕЯТЕЛЬНОСТЬ
МОТОРИЗОВАТЬ	924-V	АВТОМАТИЗАЦИЯ
МОТОРИЗОВАТЬ	112077-V	СОБРАТЬ В ОДНОМ МЕСТЕ
МОТОРИЗОВАТЬ	130936-V	ДОПОЛНИТЬ, ВНЕСТИ ДОПОЛНЕНИЕ
МОТОРИЗОВАТЬ	110809-V	ПРИБАВИТЬ (УВЕЛИЧИТЬ)
МОТОРИЗОВАТЬ	106698-V	ПОМЕСТИТЬ, НАЙТИ МЕСТО
МОТОРИЗОВАТЬ	154251-V	ПЕРЕВЕСТИ В ДРУГОЕ МЕСТО
МУЛЬЧИРОВАТЬ	106631-V	ИЗМЕНИТЬ, СДЕЛАТЬ ИНЫМ
МУЛЬЧИРОВАТЬ	151674-V	ОБРАБОТКА ПОЧВЫ
МУЛЬЧИРОВАТЬ	106501-V	ЗАНЯТИЕ, ДЕЯТЕЛЬНОСТЬ
МУЛЬЧИРОВАТЬ	115184-V	ВСКОПАТЬ
МУЛЬЧИРОВАТЬ	106534-V	ОБРАБАТЫВАТЬ, ПОДВЕРГАТЬ ОБРАБОТКЕ
МУЛЬЧИРОВАТЬ	111954-V	ВОССТАНОВИТЬ ПРЕЖНЕЕ СОСТОЯНИЕ
МУЛЬЧИРОВАТЬ	133996-V	ПОЛИТЬ (СМОЧИТЬ, ОРОСИТЬ)
МУЛЬЧИРОВАТЬ	114187-V	РАСТИТЬ, ВЫРАЩИВАТЬ
МУЛЬЧИРОВАТЬ	121004-V	ОТВЕСТИ В ДРУГОЕ НАПРАВЛЕНИЕ
МУЛЬЧИРОВАТЬ	3844-V	ОСУШЕНИЕ ЗЕМЕЛЬ
МУШТРОВАТЬ	114819-V	ПРИУЧИТЬ
МУШТРОВАТЬ	1604-V	ОБУЧЕНИЕ, УЧЕБНАЯ ДЕЯТЕЛЬНОСТЬ
МУШТРОВАТЬ	106542-V	СООБЩИТЬ, УВЕДОМИТЬ
МУШТРОВАТЬ	118370-V	УЧИТЬ, ОБУЧАТЬ
МУШТРОВАТЬ	106817-V	ПРИНУДИТЬ, ЗАСТАВИТЬ
МУШТРОВАТЬ	111885-V	ЗАПОМНИТЬ, СОХРАНИТЬ В ПАМЯТИ
МУШТРОВАТЬ	106501-V	ЗАНЯТИЕ, ДЕЯТЕЛЬНОСТЬ
МУШТРОВАТЬ	130167-V	УСВОИТЬ ИНФОРМАЦИЮ
МУШТРОВАТЬ	106876-V	ВЫСКАЗАТЬ
МУШТРОВАТЬ	106504-V	ПОСТУПОК ЧЕЛОВЕКА
НАБЕГАТЬСЯ	152910-V	ДВИГАТЬСЯ НА НОГАХ
НАБЕГАТЬСЯ	107469-V	БЕЖАТЬ (ДВИГАТЬСЯ НА НОГАХ)
НАБЕГАТЬСЯ	106587-V	ДВИЖЕНИЕ, ПЕРЕМЕЩЕНИЕ
НАБЕГАТЬСЯ	117320-V	УТОМИТЬСЯ, УСТАТЬ
НАБЕГАТЬСЯ	106803-V	СПАСТИСЬ
НАБЕГАТЬСЯ	116921-V	ПЕРЕЖИТЬ, ИСПЫТАТЬ
НАБЕГАТЬСЯ	118745-V	СУЕТИТЬСЯ
НАБЕГАТЬСЯ	114073-V	БЕЗДЕЛЬНИЧАТЬ
НАБЕГАТЬСЯ	117918-V	УЙТИ (СПАСТИСЬ)
НАБЕГАТЬСЯ	128663-V	РАЗОГНАТЬСЯ (УСКОРИТЬСЯ)
НАГУЛЯТЬ	118667-V	УДОВЛЕТВОРИТЬСЯ
НАГУЛЯТЬ	120076-V	ВЕСЕЛИТЬСЯ
НАГУЛЯТЬ	106501-V	ЗАНЯТИЕ, ДЕЯТЕЛЬНОСТЬ
НАГУЛЯТЬ	1489-V	ОТДЫХ
НАГУЛЯТЬ	107470-V	ИДТИ НОГАМИ
НАГУЛЯТЬ	126588-V	КУТИТЬ, ГУЛЯТЬ
НАГУЛЯТЬ	152320-V	ПЕШАЯ ПРОГУЛКА
НАГУЛЯТЬ	116921-V	ПЕРЕЖИТЬ, ИСПЫТАТЬ
НАГУЛЯТЬ	126589-V	РАЗВЛЕЧЬСЯ, ПРОВЕСТИ ПРИЯТНО ВРЕМЯ
НАГУЛЯТЬ	115153-V	ПРОБЫТЬ, ПРОВЕСТИ ВРЕМЯ
НАЕЗДИТЬСЯ	106587-V	ДВИЖЕНИЕ, ПЕРЕМЕЩЕНИЕ
НАЕЗДИТЬСЯ	111094-V	ЕХАТЬ, ДВИГАТЬСЯ ПРИ ПОМОЩИ СРЕДСТВ ПЕРЕДВИЖЕНИЯ
НАЕЗДИТЬСЯ	111095-V	ЕХАТЬ, ДВИГАТЬСЯ О СРЕДСТВАХ ПЕРЕДВИЖЕНИЯ
НАЕЗДИТЬСЯ	120372-V	ПРОЕХАТЬ ПУТЬ
НАЕЗДИТЬСЯ	115206-V	ПОБЫВАТЬ В РАЗНЫХ МЕСТАХ
НАЕЗДИТЬСЯ	115580-V	ПРЕОДОЛЕТЬ
НАЕЗДИТЬСЯ	115526-V	ПРИЕХАТЬ
НАЕЗДИТЬСЯ	115579-V	ПОКРЫТЬ РАССТОЯНИЕ
НАЕЗДИТЬСЯ	115203-V	МИНОВАТЬ (ПРОЙТИ, ПРОЕЗЖАТЬ МИМО)
НАЕЗДИТЬСЯ	126589-V	РАЗВЛЕЧЬСЯ, ПРОВЕСТИ ПРИЯТНО ВРЕМЯ
НАКЛИКАТЬ	107094-V	ПРОИЗНЕСТИ, ВЫГОВОРИТЬ, ПРОГОВОРИТЬ
НАКЛИКАТЬ	107105-V	КРИЧАТЬ, ГОВОРИТЬ ГРОМКО
НАКЛИКАТЬ	110474-V	ВЫЗВАТЬ, ПОРОДИТЬ
НАКЛИКАТЬ	115535-V	НАДАВИТЬ, НАЖАТЬ
НАКЛИКАТЬ	115853-V	ЗВАТЬ, ПОЗВАТЬ
НАКЛИКАТЬ	107190-V	РУГАТЬ
НАКЛИКАТЬ	107093-V	ИЗДАТЬ ЗВУК
НАКЛИКАТЬ	107104-V	КРИЧАТЬ, ИЗДАВАТЬ КРИК
НАКЛИКАТЬ	106876-V	ВЫСКАЗАТЬ
НАКЛИКАТЬ	106809-V	УПРЕКАТЬ, УКОРЯТЬ
НАКРЕНИТЬ	106587-V	ДВИЖЕНИЕ, ПЕРЕМЕЩЕНИЕ
НАКРЕНИТЬ	111040-V	ПЕРЕВЕРНУТЬСЯ (ПОВЕРНУТЬСЯ)
НАКРЕНИТЬ	111066-V	НАКЛОНИТЬСЯ, СКЛОНИТЬСЯ
НАКРЕНИТЬ	111031-V	ВАЛИТЬСЯ
НАКРЕНИТЬ	111038-V	ПОВЕРНУТЬСЯ (ИЗМЕНИТЬ ПОЛОЖЕНИЕ)
НАКРЕНИТЬ	111086-V	ГНУТЬСЯ, СОГНУТЬСЯ
НАКРЕНИТЬ	111085-V	ОПУСТИТЬСЯ ВНИЗ
НАКРЕНИТЬ	107513-V	КОЛЕБАТЕЛЬНОЕ ДВИЖЕНИЕ
НАКРЕНИТЬ	115153-V	ПРОБЫТЬ, ПРОВЕСТИ ВРЕМЯ
НАКРЕНИТЬ	111157-V	КАЧАТЬСЯ ИЗ СТОРОНЫ В СТОРОНУ
НАЛОВЧИТЬСЯ	106504-V	ПОСТУПОК ЧЕЛОВЕКА
НАЛОВЧИТЬСЯ	106494-V	ВЫПОЛНИТЬ, ИСПОЛНИТЬ, ОСУЩЕСТВИТЬ
НАЛОВЧИТЬСЯ	123789-V	МОЧЬ, ИМЕТЬ ВОЗМОЖНОСТЬ
НАЛОВЧИТЬСЯ	129359-V	УМУДРИТЬСЯ, УХИТРИТЬСЯ
НАЛОВЧИТЬСЯ	118698-V	ДЕЙСТВИЕ, ЦЕЛЕНАПРАВЛЕННОЕ ДЕЙСТВИЕ
НАЛОВЧИТЬСЯ	106673-V	ПРИСПОСОБИТЬСЯ
НАЛОВЧИТЬСЯ	111038-V	ПОВЕРНУТЬСЯ (ИЗМЕНИТЬ ПОЛОЖЕНИЕ)
НАЛОВЧИТЬСЯ	116921-V	ПЕРЕЖИТЬ, ИСПЫТАТЬ
НАЛОВЧИТЬСЯ	106813-V	ОБЛАДАТЬ СВОЙСТВОМ
НАЛОВЧИТЬСЯ	116929-V	СТРАДАТЬ, ИСПЫТЫВАТЬ СТРАДАНИЯ
НАНЮХАТЬСЯ	115824-V	ВДОХНУТЬ, СДЕЛАТЬ ВДОХ
НАНЮХАТЬСЯ	115221-V	ВОБРАТЬ В СЕБЯ
НАНЮХАТЬСЯ	118667-V	УДОВЛЕТВОРИТЬСЯ
НАНЮХАТЬСЯ	116921-V	ПЕРЕЖИТЬ, ИСПЫТАТЬ
НАНЮХАТЬСЯ	106933-V	ГЛОТАТЬ ВНУТРЬ СЕБЯ
НАНЮХАТЬСЯ	117709-V	ПИТЬ СПИРТНОЕ
НАНЮХАТЬСЯ	115102-V	МУЧИТЬ
НАНЮХАТЬСЯ	106709-V	УЗНАТЬ, ПОЛУЧИТЬ СВЕДЕНИЯ
НАНЮХАТЬСЯ	124267-V	УКУСИТЬ, ПОКУСАТЬ
НАНЮХАТЬСЯ	107248-V	ПАХНУТЬ, ИЗДАВАТЬ ЗАПАХ
НАСИЖИВАТЬ	115786-V	НАХОДИТЬСЯ, ПРЕБЫВАТЬ
НАСИЖИВАТЬ	115153-V	ПРОБЫТЬ, ПРОВЕСТИ ВРЕМЯ
НАСИЖИВАТЬ	106494-V	ВЫПОЛНИТЬ, ИСПОЛНИТЬ, ОСУЩЕСТВИТЬ
НАСИЖИВАТЬ	115982-V	ОТБЫТЬ (ПРОБЫТЬ СРОК ДЛЯ ИСПОЛНЕНИЯ)
НАСИЖИВАТЬ	141331-V	ИСПОЛНЕНИЕ ПРИГОВОРА
НАСИЖИВАТЬ	115788-V	СИДЕТЬ, СИДЯЧЕЕ ПОЛОЖЕНИЕ
НАСИЖИВАТЬ	115802-V	УДЕРЖАТЬСЯ НА МЕСТЕ
НАСИЖИВАТЬ	106646-V	ОТНОШЕНИЕ МЕЖДУ СУЩНОСТЯМИ
НАСИЖИВАТЬ	142948-V	ВОДИТЬСЯ (ОБИТАТЬ)
НАСИЖИВАТЬ	114560-V	СЕСТЬ, ПРИНЯТЬ СИДЯЧЕЕ ПОЛОЖЕНИЕ
НЕВОЛИТЬ	116921-V	ПЕРЕЖИТЬ, ИСПЫТАТЬ
НЕВОЛИТЬ	148420-V	ОТНОШЕНИЯ МЕЖДУ ЛЮДЬМИ
НЕВОЛИТЬ	150230-V	ПРЕБЫВАТЬ В СОСТОЯНИИ
НЕВОЛИТЬ	106653-V	НЕПРИЯЗНЬ
НЕВОЛИТЬ	106876-V	ВЫСКАЗАТЬ
НЕВОЛИТЬ	106877-V	ВЫСКАЗАТЬ МНЕНИЕ
НЕВОЛИТЬ	117384-V	СОЖАЛЕТЬ О ПРОШЛОМ
НЕВОЛИТЬ	115963-V	КАЯТЬСЯ (ПРИЗНАТЬСЯ)
НЕВОЛИТЬ	118698-V	ДЕЙСТВИЕ, ЦЕЛЕНАПРАВЛЕННОЕ ДЕЙСТВИЕ
НЕВОЛИТЬ	106504-V	ПОСТУПОК ЧЕЛОВЕКА
ОБАГРИТЬ	111369-V	ПОРТИТЬ, ДЕЛАТЬ ПЛОХИМ
ОБАГРИТЬ	111386-V	УБИТЬ, ЛИШИТЬ ЖИЗНИ
ОБАГРИТЬ	115208-V	ОСКОРБИТЬ
ОБАГРИТЬ	133925-V	ПОРТИТЬ РЕПУТАЦИЮ
ОБАГРИТЬ	107013-V	ГРЯЗНИТЬ, ПАЧКАТЬ
ОБАГРИТЬ	107325-V	ПОКРЫТЬ ПОВЕРХНОСТЬ
ОБАГРИТЬ	115212-V	ПОЗОРИТЬ, ПОРОЧИТЬ
ОБАГРИТЬ	4628-V	УБИЙСТВО ЧЕЛОВЕКА
ОБАГРИТЬ	106483-V	УНИЧТОЖИТЬ, ПРЕКРАТИТЬ СУЩЕСТВОВАНИЕ
ОБАГРИТЬ	110779-V	ОБРЫЗГАТЬ
ОБЕЗЖЕЛЕЗИТЬ	106629-V	ИЗМЕНИТЬСЯ, ИЗМЕНЕНИЕ
ОБЕЗЖЕЛЕЗИТЬ	119450-V	РАЗМЯГЧИТЬ, СДЕЛАТЬ МЯГКИМ
ОБЕЗЖЕЛЕЗИТЬ	114372-V	ОТНЯТЬ, ЛИШИТЬ
ОБЕЗЖЕЛЕЗИТЬ	107325-V	ПОКРЫТЬ ПОВЕРХНОСТЬ
ОБЕЗЖЕЛЕЗИТЬ	106631-V	ИЗМЕНИТЬ, СДЕЛАТЬ ИНЫМ
ОБЕЗЖЕЛЕЗИТЬ	111109-V	ТВЕРДЕТЬ, ЗАТВЕРДЕТЬ
ОБЕЗЖЕЛЕЗИТЬ	111436-V	ПРОПИТАТЬ (НАСЫТИТЬ)
ОБЕЗЖЕЛЕЗИТЬ	111979-V	ПОРТИТЬСЯ (УХУДШАТЬСЯ)
ОБЕЗЖЕЛЕЗИТЬ	118698-V	ДЕЙСТВИЕ, ЦЕЛЕНАПРАВЛЕННОЕ ДЕЙСТВИЕ
ОБЕЗЖЕЛЕЗИТЬ	111369-V	ПОРТИТЬ, ДЕЛАТЬ ПЛОХИМ
ОБЕЗЬЯННИЧАТЬ	119594-V	БАЛОВАТЬСЯ (ШАЛИТЬ, ЗАБАВЛЯТЬСЯ)
ОБЕЗЬЯННИЧАТЬ	106504-V	ПОСТУПОК ЧЕЛОВЕКА
ОБЕЗЬЯННИЧАТЬ	117970-V	ВАЖНИЧАТЬ
ОБЕЗЬЯННИЧАТЬ	118698-V	ДЕЙСТВИЕ, ЦЕЛЕНАПРАВЛЕННОЕ ДЕЙСТВИЕ
ОБЕЗЬЯННИЧАТЬ	115256-V	ШУТИТЬ, ОТПУСКАТЬ ШУТКИ
ОБЕЗЬЯННИЧАТЬ	119595-V	ШАЛИТЬ, ПРОКАЗНИЧАТЬ
ОБЕЗЬЯННИЧАТЬ	106876-V	ВЫСКАЗАТЬ
ОБЕЗЬЯННИЧАТЬ	117968-V	ВОЗОМНИТЬ СЕБЯ
ОБЕЗЬЯННИЧАТЬ	113119-V	ОБМАНУТЬ, ВВЕСТИ В ЗАБЛУЖДЕНИЕ
ОБЕЗЬЯННИЧАТЬ	126589-V	РАЗВЛЕЧЬСЯ, ПРОВЕСТИ ПРИЯТНО ВРЕМЯ
ОБКОЛОТЬ	106548-V	ПРИЧИНЕНИЕ ВРЕДА
ОБКОЛОТЬ	107410-V	ДЕЛИТЬ, РАЗДЕЛЯТЬ НА ЧАСТИ
ОБКОЛОТЬ	107094-V	ПРОИЗНЕСТИ, ВЫГОВОРИТЬ, ПРОГОВОРИТЬ
ОБКОЛОТЬ	110910-V	ВЫНУТЬ
ОБКОЛОТЬ	121100-V	ОСВОБОДИТЬ (УДАЛИТЬ)
ОБКОЛОТЬ	114805-V	ВОТКНУТЬ (ЗАСТАВИТЬ ВОЙТИ)
ОБКОЛОТЬ	106504-V	ПОСТУПОК ЧЕЛОВЕКА
ОБКОЛОТЬ	125754-V	ВОНЗИТЬ (ВОТКНУТЬ ОСТРИЕМ)
ОБКОЛОТЬ	111853-V	ПРОДЕЛАТЬ ОТВЕРСТИЕ
ОБКОЛОТЬ	110479-V	ПРИЧИНИТЬ
ОБОЖЕСТВИТЬ	113462-V	ПОЧТЕНИЕ
ОБОЖЕСТВИТЬ	117722-V	ЛЮБИТЬ, ИСПЫТЫВАТЬ ЛЮБОВЬ
ОБОЖЕСТВИТЬ	118494-V	ПРЕКЛОНЯТЬСЯ
ОБОЖЕСТВИТЬ	118798-V	ВОСТОРГАТЬСЯ, ВОСХИЩАТЬСЯ
ОБОЖЕСТВИТЬ	116921-V	ПЕРЕЖИТЬ, ИСПЫТАТЬ
ОБОЖЕСТВИТЬ	106501-V	ЗАНЯТИЕ, ДЕЯТЕЛЬНОСТЬ
ОБОЖЕСТВИТЬ	106884-V	СЧИТАТЬ, ПРИЗНАВАТЬ КЕМ-ЛИБО
ОБОЖЕСТВИТЬ	112538-V	УПОДОБИТЬ, ПРИРАВНЯТЬ
ОБОЖЕСТВИТЬ	106883-V	ПОЛАГАТЬ, ДЕРЖАТЬСЯ МНЕНИЯ
ОБОЖЕСТВИТЬ	120955-V	ИЗМЕНЕНИЕ СОСТОЯНИЯ
ОБСАДИТЬ	113780-V	ПОКРЫТЬСЯ НА ПОВЕРХНОСТИ
ОБСАДИТЬ	115193-V	ОКРУЖИТЬ, ЗАКЛЮЧИТЬ В КРУГ
ОБСАДИТЬ	112813-V	ПОСАДКА РАСТЕНИЙ
ОБСАДИТЬ	123622-V	ПЕРЕСАДКА РАСТЕНИЙ
ОБСАДИТЬ	106501-V	ЗАНЯТИЕ, ДЕЯТЕЛЬНОСТЬ
ОБСАДИТЬ	129188-V	РАЗВЕСТИ, РАСПЛОДИТЬ
ОБСАДИТЬ	114891-V	ВЫРАЩИВАНИЕ РАСТЕНИЙ
ОБСАДИТЬ	106698-V	ПОМЕСТИТЬ, НАЙТИ МЕСТО
ОБСАДИТЬ	106629-V	ИЗМЕНИТЬСЯ, ИЗМЕНЕНИЕ
ОБСАДИТЬ	116677-V	ЗАКЛЮЧИТЬ (ПОМЕСТИТЬ)
ОБУГЛИТЬ	113413-V	ГОРЕТЬ, СГОРАТЬ
ОБУГЛИТЬ	110426-V	ЧЕРНЕТЬ, СТАНОВИТЬСЯ ЧЕРНЫМ
ОБУГЛИТЬ	110416-V	ИЗМЕНЯТЬСЯ В ЦВЕТЕ
ОБУГЛИТЬ	125595-V	ТЕМНЕТЬ (ПОГРУЖАТЬСЯ ВО ТЬМУ)
ОБУГЛИТЬ	106629-V	ИЗМЕНИТЬСЯ, ИЗМЕНЕНИЕ
ОБУГЛИТЬ	143317-V	ОБЖЕЧЬСЯ, ПОЛУЧИТЬ ОЖОГ
ОБУГЛИТЬ	114419-V	ОБЖЕЧЬ, ПОВРЕДИТЬ ОГНЕМ
ОБУГЛИТЬ	111050-V	ГНУТЬ, ИЗОГНУТЬ
ОБУГЛИТЬ	111371-V	ЛОМАТЬ (ПОВРЕЖДАТЬ)
ОБУГЛИТЬ	106633-V	УХУДШЕНИЕ
ОГРУБЕТЬ	106629-V	ИЗМЕНИТЬСЯ, ИЗМЕНЕНИЕ
ОГРУБЕТЬ	111109-V	ТВЕРДЕТЬ, ЗАТВЕРДЕТЬ
ОГРУБЕТЬ	118530-V	ЗАМЕРЕТЬ, ЗАСТЫТЬ
ОГРУБЕТЬ	130825-V	НЕМЕТЬ, ЗАНЕМЕТЬ
ОГРУБЕТЬ	110416-V	ИЗМЕНЯТЬСЯ В ЦВЕТЕ
ОГРУБЕТЬ	118992-V	ХУДЕТЬ, ПОХУДЕТЬ
ОГРУБЕТЬ	116388-V	УТРАТИТЬ
ОГРУБЕТЬ	152477-V	СНИЖЕНИЕ МАССЫ
ОГРУБЕТЬ	149602-V	УТРАТИТЬ СВОЙСТВО
ОГРУБЕТЬ	106639-V	УВЕЛИЧИТЬСЯ
ОДУХОТВОРИТЬ	106631-V	ИЗМЕНИТЬ, СДЕЛАТЬ ИНЫМ
ОДУХОТВОРИТЬ	106456-V	ВЫРАЗИТЬ (ПОКАЗАТЬ)
ОДУХОТВОРИТЬ	106632-V	УЛУЧШИТЬ
ОДУХОТВОРИТЬ	106478-V	ПРОИЗОЙТИ, СЛУЧИТЬСЯ
ОДУХОТВОРИТЬ	115104-V	ВОЗБУДИТЬ (ПРИВЕСТИ В ВОЗБУЖДЕННОЕ СОСТОЯНИЕ)
ОДУХОТВОРИТЬ	141697-V	ПРЕДСТАВИТЬ В ВИДЕ
ОДУХОТВОРИТЬ	118698-V	ДЕЙСТВИЕ, ЦЕЛЕНАПРАВЛЕННОЕ ДЕЙСТВИЕ
ОДУХОТВОРИТЬ	106629-V	ИЗМЕНИТЬСЯ, ИЗМЕНЕНИЕ
ОДУХОТВОРИТЬ	106678-V	ПОНЯТЬ
ОДУХОТВОРИТЬ	106479-V	ИСПОЛНИТЬСЯ, ОСУЩЕСТВИТЬСЯ, ПРЕТВОРИТЬСЯ
ОКАТЬ	107093-V	ИЗДАТЬ ЗВУК
ОКАТЬ	106629-V	ИЗМЕНИТЬСЯ, ИЗМЕНЕНИЕ
ОКАТЬ	107094-V	ПРОИЗНЕСТИ, ВЫГОВОРИТЬ, ПРОГОВОРИТЬ
ОКАТЬ	110721-V	НАЛИТЬ, РАЗЛИТЬ ПО ПОВЕРХНОСТИ
ОКАТЬ	107308-V	ПЛЕСК ВОЛН
ОКАТЬ	106587-V	ДВИЖЕНИЕ, ПЕРЕМЕЩЕНИЕ
ОКАТЬ	110719-V	ЛИТЬ ЖИДКОСТЬ
ОКАТЬ	107402-V	СТУЧАТЬ, ПРОИЗВОДИТЬ СТУК
ОКАТЬ	114103-V	ИЗДАВАТЬ, ИСПУСКАТЬ
ОКАТЬ	115099-V	КОЛЫХАТЬСЯ
ОКРОВАВИТЬ	107416-V	РВАТЬ, РАЗОРВАТЬ НА ЧАСТИ
ОКРОВАВИТЬ	111370-V	ПОВРЕДИТЬ
ОКРОВАВИТЬ	107410-V	ДЕЛИТЬ, РАЗДЕЛЯТЬ НА ЧАСТИ
ОКРОВАВИТЬ	106548-V	ПРИЧИНЕНИЕ ВРЕДА
ОКРОВАВИТЬ	111369-V	ПОРТИТЬ, ДЕЛАТЬ ПЛОХИМ
ОКРОВАВИТЬ	107013-V	ГРЯЗНИТЬ, ПАЧКАТЬ
ОКРОВАВИТЬ	111386-V	УБИТЬ, ЛИШИТЬ ЖИЗНИ
ОКРОВАВИТЬ	107325-V	ПОКРЫТЬ ПОВЕРХНОСТЬ
ОКРОВАВИТЬ	115102-V	МУЧИТЬ
ОКРОВАВИТЬ	110481-V	ТРЕВОЖИТЬ, ВЫЗЫВАТЬ ТРЕВОГУ
ОПЛАВИТЬСЯ	111097-V	ИЗМЕНЕНИЕ АГРЕГАТНОГО СОСТОЯНИЯ
ОПЛАВИТЬСЯ	106629-V	ИЗМЕНИТЬСЯ, ИЗМЕНЕНИЕ
ОПЛАВИТЬСЯ	108948-V	НАГРЕТЬ, ПОВЫСИТЬ ТЕМПЕРАТУРУ
ОПЛАВИТЬСЯ	111098-V	ПЛАВЛЕНИЕ ВЕЩЕСТВА
ОПЛАВИТЬСЯ	110888-V	ПОВЫСИТЬ (УВЕЛИЧИТЬ)
ОПЛАВИТЬСЯ	111100-V	ПЛАВИТЬ
ОПЛАВИТЬСЯ	106495-V	ИЗГОТОВИТЬ, ВЫРАБОТАТЬ
ОПЛАВИТЬСЯ	111101-V	НАГРЕТЬСЯ
ОПЛАВИТЬСЯ	137819-V	ТЕРМИЧЕСКАЯ ОБРАБОТКА
ОПЛАВИТЬСЯ	111994-V	ДЕЛИТЬСЯ НА ЧАСТИ
ОПОХМЕЛИТЬСЯ	106932-V	ПИТЬ, ГЛОТАТЬ ЖИДКОСТЬ
ОПОХМЕЛИТЬСЯ	106933-V	ГЛОТАТЬ ВНУТРЬ СЕБЯ
ОПОХМЕЛИТЬСЯ	117709-V	ПИТЬ СПИРТНОЕ
ОПОХМЕЛИТЬСЯ	128299-V	ПРИЙТИ В ЧУВСТВО
ОПОХМЕЛИТЬСЯ	118667-V	УДОВЛЕТВОРИТЬСЯ
ОПОХМЕЛИТЬСЯ	106934-V	ЕСТЬ, ПРИНИМАТЬ ПИЩУ
ОПОХМЕЛИТЬСЯ	119990-V	ПРОТРЕЗВИТЬСЯ
ОПОХМЕЛИТЬСЯ	116921-V	ПЕРЕЖИТЬ, ИСПЫТАТЬ
ОПОХМЕЛИТЬСЯ	1489-V	ОТДЫХ
ОПОХМЕЛИТЬСЯ	118698-V	ДЕЙСТВИЕ, ЦЕЛЕНАПРАВЛЕННОЕ ДЕЙСТВИЕ
ОРОГОВЕТЬ	106629-V	ИЗМЕНИТЬСЯ, ИЗМЕНЕНИЕ
ОРОГОВЕТЬ	110416-V	ИЗМЕНЯТЬСЯ В ЦВЕТЕ
ОРОГОВЕТЬ	111109-V	ТВЕРДЕТЬ, ЗАТВЕРДЕТЬ
ОРОГОВЕТЬ	118530-V	ЗАМЕРЕТЬ, ЗАСТЫТЬ
ОРОГОВЕТЬ	130825-V	НЕМЕТЬ, ЗАНЕМЕТЬ
ОРОГОВЕТЬ	106665-V	НАРУШИТЬ СОСТОЯНИЕ, ХОД
ОРОГОВЕТЬ	106639-V	УВЕЛИЧИТЬСЯ
ОРОГОВЕТЬ	3406-V	ПОВРЕЖДЕНИЕ ЗДОРОВЬЯ
ОРОГОВЕТЬ	106565-V	САМОЧУВСТВИЕ
ОРОГОВЕТЬ	149602-V	УТРАТИТЬ СВОЙСТВО
ОСЛЫШАТЬСЯ	106915-V	ОЩУЩАТЬ, ВОСПРИНИМАТЬ
ОСЛЫШАТЬСЯ	106709-V	УЗНАТЬ, ПОЛУЧИТЬ СВЕДЕНИЯ
ОСЛЫШАТЬСЯ	142877-V	КАЗАТЬСЯ (ПРЕДСТАВЛЯТЬСЯ)
ОСЛЫШАТЬСЯ	116921-V	ПЕРЕЖИТЬ, ИСПЫТАТЬ
ОСЛЫШАТЬСЯ	116303-V	ПОЛУЧИТЬ В РАСПОРЯЖЕНИЕ
ОСЛЫШАТЬСЯ	106477-V	ПОЯВИТЬСЯ, ВОЗНИКНУТЬ, НАЧАТЬСЯ
ОСЛЫШАТЬСЯ	106504-V	ПОСТУПОК ЧЕЛОВЕКА
ОСЛЫШАТЬСЯ	111591-V	РАСПОЗНАТЬ
ОСЛЫШАТЬСЯ	119665-V	ПРЕДСТАВИТЬСЯ (ЯВИТЬСЯ В МЫСЛИ, В ВООБРАЖЕНИИ)
ОСЛЫШАТЬСЯ	119132-V	НАПРЯЧЬСЯ, ПРИЛОЖИТЬ УСИЛИЕ
ОТГРЫЗТЬ	111888-V	КУСАТЬ ЗУБАМИ
ОТГРЫЗТЬ	125754-V	ВОНЗИТЬ (ВОТКНУТЬ ОСТРИЕМ)
ОТГРЫЗТЬ	107417-V	ОТДЕЛИТЬ ЧАСТЬ ОТ ЦЕЛОГО
ОТГРЫЗТЬ	107410-V	ДЕЛИТЬ, РАЗДЕЛЯТЬ НА ЧАСТИ
ОТГРЫЗТЬ	113619-V	ПЕРЕКУСИТЬ, РАСКУСИТЬ
ОТГРЫЗТЬ	118570-V	ПРИЧИНИТЬ БОЛЬ
ОТГРЫЗТЬ	115188-V	ОБЪЕСТЬ С КРАЕВ
ОТГРЫЗТЬ	107409-V	РАЗЪЕДИНИТЬ, ПРЕРВАТЬ СОЕДИНЕНИЕ
ОТГРЫЗТЬ	108870-V	УДАЛИТЬ, ОТДАЛИТЬ НА РАССТОЯНИЕ
ОТГРЫЗТЬ	111857-V	ПРОЕСТЬ ДЫРУ
ОТКАШЛЯТЬСЯ	107093-V	ИЗДАТЬ ЗВУК
ОТКАШЛЯТЬСЯ	115826-V	ВЫДОХНУТЬ
ОТКАШЛЯТЬСЯ	116668-V	КАШЕЛЬ
ОТКАШЛЯТЬСЯ	114519-V	ВЫПУСТИТЬ (ДАТЬ ВЫЙТИ)
ОТКАШЛЯТЬСЯ	114103-V	ИЗДАВАТЬ, ИСПУСКАТЬ
ОТКАШЛЯТЬСЯ	117094-V	ШЕВЕЛИТЬ ЧАСТЬЮ ТЕЛА
ОТКАШЛЯТЬСЯ	117735-V	МОРЩИТЬ ЛИЦО
ОТКАШЛЯТЬСЯ	149015-V	ПРЕРВАТЬ СВОЮ РЕЧЬ
ОТКАШЛЯТЬСЯ	117381-V	РАСКАШЛЯТЬСЯ
ОТКАШЛЯТЬСЯ	120045-V	ПОВРЕДИТЬСЯ, ПРИЙТИ В НЕИСПРАВНОСТЬ
ОТПОЛЗТИ	111045-V	УДАЛИТЬСЯ НА НЕКОТОРОЕ РАССТОЯНИЕ
ОТПОЛЗТИ	106587-V	ДВИЖЕНИЕ, ПЕРЕМЕЩЕНИЕ
ОТПОЛЗТИ	116473-V	ОТОДВИНУТЬСЯ (ОТДАЛИТЬСЯ)
ОТПОЛЗТИ	111085-V	ОПУСТИТЬСЯ ВНИЗ
ОТПОЛЗТИ	114723-V	ОСЕСТЬ СЛОЕМ
ОТПОЛЗТИ	115522-V	ДОБРАТЬСЯ ДО МЕСТА
ОТПОЛЗТИ	138189-V	СБИТЬСЯ В СТОРОНУ
ОТПОЛЗТИ	114452-V	СПУСТИТЬСЯ ВНИЗ
ОТПОЛЗТИ	111597-V	ОТОДВИНУТЬ НА РАССТОЯНИЕ
ОТПОЛЗТИ	116105-V	НАСЛОИТЬСЯ, НАПЛАСТОВАТЬСЯ
ОТРЕКОНСТРУИРОВАТЬ	106493-V	СОЗДАТЬ (СДЕЛАТЬ СУЩЕСТВУЮЩИМ)
ОТРЕКОНСТРУИРОВАТЬ	106473-V	ОБУСЛАВЛИВАТЬ, СПОСОБСТВОВАТЬ
ОТРЕКОНСТРУИРОВАТЬ	110447-V	ВОСПРОИЗВЕСТИ (ВОССОЗДАТЬ, ПОВТОРИТЬ В КОПИИ)
ОТРЕКОНСТРУИРОВАТЬ	106495-V	ИЗГОТОВИТЬ, ВЫРАБОТАТЬ
ОТРЕКОНСТРУИРОВАТЬ	119670-V	РАЗРАБОТАТЬ (ТЩАТЕЛЬНО ПОДГОТОВИТЬ, ИССЛЕДОВАТЬ)
ОТРЕКОНСТРУИРОВАТЬ	111625-V	ЧЕРТИТЬ, ДЕЛАТЬ ЧЕРТЕЖ
ОТРЕКОНСТРУИРОВАТЬ	106501-V	ЗАНЯТИЕ, ДЕЯТЕЛЬНОСТЬ
ОТРЕКОНСТРУИРОВАТЬ	106631-V	ИЗМЕНИТЬ, СДЕЛАТЬ ИНЫМ
ОТРЕКОНСТРУИРОВАТЬ	114457-V	ОПИСАТЬ СЛОВАМИ
ОТРЕКОНСТРУИРОВАТЬ	107602-V	ПОВТОРИТЬ, СДЕЛАТЬ ЕЩЕ РАЗ
ОТСЫРЕТЬ	106629-V	ИЗМЕНИТЬСЯ, ИЗМЕНЕНИЕ
ОТСЫРЕТЬ	121439-V	РАЗМЯГЧИТЬСЯ (СТАТЬ МЯГКИМ, МЯГЧЕ)
ОТСЫРЕТЬ	111979-V	ПОРТИТЬСЯ (УХУДШАТЬСЯ)
ОТСЫРЕТЬ	118511-V	РАЗБУХНУТЬ (СИЛЬНО УВЕЛИЧИТЬСЯ)
ОТСЫРЕТЬ	115297-V	РАЗДАТЬСЯ (РАСШИРИТЬСЯ)
ОТСЫРЕТЬ	132813-V	МЯКНУТЬ (ДЕЛАТЬСЯ МЯГКИМ, ПОДАТЛИВЫМ)
ОТСЫРЕТЬ	114848-V	ПРОПИТАТЬСЯ
ОТСЫРЕТЬ	117829-V	МОКНУТЬ, НАМОКНУТЬ
ОТСЫРЕТЬ	113780-V	ПОКРЫТЬСЯ НА ПОВЕРХНОСТИ
ОТСЫРЕТЬ	106633-V	УХУДШЕНИЕ
ОТЦВЕСТИ	106629-V	ИЗМЕНИТЬСЯ, ИЗМЕНЕНИЕ
ОТЦВЕСТИ	113780-V	ПОКРЫТЬСЯ НА ПОВЕРХНОСТИ
ОТЦВЕСТИ	115161-V	РАСПУСКАНИЕ ПОЧЕК
ОТЦВЕСТИ	106633-V	УХУДШЕНИЕ
ОТЦВЕСТИ	130453-V	ГИБЕЛЬ (ПРЕКРАЩЕНИЕ СУЩЕСТВОВАНИЯ)
ОТЦВЕСТИ	115162-V	РАСКРЫТЬСЯ, ОТКРЫТЬСЯ
ОТЦВЕСТИ	114087-V	ЗАРАСТИ РАСТИТЕЛЬНОСТЬЮ
ОТЦВЕСТИ	110416-V	ИЗМЕНЯТЬСЯ В ЦВЕТЕ
ОТЦВЕСТИ	112155-V	ИСЧЕЗНУТЬ (ПЕРЕСТАТЬ СУЩЕСТВОВАТЬ)
ОТЦВЕСТИ	110483-V	ЗЕЛЕНЕТЬ, СТАНОВИТЬСЯ ЗЕЛЕНЫМ
ОТЯГЧАТЬ	137783-V	БЕСПОКОИТЬ, ПРИЧИНЯТЬ БЕСПОКОЙСТВО
ОТЯГЧАТЬ	106631-V	ИЗМЕНИТЬ, СДЕЛАТЬ ИНЫМ
ОТЯГЧАТЬ	110479-V	ПРИЧИНИТЬ
ОТЯГЧАТЬ	118200-V	ОБРЕМЕНИТЬ
ОТЯГЧАТЬ	112933-V	ОТВЕТИТЬ, ПОСТУПИТЬ В ОТВЕТ
ОТЯГЧАТЬ	106640-V	УВЕЛИЧИТЬ
ОТЯГЧАТЬ	111611-V	ВЛИЯТЬ, ВОЗДЕЙСТВОВАТЬ
ОТЯГЧАТЬ	129089-V	ЛЕГЧАТЬ (О САМОЧУВСТВИИ: СТАНОВИТЬСЯ ЛУЧШЕ)
ОТЯГЧАТЬ	117914-V	ОСВОБОДИТЬСЯ ОТ ОБЯЗАННОСТИ
ОТЯГЧАТЬ	106473-V	ОБУСЛАВЛИВАТЬ, СПОСОБСТВОВАТЬ
ОЧЕЛОВЕЧИВАТЬ	141697-V	ПРЕДСТАВИТЬ В ВИДЕ
ОЧЕЛОВЕЧИВАТЬ	116390-V	ИСКАЗИТЬ, ПРЕДСТАВИТЬ В ЛОЖНОМ СВЕТЕ
ОЧЕЛОВЕЧИВАТЬ	118698-V	ДЕЙСТВИЕ, ЦЕЛЕНАПРАВЛЕННОЕ ДЕЙСТВИЕ
ОЧЕЛОВЕЧИВАТЬ	116081-V	ВНИКНУТЬ
ОЧЕЛОВЕЧИВАТЬ	106676-V	ОСВОИТЬСЯ, ПРИВЫКНУТЬ
ОЧЕЛОВЕЧИВАТЬ	116115-V	ПРЕУВЕЛИЧИТЬ
ОЧЕЛОВЕЧИВАТЬ	116751-V	ПРИУКРАСИТЬ, ВЫГОДНО ПРЕДСТАВИТЬ
ОЧЕЛОВЕЧИВАТЬ	106678-V	ПОНЯТЬ
ОЧЕЛОВЕЧИВАТЬ	106951-V	ПРЕВРАТИТЬСЯ
ОЧЕЛОВЕЧИВАТЬ	106456-V	ВЫРАЗИТЬ (ПОКАЗАТЬ)
ОЩЕНИТЬСЯ	116921-V	ПЕРЕЖИТЬ, ИСПЫТАТЬ
ОЩЕНИТЬСЯ	106629-V	ИЗМЕНИТЬСЯ, ИЗМЕНЕНИЕ
ОЩЕНИТЬСЯ	106484-V	КОНЧИТЬСЯ, ПРЕКРАТИТЬСЯ
ОЩЕНИТЬСЯ	133089-V	ОБРАЗУМИТЬСЯ
ОЩЕНИТЬСЯ	127284-V	ВЗРОСЛЕТЬ, ПОВЗРОСЛЕТЬ
ОЩЕНИТЬСЯ	118994-V	ТОЛСТЕТЬ, ПОЛНЕТЬ
ОЩЕНИТЬСЯ	111085-V	ОПУСТИТЬСЯ ВНИЗ
ОЩЕНИТЬСЯ	128213-V	ЗАИМСТВОВАТЬ, ПЕРЕНЯТЬ
ОЩЕНИТЬСЯ	107328-V	КОНФЛИКТ
ОЩЕНИТЬСЯ	114073-V	БЕЗДЕЛЬНИЧАТЬ
ПАНИРОВАТЬ	5390-V	ХИРУРГИЧЕСКАЯ ОПЕРАЦИЯ
ПАНИРОВАТЬ	118698-V	ДЕЙСТВИЕ, ЦЕЛЕНАПРАВЛЕННОЕ ДЕЙСТВИЕ
ПАНИРОВАТЬ	106501-V	ЗАНЯТИЕ, ДЕЯТЕЛЬНОСТЬ
ПАНИРОВАТЬ	106585-V	РАСПОЛОЖИТЬ, РАЗМЕСТИТЬ
ПАНИРОВАТЬ	110447-V	ВОСПРОИЗВЕСТИ (ВОССОЗДАТЬ, ПОВТОРИТЬ В КОПИИ)
ПАНИРОВАТЬ	113973-V	ПЕРЕДАТЬ (ВОСПРОИЗВЕСТИ)
ПАНИРОВАТЬ	138362-V	УПОРЯДОЧИТЬ (ПРИВЕСТИ В ПОРЯДОК)
ПАНИРОВАТЬ	134179-V	КРУТИТЬ ЗАПИСЬ
ПАНИРОВАТЬ	106698-V	ПОМЕСТИТЬ, НАЙТИ МЕСТО
ПАНИРОВАТЬ	107458-V	КРАСИТЬ, ПОКРЫВАТЬ КРАСКОЙ
ПЕЛЕНАТЬ	107325-V	ПОКРЫТЬ ПОВЕРХНОСТЬ
ПЕЛЕНАТЬ	116555-V	ЗАВЕРНУТЬ, ОБЕРНУТЬ
ПЕЛЕНАТЬ	109445-V	УКРЫТЬ (НАКРЫТЬ)
ПЕЛЕНАТЬ	118621-V	ЗАБОТИТЬСЯ, ОКРУЖИТЬ ЗАБОТОЙ
ПЕЛЕНАТЬ	115187-V	ОБМОТАТЬ, ОБКРУТИТЬ
ПЕЛЕНАТЬ	108830-V	НАКРЫТЬ, ПОКРЫТЬ СВЕРХУ
ПЕЛЕНАТЬ	108856-V	ОДЕТЬ, ПОКРЫТЬ ОДЕЖДОЙ, ПОКРЫВАЛОМ
ПЕЛЕНАТЬ	110813-V	ВЛОЖИТЬ ВНУТРЬ
ПЕЛЕНАТЬ	108831-V	НАКИНУТЬ, НАБРОСИТЬ
ПЕЛЕНАТЬ	111862-V	КОРМИТЬ, ДАВАТЬ ЕДУ
ПЕРЕДАВИТЬ	111386-V	УБИТЬ, ЛИШИТЬ ЖИЗНИ
ПЕРЕДАВИТЬ	106483-V	УНИЧТОЖИТЬ, ПРЕКРАТИТЬ СУЩЕСТВОВАНИЕ
ПЕРЕДАВИТЬ	127172-V	СБИТЬ ВНИЗ
ПЕРЕДАВИТЬ	113695-V	КАЛЕЧИТЬ, УВЕЧИТЬ
ПЕРЕДАВИТЬ	106817-V	ПРИНУДИТЬ, ЗАСТАВИТЬ
ПЕРЕДАВИТЬ	111192-V	ДАВИТЬ, ЖАТЬ
ПЕРЕДАВИТЬ	106548-V	ПРИЧИНЕНИЕ ВРЕДА
ПЕРЕДАВИТЬ	111963-V	КАСАТЬСЯ, ДОТРАГИВАТЬСЯ
ПЕРЕДАВИТЬ	113769-V	СБРОСИТЬ ВНИЗ
ПЕРЕДАВИТЬ	111370-V	ПОВРЕДИТЬ
ПЕРЕЖИМАТЬ	111192-V	ДАВИТЬ, ЖАТЬ
ПЕРЕЖИМАТЬ	115089-V	СДАВИТЬ
ПЕРЕЖИМАТЬ	111963-V	КАСАТЬСЯ, ДОТРАГИВАТЬСЯ
ПЕРЕЖИМАТЬ	116921-V	ПЕРЕЖИТЬ, ИСПЫТАТЬ
ПЕРЕЖИМАТЬ	106704-V	МЕШАТЬ, СОЗДАВАТЬ ПРЕПЯТСТВИЕ
ПЕРЕЖИМАТЬ	106819-V	СОКРАТИТЬ, УМЕНЬШИТЬ В КОЛИЧЕСТВЕ
ПЕРЕЖИМАТЬ	106637-V	УМЕНЬШИТЬСЯ
ПЕРЕЖИМАТЬ	117426-V	СТЕСНИТЬ СВОБОДУ
ПЕРЕЖИМАТЬ	106638-V	УМЕНЬШИТЬ
ПЕРЕЖИМАТЬ	111086-V	ГНУТЬСЯ, СОГНУТЬСЯ
ПЕРЕКОВАТЬ	106495-V	ИЗГОТОВИТЬ, ВЫРАБОТАТЬ
ПЕРЕКОВАТЬ	111844-V	КОВКА
ПЕРЕКОВАТЬ	107410-V	ДЕЛИТЬ, РАЗДЕЛЯТЬ НА ЧАСТИ
ПЕРЕКОВАТЬ	106534-V	ОБРАБАТЫВАТЬ, ПОДВЕРГАТЬ ОБРАБОТКЕ
ПЕРЕКОВАТЬ	106558-V	ПРИДАВАТЬ ФОРМУ, ФОРМИРОВАТЬ
ПЕРЕКОВАТЬ	106493-V	СОЗДАТЬ (СДЕЛАТЬ СУЩЕСТВУЮЩИМ)
ПЕРЕКОВАТЬ	126461-V	НАБИТЬ (НАСАДИТЬ)
ПЕРЕКОВАТЬ	106631-V	ИЗМЕНИТЬ, СДЕЛАТЬ ИНЫМ
ПЕРЕКОВАТЬ	118109-V	НАДЕТЬ (УКРЕПИТЬ, ПРИКРЕПИТЬ ЧТО-Н НА ЧТО-Н.)
ПЕРЕКОВАТЬ	107409-V	РАЗЪЕДИНИТЬ, ПРЕРВАТЬ СОЕДИНЕНИЕ
ПЕРЕЛИЦЕВАТЬ	120969-V	ПЕРЕДЕЛАТЬ, СДЕЛАТЬ ЗАНОВО
ПЕРЕЛИЦЕВАТЬ	106698-V	ПОМЕСТИТЬ, НАЙТИ МЕСТО
ПЕРЕЛИЦЕВАТЬ	141697-V	ПРЕДСТАВИТЬ В ВИДЕ
ПЕРЕЛИЦЕВАТЬ	107602-V	ПОВТОРИТЬ, СДЕЛАТЬ ЕЩЕ РАЗ
ПЕРЕЛИЦЕВАТЬ	109444-V	УКРАСИТЬ
ПЕРЕЛИЦЕВАТЬ	119152-V	НАТЯНУТЬ (ВЫТЯГИВАЯ ТУГО ЗАКРЕПИТЬ)
ПЕРЕЛИЦЕВАТЬ	127475-V	ПЕРЕБОРЩИТЬ, ПЕРЕХВАТИТЬ
ПЕРЕЛИЦЕВАТЬ	106785-V	ПРЕОБРАЗОВАТЬ, ПЕРЕДЕЛАТЬ
ПЕРЕЛИЦЕВАТЬ	106631-V	ИЗМЕНИТЬ, СДЕЛАТЬ ИНЫМ
ПЕРЕЛИЦЕВАТЬ	107094-V	ПРОИЗНЕСТИ, ВЫГОВОРИТЬ, ПРОГОВОРИТЬ
ПЕРЕПОСТИТЬ	106548-V	ПРИЧИНЕНИЕ ВРЕДА
ПЕРЕПОСТИТЬ	130873-V	ПРИВЕСТИСЬ, ДОВЕСТИСЬ
ПЕРЕПОСТИТЬ	124124-V	ВОЗДЕРЖАТЬСЯ ОТ ДЕЙСТВИЙ
ПЕРЕПОСТИТЬ	114762-V	ДОСАДИТЬ
ПЕРЕПОСТИТЬ	110479-V	ПРИЧИНИТЬ
ПЕРЕПОСТИТЬ	106467-V	МЫСЛИТЕЛЬНЫЙ ПРОЦЕСС
ПЕРЕПОСТИТЬ	106478-V	ПРОИЗОЙТИ, СЛУЧИТЬСЯ
ПЕРЕПОСТИТЬ	134796-V	УДЕРЖАТЬСЯ, СДЕРЖАТЬСЯ
ПЕРЕПОСТИТЬ	128181-V	ОТКАЗАТЬСЯ ОТ ПРОДОЛЖЕНИЯ, НАМЕРЕНИЙ
ПЕРЕПОСТИТЬ	114934-V	РАЗДРАЖИТЬ, ВЫЗВАТЬ РАЗДРАЖЕНИЕ
ПЕРЕСПОРИТЬ	106501-V	ЗАНЯТИЕ, ДЕЯТЕЛЬНОСТЬ
ПЕРЕСПОРИТЬ	106856-V	УЧАСТИЕ, УЧАСТВОВАТЬ
ПЕРЕСПОРИТЬ	131954-V	БОРОТЬСЯ С СОПЕРНИКОМ
ПЕРЕСПОРИТЬ	106961-V	СОРЕВНОВАНИЕ, СОСТЯЗАНИЕ
ПЕРЕСПОРИТЬ	148420-V	ОТНОШЕНИЯ МЕЖДУ ЛЮДЬМИ
ПЕРЕСПОРИТЬ	118966-V	РАЗЛИЧАТЬСЯ, РАЗЛИЧИЕ
ПЕРЕСПОРИТЬ	114936-V	ПЕРЕРЕШИТЬ
ПЕРЕСПОРИТЬ	106697-V	УБЕДИТЬСЯ
ПЕРЕСПОРИТЬ	120095-V	УБЕДИТЬ, ЗАСТАВИТЬ ПОВЕРИТЬ
ПЕРЕСПОРИТЬ	106646-V	ОТНОШЕНИЕ МЕЖДУ СУЩНОСТЯМИ
ПЕРЕУСТРАИВАТЬ	106785-V	ПРЕОБРАЗОВАТЬ, ПЕРЕДЕЛАТЬ
ПЕРЕУСТРАИВАТЬ	106631-V	ИЗМЕНИТЬ, СДЕЛАТЬ ИНЫМ
ПЕРЕУСТРАИВАТЬ	7936-V	РЕФОРМА
ПЕРЕУСТРАИВАТЬ	106496-V	УЧРЕДИТЬ, ОРГАНИЗОВАТЬ
ПЕРЕУСТРАИВАТЬ	106501-V	ЗАНЯТИЕ, ДЕЯТЕЛЬНОСТЬ
ПЕРЕУСТРАИВАТЬ	106489-V	РЕГУЛИРОВАТЬ, УПОРЯДОЧИВАТЬ
ПЕРЕУСТРАИВАТЬ	106493-V	СОЗДАТЬ (СДЕЛАТЬ СУЩЕСТВУЮЩИМ)
ПЕРЕУСТРАИВАТЬ	120969-V	ПЕРЕДЕЛАТЬ, СДЕЛАТЬ ЗАНОВО
ПЕРЕУСТРАИВАТЬ	120297-V	СТРОИТЬ, СТАВИТЬ В СТРОЙ
ПЕРЕУСТРАИВАТЬ	106629-V	ИЗМЕНИТЬСЯ, ИЗМЕНЕНИЕ
ПИКАТЬ	107093-V	ИЗДАТЬ ЗВУК
ПИКАТЬ	107094-V	ПРОИЗНЕСТИ, ВЫГОВОРИТЬ, ПРОГОВОРИТЬ
ПИКАТЬ	114103-V	ИЗДАВАТЬ, ИСПУСКАТЬ
ПИКАТЬ	106876-V	ВЫСКАЗАТЬ
ПИКАТЬ	111795-V	ЗВЕНЕТЬ
ПИКАТЬ	106880-V	ВОЗРАЗИТЬ
ПИКАТЬ	114089-V	СМЕЯТЬСЯ (ИЗДАВАТЬ СМЕХ)
ПИКАТЬ	106877-V	ВЫСКАЗАТЬ МНЕНИЕ
ПИКАТЬ	128178-V	ПОСТУКИВАТЬ (СЛЕГКА С ПЕРЕРЫВАМИ СТУЧАТЬ)
ПИКАТЬ	106977-V	ОТВЕТИТЬ, ДАТЬ ОТВЕТ
ПОДГОРАТЬ	113413-V	ГОРЕТЬ, СГОРАТЬ
ПОДГОРАТЬ	107441-V	НАЧАТЬ, ПРИСТУПИТЬ, ПРИНЯТЬСЯ
ПОДГОРАТЬ	116921-V	ПЕРЕЖИТЬ, ИСПЫТАТЬ
ПОДГОРАТЬ	111979-V	ПОРТИТЬСЯ (УХУДШАТЬСЯ)
ПОДГОРАТЬ	115160-V	ВЯНУТЬ, СОХНУТЬ
ПОДГОРАТЬ	106633-V	УХУДШЕНИЕ
ПОДГОРАТЬ	118698-V	ДЕЙСТВИЕ, ЦЕЛЕНАПРАВЛЕННОЕ ДЕЙСТВИЕ
ПОДГОРАТЬ	111980-V	ГНИЕНИЕ
ПОДГОРАТЬ	109109-V	ПРИГОТОВЛЕНИЕ ПИЩИ
ПОДГОРАТЬ	111101-V	НАГРЕТЬСЯ
ПОДЛЕЗТЬ	111845-V	ПРОНИКНУТЬ ВНУТРЬ
ПОДЛЕЗТЬ	106587-V	ДВИЖЕНИЕ, ПЕРЕМЕЩЕНИЕ
ПОДЛЕЗТЬ	107454-V	ПОДНЯТЬСЯ (ПЕРЕМЕСТИТЬСЯ ВВЕРХ)
ПОДЛЕЗТЬ	111846-V	ПОПАСТЬ (ОКАЗАТЬСЯ, ОЧУТИТЬСЯ)
ПОДЛЕЗТЬ	106701-V	ДОСТИЧЬ, ДОБИТЬСЯ
ПОДЛЕЗТЬ	114875-V	ВЗОБРАТЬСЯ
ПОДЛЕЗТЬ	114877-V	ЛЕЗТЬ (КАРАБКАЯСЬ ПОДНИМАТЬСЯ, ПРОНИКАТЬ КУДА-Л)
ПОДЛЕЗТЬ	111599-V	ПОЛЗТИ, ПЕРЕДВИГАТЬСЯ ПОЛЗКОМ
ПОДЛЕЗТЬ	114874-V	КАРАБКАТЬСЯ (ЛЕЗТЬ ВВЕРХ)
ПОДЛЕЗТЬ	114876-V	ЗАБРАТЬСЯ ВНУТРЬ
ПОДНЫРНУТЬ	106587-V	ДВИЖЕНИЕ, ПЕРЕМЕЩЕНИЕ
ПОДНЫРНУТЬ	111085-V	ОПУСТИТЬСЯ ВНИЗ
ПОДНЫРНУТЬ	111045-V	УДАЛИТЬСЯ НА НЕКОТОРОЕ РАССТОЯНИЕ
ПОДНЫРНУТЬ	107454-V	ПОДНЯТЬСЯ (ПЕРЕМЕСТИТЬСЯ ВВЕРХ)
ПОДНЫРНУТЬ	111963-V	КАСАТЬСЯ, ДОТРАГИВАТЬСЯ
ПОДНЫРНУТЬ	111038-V	ПОВЕРНУТЬСЯ (ИЗМЕНИТЬ ПОЛОЖЕНИЕ)
ПОДНЫРНУТЬ	107404-V	УДАРИТЬ, НАНЕСТИ УДАР
ПОДНЫРНУТЬ	115803-V	УДАРИТЬСЯ, СТУКНУТЬСЯ
ПОДНЫРНУТЬ	115980-V	УЛЕТЕТЬ (УДАЛИТЬСЯ)
ПОДНЫРНУТЬ	111086-V	ГНУТЬСЯ, СОГНУТЬСЯ
ПОДРАЗДЕЛЯТЬСЯ	107410-V	ДЕЛИТЬ, РАЗДЕЛЯТЬ НА ЧАСТИ
ПОДРАЗДЕЛЯТЬСЯ	107409-V	РАЗЪЕДИНИТЬ, ПРЕРВАТЬ СОЕДИНЕНИЕ
ПОДРАЗДЕЛЯТЬСЯ	111588-V	РАЗЛИЧИТЬ, УСТАНОВИТЬ РАЗЛИЧИЕ
ПОДРАЗДЕЛЯТЬСЯ	107417-V	ОТДЕЛИТЬ ЧАСТЬ ОТ ЦЕЛОГО
ПОДРАЗДЕЛЯТЬСЯ	111688-V	РАЗЪЕДИНИТЬСЯ
ПОДРАЗДЕЛЯТЬСЯ	108870-V	УДАЛИТЬ, ОТДАЛИТЬ НА РАССТОЯНИЕ
ПОДРАЗДЕЛЯТЬСЯ	116921-V	ПЕРЕЖИТЬ, ИСПЫТАТЬ
ПОДРАЗДЕЛЯТЬСЯ	106631-V	ИЗМЕНИТЬ, СДЕЛАТЬ ИНЫМ
ПОДРАЗДЕЛЯТЬСЯ	112078-V	СОСТАВИТЬ (СОБРАВ СОЕДИНИТЬ)
ПОДРАЗДЕЛЯТЬСЯ	106629-V	ИЗМЕНИТЬСЯ, ИЗМЕНЕНИЕ
ПОДСЕКАТЬ	107410-V	ДЕЛИТЬ, РАЗДЕЛЯТЬ НА ЧАСТИ
ПОДСЕКАТЬ	107412-V	РЕЗАТЬ, ПОРЕЗАТЬ
ПОДСЕКАТЬ	110832-V	ОТРЕЗАТЬ (ОТДЕЛИТЬ)
ПОДСЕКАТЬ	107417-V	ОТДЕЛИТЬ ЧАСТЬ ОТ ЦЕЛОГО
ПОДСЕКАТЬ	110837-V	УКОРОТИТЬ ДЛИНУ
ПОДСЕКАТЬ	115806-V	СБЛИЗИТЬСЯ (ПРИБЛИЗИТЬСЯ)
ПОДСЕКАТЬ	107409-V	РАЗЪЕДИНИТЬ, ПРЕРВАТЬ СОЕДИНЕНИЕ
ПОДСЕКАТЬ	106638-V	УМЕНЬШИТЬ
ПОДСЕКАТЬ	111983-V	ДОБАВИТЬ
ПОДСЕКАТЬ	115006-V	ОБШИТЬ ПО КРАЮ
ПОДУЧИТЬСЯ	130167-V	УСВОИТЬ ИНФОРМАЦИЮ
ПОДУЧИТЬСЯ	106709-V	УЗНАТЬ, ПОЛУЧИТЬ СВЕДЕНИЯ
ПОДУЧИТЬСЯ	106678-V	ПОНЯТЬ
ПОДУЧИТЬСЯ	111885-V	ЗАПОМНИТЬ, СОХРАНИТЬ В ПАМЯТИ
ПОДУЧИТЬСЯ	133979-V	ПОЗНАТЬ, ПРИОБРЕСТИ ЗНАНИЕ
ПОДУЧИТЬСЯ	106485-V	ПЕРЕСТАТЬ, ПРЕКРАТИТЬ (ЧТО-ТО ДЕЛАТЬ)
ПОДУЧИТЬСЯ	1604-V	ОБУЧЕНИЕ, УЧЕБНАЯ ДЕЯТЕЛЬНОСТЬ
ПОДУЧИТЬСЯ	112145-V	КОНЧИТЬ, ЗАВЕРШИТЬ ДО КОНЦА
ПОДУЧИТЬСЯ	106501-V	ЗАНЯТИЕ, ДЕЯТЕЛЬНОСТЬ
ПОДУЧИТЬСЯ	106542-V	СООБЩИТЬ, УВЕДОМИТЬ
ПОЛУЛЕЖАТЬ	115786-V	НАХОДИТЬСЯ, ПРЕБЫВАТЬ
ПОЛУЛЕЖАТЬ	106646-V	ОТНОШЕНИЕ МЕЖДУ СУЩНОСТЯМИ
ПОЛУЛЕЖАТЬ	114560-V	СЕСТЬ, ПРИНЯТЬ СИДЯЧЕЕ ПОЛОЖЕНИЕ
ПОЛУЛЕЖАТЬ	118238-V	ПОДОЙТИ (СООТВЕТСТВОВАТЬ)
ПОЛУЛЕЖАТЬ	115153-V	ПРОБЫТЬ, ПРОВЕСТИ ВРЕМЯ
ПОЛУЛЕЖАТЬ	128309-V	ПРИНЯТЬ ПОЛОЖЕНИЕ, ПОЗУ
ПОЛУЛЕЖАТЬ	139083-V	НЕДОСТОЙНОЕ ПОВЕДЕНИЕ
ПОЛУЛЕЖАТЬ	111586-V	РАЗЛОЖИТЬ ПО ПОВЕРХНОСТИ
ПОЛУЛЕЖАТЬ	114073-V	БЕЗДЕЛЬНИЧАТЬ
ПОЛУЛЕЖАТЬ	115155-V	ЛЕЖАТЬ (НАХОДИТЬСЯ ВСЕМ ТЕЛОМ НА ПОВЕРХНОСТИ)
ПОХМЕЛИТЬСЯ	117709-V	ПИТЬ СПИРТНОЕ
ПОХМЕЛИТЬСЯ	106932-V	ПИТЬ, ГЛОТАТЬ ЖИДКОСТЬ
ПОХМЕЛИТЬСЯ	116921-V	ПЕРЕЖИТЬ, ИСПЫТАТЬ
ПОХМЕЛИТЬСЯ	119990-V	ПРОТРЕЗВИТЬСЯ
ПОХМЕЛИТЬСЯ	106934-V	ЕСТЬ, ПРИНИМАТЬ ПИЩУ
ПОХМЕЛИТЬСЯ	106933-V	ГЛОТАТЬ ВНУТРЬ СЕБЯ
ПОХМЕЛИТЬСЯ	118667-V	УДОВЛЕТВОРИТЬСЯ
ПОХМЕЛИТЬСЯ	1489-V	ОТДЫХ
ПОХМЕЛИТЬСЯ	128299-V	ПРИЙТИ В ЧУВСТВО
ПОХМЕЛИТЬСЯ	117320-V	УТОМИТЬСЯ, УСТАТЬ
ПРИВОДНИТЬСЯ	111484-V	СОЕДИНИТЬСЯ В ОДНО ЦЕЛОЕ
ПРИВОДНИТЬСЯ	647-V	ПРАВОНАРУШЕНИЕ
ПРИВОДНИТЬСЯ	116787-V	УГОН ТРАНСПОРТНОГО СРЕДСТВА
ПРИВОДНИТЬСЯ	115548-V	ОТДЕЛИТЬСЯ ОТ ЦЕЛОГО
ПРИВОДНИТЬСЯ	116636-V	ОСВОБОДИТЬСЯ, ПОЛУЧИТЬ СВОБОДУ
ПРИВОДНИТЬСЯ	115660-V	ПРЕВЗОЙТИ
ПРИВОДНИТЬСЯ	106701-V	ДОСТИЧЬ, ДОБИТЬСЯ
ПРИВОДНИТЬСЯ	107592-V	НАРУШЕНИЕ ПРАВИЛ
ПРИВОДНИТЬСЯ	4131-V	ХИЩЕНИЕ
ПРИВОДНИТЬСЯ	120955-V	ИЗМЕНЕНИЕ СОСТОЯНИЯ
ПРИГНУТЬ	106587-V	ДВИЖЕНИЕ, ПЕРЕМЕЩЕНИЕ
ПРИГНУТЬ	108824-V	ОПУСТИТЬ ВНИЗ
ПРИГНУТЬ	111086-V	ГНУТЬСЯ, СОГНУТЬСЯ
ПРИГНУТЬ	111085-V	ОПУСТИТЬСЯ ВНИЗ
ПРИГНУТЬ	111066-V	НАКЛОНИТЬСЯ, СКЛОНИТЬСЯ
ПРИГНУТЬ	111050-V	ГНУТЬ, ИЗОГНУТЬ
ПРИГНУТЬ	115840-V	ОТКЛОНИТЬ, СМЕСТИТЬ В СТОРОНУ
ПРИГНУТЬ	106938-V	ПЕРЕМЕСТИТЬ
ПРИГНУТЬ	106558-V	ПРИДАВАТЬ ФОРМУ, ФОРМИРОВАТЬ
ПРИГНУТЬ	121004-V	ОТВЕСТИ В ДРУГОЕ НАПРАВЛЕНИЕ
ПРИДУРИВАТЬСЯ	115256-V	ШУТИТЬ, ОТПУСКАТЬ ШУТКИ
ПРИДУРИВАТЬСЯ	106504-V	ПОСТУПОК ЧЕЛОВЕКА
ПРИДУРИВАТЬСЯ	107094-V	ПРОИЗНЕСТИ, ВЫГОВОРИТЬ, ПРОГОВОРИТЬ
ПРИДУРИВАТЬСЯ	113119-V	ОБМАНУТЬ, ВВЕСТИ В ЗАБЛУЖДЕНИЕ
ПРИДУРИВАТЬСЯ	119594-V	БАЛОВАТЬСЯ (ШАЛИТЬ, ЗАБАВЛЯТЬСЯ)
ПРИДУРИВАТЬСЯ	117970-V	ВАЖНИЧАТЬ
ПРИДУРИВАТЬСЯ	126589-V	РАЗВЛЕЧЬСЯ, ПРОВЕСТИ ПРИЯТНО ВРЕМЯ
ПРИДУРИВАТЬСЯ	116921-V	ПЕРЕЖИТЬ, ИСПЫТАТЬ
ПРИДУРИВАТЬСЯ	125439-V	РИСОВКА, ПОЗЕРСТВО
ПРИДУРИВАТЬСЯ	106876-V	ВЫСКАЗАТЬ
ПРИКОРНУТЬ	120956-V	ВПАСТЬ В СОСТОЯНИЕ
ПРИКОРНУТЬ	111085-V	ОПУСТИТЬСЯ ВНИЗ
ПРИКОРНУТЬ	114560-V	СЕСТЬ, ПРИНЯТЬ СИДЯЧЕЕ ПОЛОЖЕНИЕ
ПРИКОРНУТЬ	128309-V	ПРИНЯТЬ ПОЛОЖЕНИЕ, ПОЗУ
ПРИКОРНУТЬ	106587-V	ДВИЖЕНИЕ, ПЕРЕМЕЩЕНИЕ
ПРИКОРНУТЬ	111086-V	ГНУТЬСЯ, СОГНУТЬСЯ
ПРИКОРНУТЬ	115313-V	ЗАСНУТЬ, ПОГРУЗИТЬСЯ В СОН
ПРИКОРНУТЬ	114462-V	СОН, СОСТОЯНИЕ СНА
ПРИКОРНУТЬ	116824-V	ОПЕРЕТЬСЯ (ВОСПОЛЬЗОВАТЬСЯ ОПОРОЙ)
ПРИКОРНУТЬ	106565-V	САМОЧУВСТВИЕ
ПРИМОСТИТЬСЯ	114560-V	СЕСТЬ, ПРИНЯТЬ СИДЯЧЕЕ ПОЛОЖЕНИЕ
ПРИМОСТИТЬСЯ	106618-V	РАЗМЕСТИТЬСЯ
ПРИМОСТИТЬСЯ	128309-V	ПРИНЯТЬ ПОЛОЖЕНИЕ, ПОЗУ
ПРИМОСТИТЬСЯ	106587-V	ДВИЖЕНИЕ, ПЕРЕМЕЩЕНИЕ
ПРИМОСТИТЬСЯ	111085-V	ОПУСТИТЬСЯ ВНИЗ
ПРИМОСТИТЬСЯ	116824-V	ОПЕРЕТЬСЯ (ВОСПОЛЬЗОВАТЬСЯ ОПОРОЙ)
ПРИМОСТИТЬСЯ	143523-V	ПОСТУПЛЕНИЕ НА РАБОТУ
ПРИМОСТИТЬСЯ	128336-V	ПРИСТРОИТЬСЯ (ПОМЕСТИТЬСЯ, РАСПОЛОЖИТЬСЯ, ОКОЛО ЧЕГО-Н.)
ПРИМОСТИТЬСЯ	119132-V	НАПРЯЧЬСЯ, ПРИЛОЖИТЬ УСИЛИЕ
ПРИМОСТИТЬСЯ	107441-V	НАЧАТЬ, ПРИСТУПИТЬ, ПРИНЯТЬСЯ
ПРИПЛЮСНУТЬ	111050-V	ГНУТЬ, ИЗОГНУТЬ
ПРИПЛЮСНУТЬ	106629-V	ИЗМЕНИТЬСЯ, ИЗМЕНЕНИЕ
ПРИПЛЮСНУТЬ	111086-V	ГНУТЬСЯ, СОГНУТЬСЯ
ПРИПЛЮСНУТЬ	106558-V	ПРИДАВАТЬ ФОРМУ, ФОРМИРОВАТЬ
ПРИПЛЮСНУТЬ	106587-V	ДВИЖЕНИЕ, ПЕРЕМЕЩЕНИЕ
ПРИПЛЮСНУТЬ	111085-V	ОПУСТИТЬСЯ ВНИЗ
ПРИПЛЮСНУТЬ	106639-V	УВЕЛИЧИТЬСЯ
ПРИПЛЮСНУТЬ	108821-V	ПОДНЯТЬ, ПЕРЕМЕСТИТЬ ВВЕРХ
ПРИПЛЮСНУТЬ	113780-V	ПОКРЫТЬСЯ НА ПОВЕРХНОСТИ
ПРИПЛЮСНУТЬ	111192-V	ДАВИТЬ, ЖАТЬ
ПРИСЛОНИТЬ	116824-V	ОПЕРЕТЬСЯ (ВОСПОЛЬЗОВАТЬСЯ ОПОРОЙ)
ПРИСЛОНИТЬ	106497-V	ИСПОЛЬЗОВАТЬ, УПОТРЕБЛЯТЬ
ПРИСЛОНИТЬ	116822-V	ОПЕРЕТЬ, ИСПОЛЬЗОВАТЬ ОПОРУ
ПРИСЛОНИТЬ	106587-V	ДВИЖЕНИЕ, ПЕРЕМЕЩЕНИЕ
ПРИСЛОНИТЬ	115535-V	НАДАВИТЬ, НАЖАТЬ
ПРИСЛОНИТЬ	106817-V	ПРИНУДИТЬ, ЗАСТАВИТЬ
ПРИСЛОНИТЬ	111085-V	ОПУСТИТЬСЯ ВНИЗ
ПРИСЛОНИТЬ	117842-V	ПРИСЛОНИТЬСЯ
ПРИСЛОНИТЬ	116506-V	ПРИТЕСНИТЬ
ПРИСЛОНИТЬ	108824-V	ОПУСТИТЬ ВНИЗ
ПРИХОРАШИВАТЬСЯ	118191-V	РАЗРОВНЯТЬ
ПРИХОРАШИВАТЬСЯ	107458-V	КРАСИТЬ, ПОКРЫВАТЬ КРАСКОЙ
ПРИХОРАШИВАТЬСЯ	117993-V	РАЗГЛАДИТЬ
ПРИХОРАШИВАТЬСЯ	107325-V	ПОКРЫТЬ ПОВЕРХНОСТЬ
ПРИХОРАШИВАТЬСЯ	106631-V	ИЗМЕНИТЬ, СДЕЛАТЬ ИНЫМ
ПРИХОРАШИВАТЬСЯ	118698-V	ДЕЙСТВИЕ, ЦЕЛЕНАПРАВЛЕННОЕ ДЕЙСТВИЕ
ПРИХОРАШИВАТЬСЯ	111086-V	ГНУТЬСЯ, СОГНУТЬСЯ
ПРИХОРАШИВАТЬСЯ	108856-V	ОДЕТЬ, ПОКРЫТЬ ОДЕЖДОЙ, ПОКРЫВАЛОМ
ПРИХОРАШИВАТЬСЯ	106501-V	ЗАНЯТИЕ, ДЕЯТЕЛЬНОСТЬ
ПРИХОРАШИВАТЬСЯ	107013-V	ГРЯЗНИТЬ, ПАЧКАТЬ
ПРИШПИЛИТЬ	110790-V	ПРИКРЕПИТЬ, ПРИДЕЛАТЬ
ПРИШПИЛИТЬ	111668-V	ПРИСОЕДИНИТЬ
ПРИШПИЛИТЬ	113291-V	СШИВАТЬ
ПРИШПИЛИТЬ	106557-V	СОЕДИНИТЬ В ОДНО ЦЕЛОЕ
ПРИШПИЛИТЬ	110795-V	ПРИШИТЬ (ПРИКРЕПИТЬ)
ПРИШПИЛИТЬ	113352-V	ВЕШАТЬ (ПОМЕСТИТЬ)
ПРИШПИЛИТЬ	111386-V	УБИТЬ, ЛИШИТЬ ЖИЗНИ
ПРИШПИЛИТЬ	116853-V	ЗАЦЕПИТЬ (СОЕДИНИТЬ)
ПРИШПИЛИТЬ	117505-V	ПРИВЕСИТЬ
ПРИШПИЛИТЬ	110797-V	ПРИКОЛОТЬ (ПРИКРЕПИТЬ)
ПРОДЛЯТЬ	106640-V	УВЕЛИЧИТЬ
ПРОДЛЯТЬ	106631-V	ИЗМЕНИТЬ, СДЕЛАТЬ ИНЫМ
ПРОДЛЯТЬ	115977-V	ПЕРЕНОС НА ДРУГОЕ ВРЕМЯ
ПРОДЛЯТЬ	106721-V	УДЛИНИТЬ, УВЕЛИЧИТЬ ПРОДОЛЖИТЕЛЬНОСТЬ
ПРОДЛЯТЬ	131645-V	ЗАДЕРЖАТЬ, ДЕЛАТЬ НЕ ВОВРЕМЯ
ПРОДЛЯТЬ	111944-V	НАЗНАЧИТЬ, УСТАНОВИТЬ, ОПРЕДЕЛИТЬ
ПРОДЛЯТЬ	106478-V	ПРОИЗОЙТИ, СЛУЧИТЬСЯ
ПРОДЛЯТЬ	106638-V	УМЕНЬШИТЬ
ПРОДЛЯТЬ	112605-V	ПРИБЛИЗИТЬ ПО ВРЕМЕНИ
ПРОДЛЯТЬ	115978-V	ОТСРОЧИТЬ, ОТОДВИНУТЬ СРОК
ПРОМУЛЬГИРОВАТЬ	107009-V	ПИСАТЬ, СОЧИНЯТЬ ТЕКСТ
ПРОМУЛЬГИРОВАТЬ	106886-V	ИЗЛОЖИТЬ
ПРОМУЛЬГИРОВАТЬ	145451-V	СЕПАРАЦИЯ СМЕСИ
ПРОМУЛЬГИРОВАТЬ	106631-V	ИЗМЕНИТЬ, СДЕЛАТЬ ИНЫМ
ПРОМУЛЬГИРОВАТЬ	106501-V	ЗАНЯТИЕ, ДЕЯТЕЛЬНОСТЬ
ПРОМУЛЬГИРОВАТЬ	115978-V	ОТСРОЧИТЬ, ОТОДВИНУТЬ СРОК
ПРОМУЛЬГИРОВАТЬ	106542-V	СООБЩИТЬ, УВЕДОМИТЬ
ПРОМУЛЬГИРОВАТЬ	106895-V	ОБЪЯСНИТЬ, РАЗЪЯСНИТЬ
ПРОМУЛЬГИРОВАТЬ	107668-V	СОЧИНИТЬ ПРОИЗВЕДЕНИЕ
ПРОМУЛЬГИРОВАТЬ	115880-V	ВЫДЕЛИТЬ, ОТЛИЧИТЬ ОТ ОСТАЛЬНЫХ
ПРОТОКОЛИРОВАТЬ	107003-V	ПИСАТЬ, ИЗОБРАЖАТЬ ГРАФИЧЕСКИЕ ЗНАКИ
ПРОТОКОЛИРОВАТЬ	106869-V	ОБОСНОВАТЬ
ПРОТОКОЛИРОВАТЬ	106876-V	ВЫСКАЗАТЬ
ПРОТОКОЛИРОВАТЬ	106868-V	СВИДЕТЕЛЬСТВОВАТЬ, СЛУЖИТЬ СВИДЕТЕЛЬСТВОМ
ПРОТОКОЛИРОВАТЬ	107002-V	ИЗОБРАЗИТЬ (ВОСПРОИЗВЕСТИ)
ПРОТОКОЛИРОВАТЬ	111985-V	ПОДПИСАТЬ, СТАВИТЬ ПОДПИСЬ
ПРОТОКОЛИРОВАТЬ	106878-V	ОДОБРИТЬ
ПРОТОКОЛИРОВАТЬ	107602-V	ПОВТОРИТЬ, СДЕЛАТЬ ЕЩЕ РАЗ
ПРОТОКОЛИРОВАТЬ	118698-V	ДЕЙСТВИЕ, ЦЕЛЕНАПРАВЛЕННОЕ ДЕЙСТВИЕ
ПРОТОКОЛИРОВАТЬ	110447-V	ВОСПРОИЗВЕСТИ (ВОССОЗДАТЬ, ПОВТОРИТЬ В КОПИИ)
ПРОТОРИТЬ	106493-V	СОЗДАТЬ (СДЕЛАТЬ СУЩЕСТВУЮЩИМ)
ПРОТОРИТЬ	106710-V	ОПРЕДЕЛИТЬ, ВЫЯСНИТЬ
ПРОТОРИТЬ	111625-V	ЧЕРТИТЬ, ДЕЛАТЬ ЧЕРТЕЖ
ПРОТОРИТЬ	110813-V	ВЛОЖИТЬ ВНУТРЬ
ПРОТОРИТЬ	106473-V	ОБУСЛАВЛИВАТЬ, СПОСОБСТВОВАТЬ
ПРОТОРИТЬ	106587-V	ДВИЖЕНИЕ, ПЕРЕМЕЩЕНИЕ
ПРОТОРИТЬ	106709-V	УЗНАТЬ, ПОЛУЧИТЬ СВЕДЕНИЯ
ПРОТОРИТЬ	106495-V	ИЗГОТОВИТЬ, ВЫРАБОТАТЬ
ПРОТОРИТЬ	106698-V	ПОМЕСТИТЬ, НАЙТИ МЕСТО
ПРОТОРИТЬ	115786-V	НАХОДИТЬСЯ, ПРЕБЫВАТЬ
ПУДРИТЬ	106504-V	ПОСТУПОК ЧЕЛОВЕКА
ПУДРИТЬ	118698-V	ДЕЙСТВИЕ, ЦЕЛЕНАПРАВЛЕННОЕ ДЕЙСТВИЕ
ПУДРИТЬ	107325-V	ПОКРЫТЬ ПОВЕРХНОСТЬ
ПУДРИТЬ	106501-V	ЗАНЯТИЕ, ДЕЯТЕЛЬНОСТЬ
ПУДРИТЬ	118191-V	РАЗРОВНЯТЬ
ПУДРИТЬ	107458-V	КРАСИТЬ, ПОКРЫВАТЬ КРАСКОЙ
ПУДРИТЬ	111769-V	ПРИДАВАТЬ ВИД
ПУДРИТЬ	7064-V	ПРЕДОСТАВЛЕНИЕ УСЛУГ
ПУДРИТЬ	106558-V	ПРИДАВАТЬ ФОРМУ, ФОРМИРОВАТЬ
ПУДРИТЬ	106631-V	ИЗМЕНИТЬ, СДЕЛАТЬ ИНЫМ
РАЗВАРИТЬ	109109-V	ПРИГОТОВЛЕНИЕ ПИЩИ
РАЗВАРИТЬ	106534-V	ОБРАБАТЫВАТЬ, ПОДВЕРГАТЬ ОБРАБОТКЕ
РАЗВАРИТЬ	111101-V	НАГРЕТЬСЯ
РАЗВАРИТЬ	137819-V	ТЕРМИЧЕСКАЯ ОБРАБОТКА
РАЗВАРИТЬ	106495-V	ИЗГОТОВИТЬ, ВЫРАБОТАТЬ
РАЗВАРИТЬ	110790-V	ПРИКРЕПИТЬ, ПРИДЕЛАТЬ
РАЗВАРИТЬ	124237-V	ПРЕДПРИНЯТЬ (НАЧАТЬ ДЕЛАТЬ)
РАЗВАРИТЬ	3288-V	СВАРОЧНЫЕ РАБОТЫ
РАЗВАРИТЬ	111413-V	ЗАЛИТЬ ЖИДКИМ
РАЗВАРИТЬ	106629-V	ИЗМЕНИТЬСЯ, ИЗМЕНЕНИЕ
РАЗГИБАТЬСЯ	106587-V	ДВИЖЕНИЕ, ПЕРЕМЕЩЕНИЕ
РАЗГИБАТЬСЯ	106558-V	ПРИДАВАТЬ ФОРМУ, ФОРМИРОВАТЬ
РАЗГИБАТЬСЯ	111086-V	ГНУТЬСЯ, СОГНУТЬСЯ
РАЗГИБАТЬСЯ	111050-V	ГНУТЬ, ИЗОГНУТЬ
РАЗГИБАТЬСЯ	115840-V	ОТКЛОНИТЬ, СМЕСТИТЬ В СТОРОНУ
РАЗГИБАТЬСЯ	108824-V	ОПУСТИТЬ ВНИЗ
РАЗГИБАТЬСЯ	116160-V	ВЫРОВНЯТЬСЯ (СТАТЬ РОВНЫМ)
РАЗГИБАТЬСЯ	111769-V	ПРИДАВАТЬ ВИД
РАЗГИБАТЬСЯ	111085-V	ОПУСТИТЬСЯ ВНИЗ
РАЗГИБАТЬСЯ	106938-V	ПЕРЕМЕСТИТЬ
РАЗГОВЕТЬСЯ	106934-V	ЕСТЬ, ПРИНИМАТЬ ПИЩУ
РАЗГОВЕТЬСЯ	106933-V	ГЛОТАТЬ ВНУТРЬ СЕБЯ
РАЗГОВЕТЬСЯ	126589-V	РАЗВЛЕЧЬСЯ, ПРОВЕСТИ ПРИЯТНО ВРЕМЯ
РАЗГОВЕТЬСЯ	106501-V	ЗАНЯТИЕ, ДЕЯТЕЛЬНОСТЬ
РАЗГОВЕТЬСЯ	115153-V	ПРОБЫТЬ, ПРОВЕСТИ ВРЕМЯ
РАЗГОВЕТЬСЯ	118698-V	ДЕЙСТВИЕ, ЦЕЛЕНАПРАВЛЕННОЕ ДЕЙСТВИЕ
РАЗГОВЕТЬСЯ	120076-V	ВЕСЕЛИТЬСЯ
РАЗГОВЕТЬСЯ	106504-V	ПОСТУПОК ЧЕЛОВЕКА
РАЗГОВЕТЬСЯ	120639-V	МЫТЬСЯ, МЫТЬ СЕБЯ
РАЗГОВЕТЬСЯ	106932-V	ПИТЬ, ГЛОТАТЬ ЖИДКОСТЬ
РАЗЕВАТЬ	125740-V	УСТАВИТЬСЯ ВЗГЛЯДОМ
РАЗЕВАТЬ	106903-V	СМОТРЕТЬ, НАПРАВЛЯТЬ ВЗГЛЯД
РАЗЕВАТЬ	117094-V	ШЕВЕЛИТЬ ЧАСТЬЮ ТЕЛА
РАЗЕВАТЬ	125801-V	ВЫДВИНУТЬ ВПЕРЕД, НАРУЖУ
РАЗЕВАТЬ	115824-V	ВДОХНУТЬ, СДЕЛАТЬ ВДОХ
РАЗЕВАТЬ	118866-V	ПРОПУСТИТЬ ВОЗМОЖНОСТЬ
РАЗЕВАТЬ	106938-V	ПЕРЕМЕСТИТЬ
РАЗЕВАТЬ	115221-V	ВОБРАТЬ В СЕБЯ
РАЗЕВАТЬ	107093-V	ИЗДАТЬ ЗВУК
РАЗЕВАТЬ	111596-V	ДВИГАТЬ (ПЕРЕМЕЩАТЬ)
РАЗМЕЧТАТЬСЯ	106467-V	МЫСЛИТЕЛЬНЫЙ ПРОЦЕСС
РАЗМЕЧТАТЬСЯ	117099-V	ВООБРАЗИТЬ, ПРЕДСТАВИТЬ В МЫСЛЯХ
РАЗМЕЧТАТЬСЯ	116921-V	ПЕРЕЖИТЬ, ИСПЫТАТЬ
РАЗМЕЧТАТЬСЯ	119187-V	ГОРЕТЬ ЧУВСТВОМ
РАЗМЕЧТАТЬСЯ	119665-V	ПРЕДСТАВИТЬСЯ (ЯВИТЬСЯ В МЫСЛИ, В ВООБРАЖЕНИИ)
РАЗМЕЧТАТЬСЯ	107259-V	МЕЧТАТЬ
РАЗМЕЧТАТЬСЯ	107489-V	РЕШИТЬ, ПРИНЯТЬ РЕШЕНИЕ
РАЗМЕЧТАТЬСЯ	120955-V	ИЗМЕНЕНИЕ СОСТОЯНИЯ
РАЗМЕЧТАТЬСЯ	117722-V	ЛЮБИТЬ, ИСПЫТЫВАТЬ ЛЮБОВЬ
РАЗМЕЧТАТЬСЯ	129264-V	ТЕРЯТЬ САМООБЛАДАНИЕ
РАЗМОРИТЬ	106629-V	ИЗМЕНИТЬСЯ, ИЗМЕНЕНИЕ
РАЗМОРИТЬ	116921-V	ПЕРЕЖИТЬ, ИСПЫТАТЬ
РАЗМОРИТЬ	115102-V	МУЧИТЬ
РАЗМОРИТЬ	117317-V	ИЗМОТАТЬ, ИЗНУРИТЬ
РАЗМОРИТЬ	121439-V	РАЗМЯГЧИТЬСЯ (СТАТЬ МЯГКИМ, МЯГЧЕ)
РАЗМОРИТЬ	111979-V	ПОРТИТЬСЯ (УХУДШАТЬСЯ)
РАЗМОРИТЬ	111101-V	НАГРЕТЬСЯ
РАЗМОРИТЬ	150230-V	ПРЕБЫВАТЬ В СОСТОЯНИИ
РАЗМОРИТЬ	149898-V	ВЫЗВАТЬ МЫСЛЬ, ЧУВСТВО
РАЗМОРИТЬ	114599-V	УТОМИТЬ
РАЗОНРАВИТЬСЯ	116921-V	ПЕРЕЖИТЬ, ИСПЫТАТЬ
РАЗОНРАВИТЬСЯ	134095-V	ПРИЙТИСЬ (ОКАЗАТЬСЯ СООТВЕТСТВУЮЩИМ, ПОДХОДЯЩИМ)
РАЗОНРАВИТЬСЯ	150230-V	ПРЕБЫВАТЬ В СОСТОЯНИИ
РАЗОНРАВИТЬСЯ	116102-V	НАДОЕСТЬ
РАЗОНРАВИТЬСЯ	106485-V	ПЕРЕСТАТЬ, ПРЕКРАТИТЬ (ЧТО-ТО ДЕЛАТЬ)
РАЗОНРАВИТЬСЯ	114934-V	РАЗДРАЖИТЬ, ВЫЗВАТЬ РАЗДРАЖЕНИЕ
РАЗОНРАВИТЬСЯ	106770-V	СООТВЕТСТВИЕ
РАЗОНРАВИТЬСЯ	137783-V	БЕСПОКОИТЬ, ПРИЧИНЯТЬ БЕСПОКОЙСТВО
РАЗОНРАВИТЬСЯ	118698-V	ДЕЙСТВИЕ, ЦЕЛЕНАПРАВЛЕННОЕ ДЕЙСТВИЕ
РАЗОНРАВИТЬСЯ	120667-V	ОТДАТЬСЯ, ПОСВЯТИТЬ СЕБЯ
РАЗУТЬ	108870-V	УДАЛИТЬ, ОТДАЛИТЬ НА РАССТОЯНИЕ
РАЗУТЬ	108869-V	РАЗДЕТЬ, СНЯТЬ ОДЕЖДУ
РАЗУТЬ	108856-V	ОДЕТЬ, ПОКРЫТЬ ОДЕЖДОЙ, ПОКРЫВАЛОМ
РАЗУТЬ	107011-V	ЧИСТИТЬ, УДАЛЯТЬ ГРЯЗЬ
РАЗУТЬ	107325-V	ПОКРЫТЬ ПОВЕРХНОСТЬ
РАЗУТЬ	107010-V	МЫТЬ ОТ ГРЯЗИ
РАЗУТЬ	114441-V	ОЧИСТИТЬ ОТ ПРИСУТСТВИЯ
РАЗУТЬ	111586-V	РАЗЛОЖИТЬ ПО ПОВЕРХНОСТИ
РАЗУТЬ	108855-V	ОДЕТЬ, СНАБДИТЬ ОДЕЖДОЙ
РАЗУТЬ	107409-V	РАЗЪЕДИНИТЬ, ПРЕРВАТЬ СОЕДИНЕНИЕ
РАСКОВАТЬ	120034-V	ОСВОБОДИТЬ, ДАТЬ СВОБОДУ
РАСКОВАТЬ	116636-V	ОСВОБОДИТЬСЯ, ПОЛУЧИТЬ СВОБОДУ
РАСКОВАТЬ	111943-V	ОГРАНИЧИТЬ
РАСКОВАТЬ	115444-V	ОТПУСТИТЬ (ПОЗВОЛИТЬ УДАЛИТЬСЯ)
РАСКОВАТЬ	131354-V	ЗАМОРОЗИТЬ, ДАТЬ ЗАМЕРЗНУТЬ
РАСКОВАТЬ	118109-V	НАДЕТЬ (УКРЕПИТЬ, ПРИКРЕПИТЬ ЧТО-Н НА ЧТО-Н.)
РАСКОВАТЬ	111844-V	КОВКА
РАСКОВАТЬ	117426-V	СТЕСНИТЬ СВОБОДУ
РАСКОВАТЬ	110790-V	ПРИКРЕПИТЬ, ПРИДЕЛАТЬ
РАСКОВАТЬ	120955-V	ИЗМЕНЕНИЕ СОСТОЯНИЯ
РАСПАРИТЬ	106534-V	ОБРАБАТЫВАТЬ, ПОДВЕРГАТЬ ОБРАБОТКЕ
РАСПАРИТЬ	106629-V	ИЗМЕНИТЬСЯ, ИЗМЕНЕНИЕ
РАСПАРИТЬ	115797-V	ПРОГРЕТЬ (ОСНОВАТЕЛЬНО НАГРЕТЬ)
РАСПАРИТЬ	109109-V	ПРИГОТОВЛЕНИЕ ПИЩИ
РАСПАРИТЬ	108948-V	НАГРЕТЬ, ПОВЫСИТЬ ТЕМПЕРАТУРУ
РАСПАРИТЬ	111101-V	НАГРЕТЬСЯ
РАСПАРИТЬ	106631-V	ИЗМЕНИТЬ, СДЕЛАТЬ ИНЫМ
РАСПАРИТЬ	120639-V	МЫТЬСЯ, МЫТЬ СЕБЯ
РАСПАРИТЬ	110888-V	ПОВЫСИТЬ (УВЕЛИЧИТЬ)
РАСПАРИТЬ	113780-V	ПОКРЫТЬСЯ НА ПОВЕРХНОСТИ
РАСПЕРЕЖИВАТЬСЯ	112696-V	СТАВИТЬ НА ОПРЕДЕЛЕННОЕ МЕСТО
РАСПЕРЕЖИВАТЬСЯ	116921-V	ПЕРЕЖИТЬ, ИСПЫТАТЬ
РАСПЕРЕЖИВАТЬСЯ	106698-V	ПОМЕСТИТЬ, НАЙТИ МЕСТО
РАСПЕРЕЖИВАТЬСЯ	150230-V	ПРЕБЫВАТЬ В СОСТОЯНИИ
РАСПЕРЕЖИВАТЬСЯ	110719-V	ЛИТЬ ЖИДКОСТЬ
РАСПЕРЕЖИВАТЬСЯ	120904-V	ВЫСТУПИТЬ НАРУЖУ
РАСПЕРЕЖИВАТЬСЯ	117320-V	УТОМИТЬСЯ, УСТАТЬ
РАСПЕРЕЖИВАТЬСЯ	111614-V	БОЛЕТЬ, БЫТЬ БОЛЬНЫМ
РАСПЕРЕЖИВАТЬСЯ	117114-V	ВОЛНОВАТЬСЯ, ИСПЫТЫВАТЬ ВОЛНЕНИЕ
РАСПЕРЕЖИВАТЬСЯ	114597-V	НЕРВНОЕ СОСТОЯНИЕ
РАСПЛАСТАТЬСЯ	106587-V	ДВИЖЕНИЕ, ПЕРЕМЕЩЕНИЕ
РАСПЛАСТАТЬСЯ	107447-V	ПАДАТЬ (ДВИГАТЬСЯ ВНИЗ)
РАСПЛАСТАТЬСЯ	111085-V	ОПУСТИТЬСЯ ВНИЗ
РАСПЛАСТАТЬСЯ	114560-V	СЕСТЬ, ПРИНЯТЬ СИДЯЧЕЕ ПОЛОЖЕНИЕ
РАСПЛАСТАТЬСЯ	111031-V	ВАЛИТЬСЯ
РАСПЛАСТАТЬСЯ	111086-V	ГНУТЬСЯ, СОГНУТЬСЯ
РАСПЛАСТАТЬСЯ	128309-V	ПРИНЯТЬ ПОЛОЖЕНИЕ, ПОЗУ
РАСПЛАСТАТЬСЯ	119125-V	РАСПРОСТРАНИТЬСЯ, ПОЛУЧИТЬ РАСПРОСТРАНЕНИЕ
РАСПЛАСТАТЬСЯ	114723-V	ОСЕСТЬ СЛОЕМ
РАСПЛАСТАТЬСЯ	120595-V	ПРОЛЕГАТЬ, ПРОХОДИТЬ
РАСТОЧИТЬ	106715-V	ИСТРАТИТЬ, ИЗРАСХОДОВАТЬ
РАСТОЧИТЬ	647-V	ПРАВОНАРУШЕНИЕ
РАСТОЧИТЬ	4131-V	ХИЩЕНИЕ
РАСТОЧИТЬ	147852-V	РАСХОДОВАНИЕ ДЕНЕЖНЫХ СРЕДСТВ
РАСТОЧИТЬ	154007-V	ОТНОШЕНИЕ К ДЕНЬГАМ
РАСТОЧИТЬ	106497-V	ИСПОЛЬЗОВАТЬ, УПОТРЕБЛЯТЬ
РАСТОЧИТЬ	116891-V	РАСХИТИТЬ
РАСТОЧИТЬ	134873-V	ОТНЕСТИСЬ (СОСТАВИТЬ СВОЕ ПРЕДСТАВЛЕНИЕ, ВНУТРЕННЕ ОЦЕНИТЬ)
РАСТОЧИТЬ	144011-V	НЕЗАКОННЫЙ ЗАХВАТ
РАСТОЧИТЬ	111369-V	ПОРТИТЬ, ДЕЛАТЬ ПЛОХИМ
РАСЧЕХЛИТЬ	108830-V	НАКРЫТЬ, ПОКРЫТЬ СВЕРХУ
РАСЧЕХЛИТЬ	106595-V	ОБЕРЕГАТЬ, ЗАЩИЩАТЬ
РАСЧЕХЛИТЬ	107325-V	ПОКРЫТЬ ПОВЕРХНОСТЬ
РАСЧЕХЛИТЬ	106597-V	ОХРАНЯТЬ
РАСЧЕХЛИТЬ	107410-V	ДЕЛИТЬ, РАЗДЕЛЯТЬ НА ЧАСТИ
РАСЧЕХЛИТЬ	111191-V	ВСТАВИТЬ ВНУТРЬ
РАСЧЕХЛИТЬ	115869-V	ЗАСУНУТЬ
РАСЧЕХЛИТЬ	107412-V	РЕЗАТЬ, ПОРЕЗАТЬ
РАСЧЕХЛИТЬ	137195-V	ОТКРУТИТЬ (КРУТЯ, ОТДЕЛИТЬ)
РАСЧЕХЛИТЬ	110910-V	ВЫНУТЬ
РЕКВИЗИРОВАТЬ	138080-V	ИЗЪЯТЬ (ОТОБРАТЬ)
РЕКВИЗИРОВАТЬ	106817-V	ПРИНУДИТЬ, ЗАСТАВИТЬ
РЕКВИЗИРОВАТЬ	5418-V	ОТЧУЖДЕНИЕ ИМУЩЕСТВА
РЕКВИЗИРОВАТЬ	112933-V	ОТВЕТИТЬ, ПОСТУПИТЬ В ОТВЕТ
РЕКВИЗИРОВАТЬ	114304-V	ПЕРЕДАТЬ ВО ВЛАДЕНИЕ
РЕКВИЗИРОВАТЬ	149549-V	РАСПОЛАГАТЬ, ИМЕТЬ В СВОЕМ РАСПОРЯЖЕНИИ
РЕКВИЗИРОВАТЬ	106473-V	ОБУСЛАВЛИВАТЬ, СПОСОБСТВОВАТЬ
РЕКВИЗИРОВАТЬ	106501-V	ЗАНЯТИЕ, ДЕЯТЕЛЬНОСТЬ
РЕКВИЗИРОВАТЬ	106504-V	ПОСТУПОК ЧЕЛОВЕКА
РЕКВИЗИРОВАТЬ	152490-V	ЛИШЕНИЕ ИМУЩЕСТВА
РУСЕТЬ	106485-V	ПЕРЕСТАТЬ, ПРЕКРАТИТЬ (ЧТО-ТО ДЕЛАТЬ)
РУСЕТЬ	151402-V	УТРАТИТЬ СВОЮ ЧАСТЬ
РУСЕТЬ	118698-V	ДЕЙСТВИЕ, ЦЕЛЕНАПРАВЛЕННОЕ ДЕЙСТВИЕ
РУСЕТЬ	106484-V	КОНЧИТЬСЯ, ПРЕКРАТИТЬСЯ
РУСЕТЬ	116388-V	УТРАТИТЬ
РУСЕТЬ	106618-V	РАЗМЕСТИТЬСЯ
РУСЕТЬ	148420-V	ОТНОШЕНИЯ МЕЖДУ ЛЮДЬМИ
РУСЕТЬ	119625-V	СЛАБЕТЬ, ТЕРЯТЬ СИЛУ
РУСЕТЬ	117103-V	УВЛЕЧЬСЯ (СИЛЬНО ЗАИНТЕРЕСОВАТЬСЯ)
РУСЕТЬ	106629-V	ИЗМЕНИТЬСЯ, ИЗМЕНЕНИЕ
РЯВКНУТЬ	107093-V	ИЗДАТЬ ЗВУК
РЯВКНУТЬ	107094-V	ПРОИЗНЕСТИ, ВЫГОВОРИТЬ, ПРОГОВОРИТЬ
РЯВКНУТЬ	114103-V	ИЗДАВАТЬ, ИСПУСКАТЬ
РЯВКНУТЬ	107105-V	КРИЧАТЬ, ГОВОРИТЬ ГРОМКО
РЯВКНУТЬ	106876-V	ВЫСКАЗАТЬ
РЯВКНУТЬ	108868-V	БОРМОТАТЬ
РЯВКНУТЬ	113841-V	ВОРЧАТЬ (БОРМОТАТЬ)
РЯВКНУТЬ	107104-V	КРИЧАТЬ, ИЗДАВАТЬ КРИК
РЯВКНУТЬ	116530-V	РЫЧАНИЕ ЖИВОТНОГО
РЯВКНУТЬ	106977-V	ОТВЕТИТЬ, ДАТЬ ОТВЕТ
СГРУДИТЬСЯ	115698-V	СОБРАТЬСЯ В ОДНОМ МЕСТЕ
СГРУДИТЬСЯ	106618-V	РАЗМЕСТИТЬСЯ
СГРУДИТЬСЯ	115522-V	ДОБРАТЬСЯ ДО МЕСТА
СГРУДИТЬСЯ	114560-V	СЕСТЬ, ПРИНЯТЬ СИДЯЧЕЕ ПОЛОЖЕНИЕ
СГРУДИТЬСЯ	111329-V	ПОЯВИТЬСЯ, ПОКАЗАТЬСЯ
СГРУДИТЬСЯ	130185-V	ВСТАТЬ (ЗАНЯТЬ МЕСТО, РАЗМЕСТИТЬСЯ)
СГРУДИТЬСЯ	144939-V	РАСПОЛОЖИТЬСЯ ВОКРУГ
СГРУДИТЬСЯ	115285-V	ОХВАТИТЬ, ОВЛАДЕТЬ
СГРУДИТЬСЯ	117932-V	ПРОБРАТЬСЯ, С ТРУДОМ ПРОНИКНУТЬ
СГРУДИТЬСЯ	114118-V	ТОЛКАТЬ, ПИХАТЬ
СЕРЕБРИТЬ	107325-V	ПОКРЫТЬ ПОВЕРХНОСТЬ
СЕРЕБРИТЬ	113005-V	СВЕТИТЬСЯ, ИЗЛУЧАТЬ СВЕТ
СЕРЕБРИТЬ	111001-V	ВИДНЕТЬСЯ
СЕРЕБРИТЬ	106813-V	ОБЛАДАТЬ СВОЙСТВОМ
СЕРЕБРИТЬ	106646-V	ОТНОШЕНИЕ МЕЖДУ СУЩНОСТЯМИ
СЕРЕБРИТЬ	113780-V	ПОКРЫТЬСЯ НА ПОВЕРХНОСТИ
СЕРЕБРИТЬ	146751-V	ОБРАБОТКА ПОВЕРХНОСТИ
СЕРЕБРИТЬ	110416-V	ИЗМЕНЯТЬСЯ В ЦВЕТЕ
СЕРЕБРИТЬ	110483-V	ЗЕЛЕНЕТЬ, СТАНОВИТЬСЯ ЗЕЛЕНЫМ
СЕРЕБРИТЬ	113003-V	БЛЕСТЕТЬ (ЯРКО СВЕТИТЬСЯ)
СКАЛИТЬСЯ	107093-V	ИЗДАТЬ ЗВУК
СКАЛИТЬСЯ	114103-V	ИЗДАВАТЬ, ИСПУСКАТЬ
СКАЛИТЬСЯ	116530-V	РЫЧАНИЕ ЖИВОТНОГО
СКАЛИТЬСЯ	107252-V	ВЫТЬ
СКАЛИТЬСЯ	107366-V	ВИЗЖАТЬ
СКАЛИТЬСЯ	117094-V	ШЕВЕЛИТЬ ЧАСТЬЮ ТЕЛА
СКАЛИТЬСЯ	111086-V	ГНУТЬСЯ, СОГНУТЬСЯ
СКАЛИТЬСЯ	106587-V	ДВИЖЕНИЕ, ПЕРЕМЕЩЕНИЕ
СКАЛИТЬСЯ	125754-V	ВОНЗИТЬ (ВОТКНУТЬ ОСТРИЕМ)
СКАЛИТЬСЯ	117735-V	МОРЩИТЬ ЛИЦО
СКОВЫРНУТЬ	111845-V	ПРОНИКНУТЬ ВНУТРЬ
СКОВЫРНУТЬ	107404-V	УДАРИТЬ, НАНЕСТИ УДАР
СКОВЫРНУТЬ	111963-V	КАСАТЬСЯ, ДОТРАГИВАТЬСЯ
СКОВЫРНУТЬ	111846-V	ПОПАСТЬ (ОКАЗАТЬСЯ, ОЧУТИТЬСЯ)
СКОВЫРНУТЬ	106701-V	ДОСТИЧЬ, ДОБИТЬСЯ
СКОВЫРНУТЬ	114805-V	ВОТКНУТЬ (ЗАСТАВИТЬ ВОЙТИ)
СКОВЫРНУТЬ	111189-V	ВВЕСТИ ВНУТРЬ
СКОВЫРНУТЬ	106938-V	ПЕРЕМЕСТИТЬ
СКОВЫРНУТЬ	110908-V	УДАЛИТЬ НАРУЖУ
СКОВЫРНУТЬ	115594-V	БРАТЬ РУКОЙ, ЗУБАМИ, ОРУДИЕМ
СКУЧИТЬ	116921-V	ПЕРЕЖИТЬ, ИСПЫТАТЬ
СКУЧИТЬ	117325-V	ТОМИТЬСЯ
СКУЧИТЬ	116929-V	СТРАДАТЬ, ИСПЫТЫВАТЬ СТРАДАНИЯ
СКУЧИТЬ	119595-V	ШАЛИТЬ, ПРОКАЗНИЧАТЬ
СКУЧИТЬ	119594-V	БАЛОВАТЬСЯ (ШАЛИТЬ, ЗАБАВЛЯТЬСЯ)
СКУЧИТЬ	114934-V	РАЗДРАЖИТЬ, ВЫЗВАТЬ РАЗДРАЖЕНИЕ
СКУЧИТЬ	137783-V	БЕСПОКОИТЬ, ПРИЧИНЯТЬ БЕСПОКОЙСТВО
СКУЧИТЬ	116102-V	НАДОЕСТЬ
СКУЧИТЬ	118140-V	БОЛТАТЬ, ЧЕСАТЬ ЯЗЫКОМ
СКУЧИТЬ	120075-V	РЕЗВИТЬСЯ
СМОЛИТЬ	111554-V	ЗАПАСТИ, ЗАГОТОВИТЬ
СМОЛИТЬ	109109-V	ПРИГОТОВЛЕНИЕ ПИЩИ
СМОЛИТЬ	5731-V	КОНСЕРВИРОВАНИЕ ПИЩЕВЫХ ПРОДУКТОВ
СМОЛИТЬ	117709-V	ПИТЬ СПИРТНОЕ
СМОЛИТЬ	111540-V	КЛАСТЬ ВНУТРЬ
СМОЛИТЬ	116549-V	КОПИТЬ, НАКАПЛИВАТЬ
СМОЛИТЬ	106493-V	СОЗДАТЬ (СДЕЛАТЬ СУЩЕСТВУЮЩИМ)
СМОЛИТЬ	106626-V	БЕРЕЧЬ, СОДЕРЖАТЬ В ЦЕЛОСТИ
СМОЛИТЬ	111658-V	ПОСЫПАТЬ (ПОКРЫТЬ СЫПУЧИМ)
СМОЛИТЬ	106817-V	ПРИНУДИТЬ, ЗАСТАВИТЬ
СНЕЖИТЬ	116171-V	ЗАМЕСТИ (ЗАСЫПАТЬ)
СНЕЖИТЬ	109324-V	МЕТЕЛЬ
СНЕЖИТЬ	126782-V	СНЕГОПАД
СНЕЖИТЬ	111097-V	ИЗМЕНЕНИЕ АГРЕГАТНОГО СОСТОЯНИЯ
СНЕЖИТЬ	116169-V	ЗАСЫПАТЬ СЛОЕМ
СНЕЖИТЬ	112155-V	ИСЧЕЗНУТЬ (ПЕРЕСТАТЬ СУЩЕСТВОВАТЬ)
СНЕЖИТЬ	106629-V	ИЗМЕНИТЬСЯ, ИЗМЕНЕНИЕ
СНЕЖИТЬ	111109-V	ТВЕРДЕТЬ, ЗАТВЕРДЕТЬ
СНЕЖИТЬ	107325-V	ПОКРЫТЬ ПОВЕРХНОСТЬ
СНЕЖИТЬ	106501-V	ЗАНЯТИЕ, ДЕЯТЕЛЬНОСТЬ
СПЕЧЬСЯ	107707-V	СКРЕПИТЬ (ПРОЧНО СОЕДИНИТЬ)
СПЕЧЬСЯ	111101-V	НАГРЕТЬСЯ
СПЕЧЬСЯ	109109-V	ПРИГОТОВЛЕНИЕ ПИЩИ
СПЕЧЬСЯ	110790-V	ПРИКРЕПИТЬ, ПРИДЕЛАТЬ
СПЕЧЬСЯ	106534-V	ОБРАБАТЫВАТЬ, ПОДВЕРГАТЬ ОБРАБОТКЕ
СПЕЧЬСЯ	106629-V	ИЗМЕНИТЬСЯ, ИЗМЕНЕНИЕ
СПЕЧЬСЯ	116921-V	ПЕРЕЖИТЬ, ИСПЫТАТЬ
СПЕЧЬСЯ	106915-V	ОЩУЩАТЬ, ВОСПРИНИМАТЬ
СПЕЧЬСЯ	133751-V	ПОДВЕРГНУТЬСЯ ВОЗДЕЙСТВИЮ
СПЕЧЬСЯ	117122-V	ПЕРЕГРЕТЬСЯ (СЛИШКОМ НАГРЕТЬСЯ)
СПЛЮЩИТЬ	111050-V	ГНУТЬ, ИЗОГНУТЬ
СПЛЮЩИТЬ	111192-V	ДАВИТЬ, ЖАТЬ
СПЛЮЩИТЬ	116661-V	ВДАВИТЬ ВНУТРЬ
СПЛЮЩИТЬ	106558-V	ПРИДАВАТЬ ФОРМУ, ФОРМИРОВАТЬ
СПЛЮЩИТЬ	113962-V	ВОЙТИ ВНУТРЬ
СПЛЮЩИТЬ	111371-V	ЛОМАТЬ (ПОВРЕЖДАТЬ)
СПЛЮЩИТЬ	111853-V	ПРОДЕЛАТЬ ОТВЕРСТИЕ
СПЛЮЩИТЬ	116440-V	ТРЕСНУТЬ, ДАТЬ ТРЕЩИНУ
СПЛЮЩИТЬ	115535-V	НАДАВИТЬ, НАЖАТЬ
СПЛЮЩИТЬ	118363-V	ВОГНУТЬ ВНУТРЬ
СТЕСАТЬ	111931-V	ВЫРОВНЯТЬ, СДЕЛАТЬ РОВНЫМ
СТЕСАТЬ	110821-V	ОТКОЛОТЬ КУСОК
СТЕСАТЬ	107410-V	ДЕЛИТЬ, РАЗДЕЛЯТЬ НА ЧАСТИ
СТЕСАТЬ	107412-V	РЕЗАТЬ, ПОРЕЗАТЬ
СТЕСАТЬ	110832-V	ОТРЕЗАТЬ (ОТДЕЛИТЬ)
СТЕСАТЬ	116092-V	ВЫРЕЗАТЬ НА ПОВЕРХНОСТИ
СТЕСАТЬ	110837-V	УКОРОТИТЬ ДЛИНУ
СТЕСАТЬ	111769-V	ПРИДАВАТЬ ВИД
СТЕСАТЬ	111370-V	ПОВРЕДИТЬ
СТЕСАТЬ	110908-V	УДАЛИТЬ НАРУЖУ
СФОРМОВАТЬ	112078-V	СОСТАВИТЬ (СОБРАВ СОЕДИНИТЬ)
СФОРМОВАТЬ	106493-V	СОЗДАТЬ (СДЕЛАТЬ СУЩЕСТВУЮЩИМ)
СФОРМОВАТЬ	106629-V	ИЗМЕНИТЬСЯ, ИЗМЕНЕНИЕ
СФОРМОВАТЬ	107592-V	НАРУШЕНИЕ ПРАВИЛ
СФОРМОВАТЬ	112077-V	СОБРАТЬ В ОДНОМ МЕСТЕ
СФОРМОВАТЬ	111769-V	ПРИДАВАТЬ ВИД
СФОРМОВАТЬ	106473-V	ОБУСЛАВЛИВАТЬ, СПОСОБСТВОВАТЬ
СФОРМОВАТЬ	111260-V	ПЛОХОЙ ПОСТУПОК
СФОРМОВАТЬ	122242-V	НАРУШИТЬ, ПРЕСТУПИТЬ
СФОРМОВАТЬ	106631-V	ИЗМЕНИТЬ, СДЕЛАТЬ ИНЫМ
СЮСЮКАТЬ	107093-V	ИЗДАТЬ ЗВУК
СЮСЮКАТЬ	107094-V	ПРОИЗНЕСТИ, ВЫГОВОРИТЬ, ПРОГОВОРИТЬ
СЮСЮКАТЬ	106876-V	ВЫСКАЗАТЬ
СЮСЮКАТЬ	117883-V	ЛАСКАТЬ (ПРОЯВЛЯТЬ ЛАСКУ)
СЮСЮКАТЬ	114934-V	РАЗДРАЖИТЬ, ВЫЗВАТЬ РАЗДРАЖЕНИЕ
СЮСЮКАТЬ	114103-V	ИЗДАВАТЬ, ИСПУСКАТЬ
СЮСЮКАТЬ	106781-V	РАЗГОВОР, БЕСЕДА
СЮСЮКАТЬ	130141-V	НЕЖНИЧАТЬ, ГОВОРИТЬ НЕЖНОСТИ
СЮСЮКАТЬ	115819-V	ЗЛИТЬ
СЮСЮКАТЬ	106504-V	ПОСТУПОК ЧЕЛОВЕКА
ТОЛОЧЬ	118140-V	БОЛТАТЬ, ЧЕСАТЬ ЯЗЫКОМ
ТОЛОЧЬ	107094-V	ПРОИЗНЕСТИ, ВЫГОВОРИТЬ, ПРОГОВОРИТЬ
ТОЛОЧЬ	106534-V	ОБРАБАТЫВАТЬ, ПОДВЕРГАТЬ ОБРАБОТКЕ
ТОЛОЧЬ	109109-V	ПРИГОТОВЛЕНИЕ ПИЩИ
ТОЛОЧЬ	111775-V	ИЗМЕЛЬЧИТЬ, РАЗМЕЛЬЧИТЬ
ТОЛОЧЬ	113030-V	ПЕРЕРАБОТАТЬ, ОСУЩЕСТВИТЬ ПЕРЕРАБОТКУ
ТОЛОЧЬ	112819-V	МЕШАТЬ, ПОМЕШИВАТЬ
ТОЛОЧЬ	106938-V	ПЕРЕМЕСТИТЬ
ТОЛОЧЬ	111101-V	НАГРЕТЬСЯ
ТОЛОЧЬ	107410-V	ДЕЛИТЬ, РАЗДЕЛЯТЬ НА ЧАСТИ
ТЩИТЬСЯ	118698-V	ДЕЙСТВИЕ, ЦЕЛЕНАПРАВЛЕННОЕ ДЕЙСТВИЕ
ТЩИТЬСЯ	106714-V	ПЫТАТЬСЯ, СТАРАТЬСЯ
ТЩИТЬСЯ	119132-V	НАПРЯЧЬСЯ, ПРИЛОЖИТЬ УСИЛИЕ
ТЩИТЬСЯ	106476-V	СТРЕМЛЕНИЕ, ЖЕЛАНИЕ
ТЩИТЬСЯ	123435-V	СТАРАТЬСЯ, ДЕЛАТЬ СО СТАРАНИЕМ
ТЩИТЬСЯ	148420-V	ОТНОШЕНИЯ МЕЖДУ ЛЮДЬМИ
ТЩИТЬСЯ	116921-V	ПЕРЕЖИТЬ, ИСПЫТАТЬ
ТЩИТЬСЯ	106770-V	СООТВЕТСТВИЕ
ТЩИТЬСЯ	119928-V	ХОТЕТЬ, ИМЕТЬ ЖЕЛАНИЕ
ТЩИТЬСЯ	106587-V	ДВИЖЕНИЕ, ПЕРЕМЕЩЕНИЕ
УВОЛОЧЬ	125768-V	ТАЩИТЬ ТЯЖЕЛОЕ
УВОЛОЧЬ	140441-V	БРАТЬ С СОБОЙ
УВОЛОЧЬ	115694-V	ВЕСТИ (СОПРОВОЖДАТЬ)
УВОЛОЧЬ	108870-V	УДАЛИТЬ, ОТДАЛИТЬ НА РАССТОЯНИЕ
УВОЛОЧЬ	115389-V	НЕСТИ С СОБОЙ
УВОЛОЧЬ	106817-V	ПРИНУДИТЬ, ЗАСТАВИТЬ
УВОЛОЧЬ	116244-V	УБЕДИТЬ, УГОВОРИТЬ
УВОЛОЧЬ	106938-V	ПЕРЕМЕСТИТЬ
УВОЛОЧЬ	121020-V	УВЕСТИ С СОБОЙ
УВОЛОЧЬ	115672-V	ДОСТАВИТЬ К МЕСТУ НАЗНАЧЕНИЯ
УЛЮЛЮКАТЬ	107093-V	ИЗДАТЬ ЗВУК
УЛЮЛЮКАТЬ	114103-V	ИЗДАВАТЬ, ИСПУСКАТЬ
УЛЮЛЮКАТЬ	107094-V	ПРОИЗНЕСТИ, ВЫГОВОРИТЬ, ПРОГОВОРИТЬ
УЛЮЛЮКАТЬ	107104-V	КРИЧАТЬ, ИЗДАВАТЬ КРИК
УЛЮЛЮКАТЬ	107105-V	КРИЧАТЬ, ГОВОРИТЬ ГРОМКО
УЛЮЛЮКАТЬ	114089-V	СМЕЯТЬСЯ (ИЗДАВАТЬ СМЕХ)
УЛЮЛЮКАТЬ	124590-V	РАЗРАЗИТЬСЯ (БУРНО ВЫРАЗИТЬ)
УЛЮЛЮКАТЬ	107106-V	ШУМЕТЬ, ИЗДАВАТЬ ШУМ
УЛЮЛЮКАТЬ	106876-V	ВЫСКАЗАТЬ
УЛЮЛЮКАТЬ	106456-V	ВЫРАЗИТЬ (ПОКАЗАТЬ)
УМЯТЬ	106631-V	ИЗМЕНИТЬ, СДЕЛАТЬ ИНЫМ
УМЯТЬ	107013-V	ГРЯЗНИТЬ, ПАЧКАТЬ
УМЯТЬ	106934-V	ЕСТЬ, ПРИНИМАТЬ ПИЩУ
УМЯТЬ	111369-V	ПОРТИТЬ, ДЕЛАТЬ ПЛОХИМ
УМЯТЬ	123758-V	ОБВАЛЯТЬ СО ВСЕХ СТОРОН
УМЯТЬ	106473-V	ОБУСЛАВЛИВАТЬ, СПОСОБСТВОВАТЬ
УМЯТЬ	111554-V	ЗАПАСТИ, ЗАГОТОВИТЬ
УМЯТЬ	111192-V	ДАВИТЬ, ЖАТЬ
УМЯТЬ	134800-V	ТАЩИТЬ НАСИЛЬНО
УМЯТЬ	128602-V	РАЗВЕСТИ В СТОРОНЫ
УСЛАЖДАТЬ	116921-V	ПЕРЕЖИТЬ, ИСПЫТАТЬ
УСЛАЖДАТЬ	116684-V	НРАВИТЬСЯ
УСЛАЖДАТЬ	114653-V	ДОСТАВИТЬ УДОВОЛЬСТВИЕ
УСЛАЖДАТЬ	106528-V	УДОВЛЕТВОРИТЬ ТРЕБОВАНИЯ, ЖЕЛАНИЯ
УСЛАЖДАТЬ	118594-V	ПРИВЛЕЧЬ ИНТЕРЕС, ВНИМАНИЕ
УСЛАЖДАТЬ	117696-V	УСПОКОИТЬ, ПРИВЕСТИ В СПОКОЙСТВИЕ
УСЛАЖДАТЬ	129710-V	ИЗМЕНИТЬ СОСТОЯНИЕ
УСЛАЖДАТЬ	114652-V	РАЗВЛЕЧЬ (ДОСТАВИТЬ УДОВОЛЬСТВИЕ)
УСЛАЖДАТЬ	149898-V	ВЫЗВАТЬ МЫСЛЬ, ЧУВСТВО
УСЛАЖДАТЬ	117099-V	ВООБРАЗИТЬ, ПРЕДСТАВИТЬ В МЫСЛЯХ
УТОНЧИТЬ	106637-V	УМЕНЬШИТЬСЯ
УТОНЧИТЬ	106629-V	ИЗМЕНИТЬСЯ, ИЗМЕНЕНИЕ
УТОНЧИТЬ	119625-V	СЛАБЕТЬ, ТЕРЯТЬ СИЛУ
УТОНЧИТЬ	116390-V	ИСКАЗИТЬ, ПРЕДСТАВИТЬ В ЛОЖНОМ СВЕТЕ
УТОНЧИТЬ	111493-V	ОСЛАБИТЬ (УМЕНЬШИТЬ СИЛУ)
УТОНЧИТЬ	106485-V	ПЕРЕСТАТЬ, ПРЕКРАТИТЬ (ЧТО-ТО ДЕЛАТЬ)
УТОНЧИТЬ	120955-V	ИЗМЕНЕНИЕ СОСТОЯНИЯ
УТОНЧИТЬ	141697-V	ПРЕДСТАВИТЬ В ВИДЕ
УТОНЧИТЬ	106633-V	УХУДШЕНИЕ
УТОНЧИТЬ	130806-V	РАЗЛОЖИТЬ (ДЕЗОРГАНИЗОВАТЬ, ДЕМОРАЛИЗОВАТЬ)
ФЛУОРЕСЦИРОВАТЬ	115570-V	ОБОГАЩЕНИЕ МАТЕРИАЛА, ПРОДУКТА
ФЛУОРЕСЦИРОВАТЬ	114041-V	ПРОФИЛАКТИКА
ФЛУОРЕСЦИРОВАТЬ	107458-V	КРАСИТЬ, ПОКРЫВАТЬ КРАСКОЙ
ФЛУОРЕСЦИРОВАТЬ	106501-V	ЗАНЯТИЕ, ДЕЯТЕЛЬНОСТЬ
ФЛУОРЕСЦИРОВАТЬ	112077-V	СОБРАТЬ В ОДНОМ МЕСТЕ
ФЛУОРЕСЦИРОВАТЬ	107325-V	ПОКРЫТЬ ПОВЕРХНОСТЬ
ФЛУОРЕСЦИРОВАТЬ	145755-V	НАПРАВИТЬ (ПРИДАТЬ, УКАЗАТЬ НАПРАВЛЕНИЕ)
ФЛУОРЕСЦИРОВАТЬ	106631-V	ИЗМЕНИТЬ, СДЕЛАТЬ ИНЫМ
ФЛУОРЕСЦИРОВАТЬ	106557-V	СОЕДИНИТЬ В ОДНО ЦЕЛОЕ
ФЛУОРЕСЦИРОВАТЬ	139819-V	НАСЫТИТЬ (УВЕЛИЧИТЬ КОНЦЕНТРАЦИЮ)
ХЛОРИРОВАТЬ	111435-V	НАСЫТИТЬ (НАПОЛНИТЬ В БОЛЬШОМ КОЛИЧЕСТВЕ)
ХЛОРИРОВАТЬ	112139-V	ОЧИСТКА ОТ ПРИМЕСЕЙ
ХЛОРИРОВАТЬ	106631-V	ИЗМЕНИТЬ, СДЕЛАТЬ ИНЫМ
ХЛОРИРОВАТЬ	110751-V	НАПОЛНИТЬ
ХЛОРИРОВАТЬ	115570-V	ОБОГАЩЕНИЕ МАТЕРИАЛА, ПРОДУКТА
ХЛОРИРОВАТЬ	106950-V	ПРЕВРАТИТЬ (ПРИДАТЬ ИНОЙ ВИД, КАЧЕСТВО)
ХЛОРИРОВАТЬ	106632-V	УЛУЧШИТЬ
ХЛОРИРОВАТЬ	112136-V	ПРОПУСТИТЬ (ДАТЬ ПРОНИКНУТЬ)
ХЛОРИРОВАТЬ	106534-V	ОБРАБАТЫВАТЬ, ПОДВЕРГАТЬ ОБРАБОТКЕ
ХЛОРИРОВАТЬ	110909-V	УДАЛИТЬ, ИСКЛЮЧИТЬ
ХРИСТОСОВАТЬСЯ	106501-V	ЗАНЯТИЕ, ДЕЯТЕЛЬНОСТЬ
ХРИСТОСОВАТЬСЯ	115598-V	ПРИЗНАТЬСЯ, СОЗНАТЬСЯ
ХРИСТОСОВАТЬСЯ	106587-V	ДВИЖЕНИЕ, ПЕРЕМЕЩЕНИЕ
ХРИСТОСОВАТЬСЯ	147141-V	ПРИНЯТЬ ВЕРУ
ХРИСТОСОВАТЬСЯ	115963-V	КАЯТЬСЯ (ПРИЗНАТЬСЯ)
ХРИСТОСОВАТЬСЯ	115509-V	ЦЕЛОВАТЬ
ХРИСТОСОВАТЬСЯ	119502-V	ШЕВЕЛИТЬСЯ, ИЗМЕНЯТЬ ПОЛОЖЕНИЕ ТЕЛА
ХРИСТОСОВАТЬСЯ	125423-V	КРЕСТИТЬ, ОСЕНИТЬ КРЕСТОМ
ХРИСТОСОВАТЬСЯ	120154-V	ПРИЗНАТЬ СВОЮ ВИНУ
ХРИСТОСОВАТЬСЯ	114793-V	ПРИКОСНУТЬСЯ, СЛЕГКА ДОТРОНУТЬСЯ
ЦИВИЛИЗОВАТЬ	106501-V	ЗАНЯТИЕ, ДЕЯТЕЛЬНОСТЬ
ЦИВИЛИЗОВАТЬ	7237-V	УПРАВЛЕНЧЕСКАЯ ДЕЯТЕЛЬНОСТЬ
ЦИВИЛИЗОВАТЬ	106629-V	ИЗМЕНИТЬСЯ, ИЗМЕНЕНИЕ
ЦИВИЛИЗОВАТЬ	129365-V	ПРИБЛИЗИТЬСЯ, УПОДОБИТЬСЯ
ЦИВИЛИЗОВАТЬ	7936-V	РЕФОРМА
ЦИВИЛИЗОВАТЬ	106632-V	УЛУЧШИТЬ
ЦИВИЛИЗОВАТЬ	106497-V	ИСПОЛЬЗОВАТЬ, УПОТРЕБЛЯТЬ
ЦИВИЛИЗОВАТЬ	151674-V	ОБРАБОТКА ПОЧВЫ
ЦИВИЛИЗОВАТЬ	106607-V	УПРАВЛЯТЬ, РУКОВОДИТЬ
ЦИВИЛИЗОВАТЬ	106646-V	ОТНОШЕНИЕ МЕЖДУ СУЩНОСТЯМИ
ЧАВКАТЬ	107093-V	ИЗДАТЬ ЗВУК
ЧАВКАТЬ	106934-V	ЕСТЬ, ПРИНИМАТЬ ПИЩУ
ЧАВКАТЬ	114103-V	ИЗДАВАТЬ, ИСПУСКАТЬ
ЧАВКАТЬ	106933-V	ГЛОТАТЬ ВНУТРЬ СЕБЯ
ЧАВКАТЬ	107094-V	ПРОИЗНЕСТИ, ВЫГОВОРИТЬ, ПРОГОВОРИТЬ
ЧАВКАТЬ	107404-V	УДАРИТЬ, НАНЕСТИ УДАР
ЧАВКАТЬ	113841-V	ВОРЧАТЬ (БОРМОТАТЬ)
ЧАВКАТЬ	150231-V	ВЫБРОСИТЬ ИЗ СЕБЯ
ЧАВКАТЬ	111775-V	ИЗМЕЛЬЧИТЬ, РАЗМЕЛЬЧИТЬ
ЧАВКАТЬ	111865-V	ПРОВЕСТИ ПО ПОВЕРХНОСТИ
ЧЕРТЫХАТЬСЯ	107094-V	ПРОИЗНЕСТИ, ВЫГОВОРИТЬ, ПРОГОВОРИТЬ
ЧЕРТЫХАТЬСЯ	107190-V	РУГАТЬ
ЧЕРТЫХАТЬСЯ	107093-V	ИЗДАТЬ ЗВУК
ЧЕРТЫХАТЬСЯ	108868-V	БОРМОТАТЬ
ЧЕРТЫХАТЬСЯ	120151-V	РУГАТЬСЯ, ВЫРУГАТЬСЯ
ЧЕРТЫХАТЬСЯ	113841-V	ВОРЧАТЬ (БОРМОТАТЬ)
ЧЕРТЫХАТЬСЯ	106876-V	ВЫСКАЗАТЬ
ЧЕРТЫХАТЬСЯ	117320-V	УТОМИТЬСЯ, УСТАТЬ
ЧЕРТЫХАТЬСЯ	115825-V	ДЫХАНИЕ, ДЫХАТЕЛЬНЫЙ ПРОЦЕСС
ЧЕРТЫХАТЬСЯ	114103-V	ИЗДАВАТЬ, ИСПУСКАТЬ
ЧОКАТЬСЯ	106932-V	ПИТЬ, ГЛОТАТЬ ЖИДКОСТЬ
ЧОКАТЬСЯ	106933-V	ГЛОТАТЬ ВНУТРЬ СЕБЯ
ЧОКАТЬСЯ	111615-V	ЗАБОЛЕТЬ БОЛЕЗНЬЮ
ЧОКАТЬСЯ	115221-V	ВОБРАТЬ В СЕБЯ
ЧОКАТЬСЯ	117709-V	ПИТЬ СПИРТНОЕ
ЧОКАТЬСЯ	106934-V	ЕСТЬ, ПРИНИМАТЬ ПИЩУ
ЧОКАТЬСЯ	110719-V	ЛИТЬ ЖИДКОСТЬ
ЧОКАТЬСЯ	112145-V	КОНЧИТЬ, ЗАВЕРШИТЬ ДО КОНЦА
ЧОКАТЬСЯ	112265-V	ЦЕДИТЬ (МЕДЛЕННО ПИТЬ)
ЧОКАТЬСЯ	120956-V	ВПАСТЬ В СОСТОЯНИЕ
ШТОПАТЬ	106557-V	СОЕДИНИТЬ В ОДНО ЦЕЛОЕ
ШТОПАТЬ	113291-V	СШИВАТЬ
ШТОПАТЬ	110795-V	ПРИШИТЬ (ПРИКРЕПИТЬ)
ШТОПАТЬ	106493-V	СОЗДАТЬ (СДЕЛАТЬ СУЩЕСТВУЮЩИМ)
ШТОПАТЬ	111576-V	ЗАШИТЬ ДЫРУ
ШТОПАТЬ	116799-V	НАШИТЬ СВЕРХУ
ШТОПАТЬ	106495-V	ИЗГОТОВИТЬ, ВЫРАБОТАТЬ
ШТОПАТЬ	111568-V	ЗАДЕЛАТЬ ОТВЕРСТИЕ
ШТОПАТЬ	107010-V	МЫТЬ ОТ ГРЯЗИ
ШТОПАТЬ	123938-V	НОШЕНИЕ ОДЕЖДЫ, ОБУВИ
